File,Label,Start Sample,End Sample,Duration,Feature_0,Feature_1,Feature_2,Feature_3,Feature_4,Feature_5,Feature_6,Feature_7
filtered_HC280963_segment_1.wav,PSW,10,90,0.0072562358276643995,3226.422137124868,1290.1433608298462,-59.5606329855018,266.71548710372156,-6.8866560418369,70.03576434611847,-0.8778285963727342,35.52153874097614
filtered_HC280963_segment_1.wav,PSW,90,180,0.00816326530612245,3573.2389517745896,1329.0638575329078,-13.897174815744808,101.07551953376087,-12.776932592882666,71.1556112858541,-1.5445150818244553,33.5989660481756
filtered_HC280963_segment_1.wav,PSW,539,636,0.008798185941043084,2792.1909139855206,2030.3679971783781,49.922238541605246,205.85665733898963,-9.561344137521194,93.2012146060458,-0.0874357954234668,36.56601584282483
filtered_HC280963_segment_1.wav,PSW,636,687,0.004625850340136055,3316.3515871172185,510.1777583063469,19.032880227578318,81.73753346638102,4.237189157592498,38.358882457691706,0.0,0.0
filtered_HC280963_segment_1.wav,PSW,741,788,0.004263038548752834,2380.99813453298,766.1276212697992,-15.548193931880647,102.46451795580064,-0.552451414841243,42.85668856168387,0.0,0.0
filtered_HC280963_segment_1.wav,PSW,817,893,0.006893424036281179,2998.6020117750745,2139.6737918019226,-142.46567798256652,525.0881719941708,17.097885721725277,158.8839394147231,-6.667756203822034,45.350963757418654
filtered_HC280963_segment_1.wav,Fibrillation,777,839,0.005623582766439909,2253.9551118990844,1189.8762701238763,-52.75650759252192,1062.5884581105715,15.376125515456849,522.4000185138034,22.41183282539049,149.71150367538277
filtered_HC280963_segment_1.wav,Fibrillation,3628,3697,0.006258503401360544,-2031.7712360738035,1286.6005800147275,98.27018309589253,939.8841569087639,-31.262987612477062,254.90928167960178,24.74996885407827,85.09925891596828
filtered_HC280963_segment_1.wav,PSW,3668,3758,0.00816326530612245,-2253.1642374951857,815.2287216951064,-39.93855858743279,224.87063561691073,23.2920533039427,79.90900491446135,6.105920838991025,38.63287973911125
filtered_HC280963_segment_1.wav,PSW,3990,4059,0.006258503401360544,-2976.499342438737,706.1191287054613,38.689412728191414,120.08672178176882,-0.2545587625684506,37.21754769534003,0.40120897839680525,31.454207616992345
filtered_HC280963_segment_1.wav,PSW,4185,4276,0.008253968253968255,-4523.0316217349855,667.4012943165885,20.891075543434603,87.11624574793719,-3.439922115565484,52.075874454791084,-3.1763674560198507,27.228360325549538
filtered_HC280963_segment_1.wav,PSW,4337,4453,0.01052154195011338,-4895.0102439324055,811.2158989904153,2.418087657739527,145.91948290419288,-8.8419781311455,106.77595309832355,1.7223920644618427,61.87694831810254
filtered_HC280963_segment_1.wav,PSW,4967,5075,0.009795918367346938,-720.9914478837061,982.5887783855221,1.8746445789416668,117.00036539112747,-3.502207251314151,52.45679036709868,1.7321053779929731,42.91092633212385
filtered_HC280963_segment_1.wav,PSW,5075,5224,0.013514739229024943,-1347.2415338616295,2767.0416721187926,-138.9853557216624,1117.6135947182115,16.735239013954125,433.97065398815926,-1.1237950302033075,141.51805960524726
filtered_HC280963_segment_1.wav,PSW,5242,5336,0.008526077097505668,128.03559968682615,713.7631637810058,6.44638189185462,137.6095708564618,4.479523988613294,57.938551073671604,-0.03850461516199786,38.738592195597036
filtered_HC280963_segment_1.wav,PSW,2854,2977,0.011156462585034013,-5270.306648167602,3474.5008947028937,-184.25162576167006,1208.1325363549402,24.056140391411414,408.41664690926024,3.8711369021334665,137.67503349736432
filtered_HC280963_segment_1.wav,PSW,3129,3241,0.010158730158730159,-713.8492933635049,1264.8161124101243,1.2442567452591111,317.62078253121587,-13.193256636514835,137.82143708804935,-11.47020332449813,58.217709445254904
filtered_HC280963_segment_1.wav,PSW,2101,2228,0.011519274376417234,-4306.130546953218,1015.9499940709692,10.00389910276804,187.25700652572712,2.025503613829723,72.3104584512806,-8.234845454141299,58.16305130061935
filtered_HC280963_segment_1.wav,PSW,2351,2460,0.009886621315192743,-2013.3823975104744,920.4781215851126,-8.408558058531867,202.2329236095198,16.948661719590426,98.00561465478823,-1.1687002150672285,63.704139918444454
filtered_HC280963_segment_1.wav,PSW,1494,1624,0.011791383219954649,-12505.994992359367,6697.55149474584,7.215225433791498,514.9770276629079,-6.988230076155679,118.6444984893448,-2.448899783219766,68.02639059807146
filtered_HC280963_segment_1.wav,PSW,1638,1740,0.00925170068027211,-10273.240926066455,1259.5102675935843,307.7218888836636,1311.0946626097666,-48.772265621373386,552.3473757320288,0.11419350799555378,61.34548527456645
filtered_HC280963_segment_1.wav,Fibrillation,1584,1678,0.008526077097505668,-12167.999383577,934.4769852592149,166.77951088807163,1060.7400649955437,10.823216453518494,189.92395654948157,-4.0439349511410105,74.575242226858
filtered_HC280963_segment_1.wav,Fibrillation,6743,6826,0.007528344671201814,-2947.4756935842724,1447.2088670368407,31.92456833625816,979.7025638819966,15.441924009205746,451.19763104795203,-10.48941566629215,46.63013291810288
filtered_HC280963_segment_1.wav,PSW,6798,6873,0.006802721088435374,-3556.809811564138,932.4872001871183,-84.41339723172999,256.9079988532026,12.096351156017398,115.1580585584696,-4.454455804490846,36.92740689599109
filtered_HC280963_segment_1.wav,PSW,6960,7036,0.006893424036281179,-1731.3362370395146,677.7086957834032,-36.118507887857255,265.1905211735746,5.837897370935669,56.525511411554504,-1.688548506564309,37.468420458657505
filtered_HC280963_segment_1.wav,PSW,7351,7460,0.009886621315192743,-2543.4763183378222,2535.90228865507,50.98512392623268,196.8625935773862,-4.110423580044165,63.399151699714494,3.49437231256825,37.855725945017156
filtered_HC280963_segment_1.wav,PSW,8277,8331,0.004897959183673469,-3057.565392616366,606.6880659001868,3.075017790236726,71.11207621984013,-1.0328053570461804,41.51470404159104,0.0,0.0
filtered_HC280963_segment_1.wav,PSW,8331,8418,0.007891156462585034,-4287.720364269348,1183.6012930144514,-34.04465012324813,109.19293540347155,10.550151899126819,46.76890092760396,0.5219798454914696,32.10661948053634
filtered_HC280963_segment_1.wav,PSW,8910,9001,0.008253968253968255,-4076.9402380162414,782.5477378734668,-16.099673024844552,214.2121946345033,5.556272933094986,54.439173156074695,1.1056949245289243,41.53208516733356
filtered_HC280963_segment_1.wav,PSW,9594,9685,0.008253968253968255,-3399.8535246384695,2431.552909282258,17.789823711965543,597.0723812504879,-1.003174187043365,133.83215685933018,-0.1490749130372799,44.02767665405487
filtered_HC280963_segment_1.wav,PSW,9533,9601,0.006167800453514739,-3763.1835185992063,1028.2768952049012,265.20954940155116,1303.7622517775362,-37.83700554392984,437.8612764106914,8.955652513573671,46.965229037293625
filtered_HC280963_segment_1.wav,PSW,10245,10307,0.005623582766439909,-5247.939417323122,588.673802200064,-21.401214537803313,110.72079051937565,8.396732909004653,42.720692024538174,-0.8887646237348509,35.26087385742871
filtered_HC280963_segment_1.wav,PSW,10307,10397,0.00816326530612245,-4632.427856407761,882.6012189998023,-27.399867075209198,124.23013451791881,-10.138456302129311,61.787863570864005,-4.11203071167235,43.521409486537564
filtered_HC280963_segment_1.wav,Fibrillation,9507,9580,0.0066213151927437645,-3485.050205373414,1401.1061758855765,-151.20720555803712,539.6548977103026,23.061219391478655,99.78359915169789,3.250815838866811,64.33569942716592
filtered_HC280963_segment_1.wav,PSW,5593,5727,0.012154195011337868,-4227.822505869789,1212.3644329024446,-15.183024372143723,430.453983318346,-5.496113965319763,101.99627726423813,2.433862440983635,62.93970418721704
filtered_HC280963_segment_1.wav,PSW,6240,6349,0.009886621315192743,-3510.901180128183,799.070439248061,12.24401526472243,105.1031148955965,-10.322861438812787,50.23358525331613,-1.6961225538944125,46.655075368688976
filtered_HC280963_segment_1.wav,PSW,6349,6425,0.006893424036281179,-2797.369251663267,1064.700035399981,-6.36994419464362,173.83325006594706,-4.854268882486547,69.45344929459617,-6.256172800241274,38.934348608687564
filtered_HC280963_segment_1.wav,PSW,6418,6497,0.007165532879818594,-1461.245067535392,493.2366688338401,28.499368565311404,173.08298897743313,-2.733475256644395,58.289731079545916,3.258840876898922,31.568861241464006
filtered_HC280963_segment_1.wav,PSW,4775,4840,0.0058956916099773245,-768.189279542353,1137.6711156382328,30.831070166236003,189.15535339586984,-17.502938366969076,122.58193030341798,0.5321510135714517,35.96704559529122
filtered_HC280963_segment_1.wav,PSW,6895,6968,0.0066213151927437645,-1648.2385959300057,314.28529296243846,12.757685772228907,118.16270665054166,-0.4902253533279583,68.07562951656709,1.172185672193951,38.187416040960706
filtered_HC280963_segment_1.wav,PSW,11785,11931,0.013242630385487529,-6393.621897348291,2841.2455447558855,181.4266698438576,870.6271121876205,13.281604851766273,342.08632900094534,8.14032682200979,165.96150248155035
filtered_HC280963_segment_1.wav,PSW,12146,12264,0.01070294784580499,-6453.8887221650375,1173.7992982812782,-13.328127496533575,192.93372272319277,-35.65007248520752,106.66152019619359,-1.5550618088984716,74.36697499057559
filtered_HC280963_segment_1.wav,PSW,12264,12378,0.010340136054421769,-5969.148878827477,627.5738630576523,14.778725941353892,272.4054218428995,8.912991911822857,102.22589616049352,3.4458622370247984,57.8996849425291
filtered_HC280963_segment_1.wav,PSW,12655,12795,0.012698412698412698,-6381.714977587871,1069.79525017078,-6.871232369685973,220.4215526330986,1.707691803257574,171.55324542817655,1.1701070626690917,75.07134384841982
filtered_HC280963_segment_1.wav,PSW,14059,14166,0.009705215419501133,-5733.944814407817,3094.8806752687383,35.31705606454275,283.09675411630064,3.563958820734591,100.08054484083746,-0.6457003058076171,50.332267977940454
filtered_HC280963_segment_1.wav,PSW,18411,18521,0.009977324263038548,-4894.041863032246,2669.0990399515554,-4.134385321285027,266.2851885767372,8.75644882157915,125.29383641688804,-0.20324136583234004,41.79769813846653
filtered_HC280963_segment_1.wav,PSW,18228,18329,0.009160997732426304,-4942.131102741939,820.8286979995438,-17.31996254453462,86.94265731103079,4.007635808148503,79.28898907693812,1.9306102700418089,36.229399696614344
filtered_HC280963_segment_1.wav,PSW,18108,18218,0.009977324263038548,-5822.021602917274,869.4626337859314,17.63794343123663,94.87596231971824,1.3216405608667667,50.609455433538095,2.797958468570751,46.56814669811946
filtered_HC280963_segment_1.wav,PSW,15919,16049,0.011791383219954649,-7272.444434462259,864.2776793653936,0.9483868216080599,124.7630586999976,-8.525251406762807,104.17196452301238,0.8154144748403898,74.16664758345644
filtered_HC280963_segment_1.wav,PSW,16228,16329,0.009160997732426304,-6576.062635360074,2591.320298782338,-32.165700417489866,626.1325981177991,8.91271751278672,101.50345786083672,1.794031634691523,36.98410450757503
filtered_HC280963_segment_1.wav,PSW,16322,16404,0.007437641723356009,-3216.1996049032714,1162.394265610632,19.499276690504864,143.0298947899267,-18.962084419502418,62.352745122689456,-0.24194525110074672,30.69669643292673
filtered_HC280963_segment_1.wav,PSW,10811,10918,0.009705215419501133,-4482.675896311317,808.2993583859968,13.558825572119058,96.74008761965368,16.173939541565126,92.23676378958709,0.06559567411059425,33.5816490432015
filtered_HC280963_segment_1.wav,PSW,10990,11114,0.011247165532879818,-4922.863354071596,966.4607699152899,19.566618745171446,293.7769457843184,-31.718980246982067,117.41259474064826,-5.388668852532687,57.28341790327877
filtered_HC280963_segment_1.wav,PSW,13603,13730,0.011519274376417234,-7243.23686530031,800.4032681385912,15.588901036551492,116.82467383852453,10.220491910759701,81.80760185025962,-7.061041964768018,60.86845965639993
filtered_HC280963_segment_1.wav,Fibrillation,10687,10782,0.008616780045351474,-5360.176477703096,1205.933624728578,5.47205528596896,840.4953447352163,29.468109618456637,364.65872449329447,-0.010682522219945258,38.498695705407684
filtered_HC280963_segment_1.wav,Fibrillation,14749,14860,0.010068027210884354,-6670.3818723271415,1427.4632240420801,-68.27446714647415,606.9609129233751,-6.208403922765294,278.36711479104673,0.7610181333290194,44.548214960635036
filtered_HC280963_segment_1.wav,Fibrillation,17254,17378,0.011247165532879818,-9563.07885439166,1186.7675736661486,56.322165994840915,556.2947336143358,133.34330777380544,849.0706019542743,12.249095050568716,81.27089038931597
filtered_HC280963_segment_1.wav,PSW,17814,17938,0.011247165532879818,-8720.165416719958,841.0387217475296,-2.969408986730341,250.52038191674163,16.094061305754053,77.84950688870686,-6.9585805372671246,73.1187878776342
filtered_HC280963_segment_1.wav,PSW,17290,17394,0.00943310657596372,-7614.292957102938,2039.9391279879876,18.05314216431523,700.329325588096,24.260832776386064,130.51582108948128,2.2656615426687186,58.1713287262692
filtered_HC280963_segment_1.wav,PSW,10729,10804,0.006802721088435374,-6820.551642456111,1904.0521477116638,47.667398836688626,904.0212113020849,1.5485963191076273,182.91829311577598,-5.097110447284737,36.96489877099797
filtered_HC280963_segment_1.wav,PSW,14785,14879,0.008526077097505668,-7703.383607606442,1571.2334481484418,-7.621624250248819,761.6054524333243,-0.6871699910170891,301.61809385783596,1.8642806828900462,43.02303383049636
filtered_HC280963_segment_1.wav,PSW,15368,15469,0.009160997732426304,-5845.4900768376065,363.2473860163926,26.190089506288004,131.48153651872076,-1.9166535420366038,41.24691293228225,-1.776831924511694,34.52797612751956
filtered_HC280963_segment_1.wav,PSW,16547,16648,0.009160997732426304,-4185.381560486783,796.1538156837289,8.680879670264407,83.62239155939261,-8.603641349538242,72.6862192326725,-2.6276596636214955,42.51321971460495
filtered_HC280963_segment_1.wav,PSW,18769,18854,0.007709750566893424,-6592.27267433317,663.8021379445207,-3.1406763934011828,67.50135535703953,3.82437671805846,49.95859359103113,-6.103968793110297,36.74204276591942
filtered_HC280963_segment_1.wav,PSW,22715,22851,0.012335600907029478,-6180.288536868923,2993.0992235192452,-89.59538804666727,959.9842656184792,-8.915923809945966,489.060653316857,-7.945644257994101,86.15845837174255
filtered_HC280963_segment_1.wav,PSW,20586,20690,0.00943310657596372,-6614.61824924432,2450.337124748802,12.64778708271952,436.5081404050677,-0.5424461713720412,120.59255262635541,1.6202490145027995,43.55944640609266
filtered_HC280963_segment_1.wav,PSW,19698,19779,0.007346938775510204,-6121.092843674953,680.5520190311972,-8.668259830329852,84.23859495077879,-2.4907967139118172,72.93708649466929,-1.8803063602785033,41.58735215199635
filtered_HC280963_segment_1.wav,PSW,19549,19643,0.008526077097505668,-6848.8408731791005,518.6163284329972,23.28808156170989,123.80311471305762,-19.89853701322165,43.21065568552122,-5.3265978828670315,31.474284704862917
filtered_HC280963_segment_1.wav,PSW,19876,19957,0.007346938775510204,-5880.2305144507445,789.5190814507155,19.385141083280267,79.98959663208423,4.070825016213165,72.74202743381689,1.9939830744298332,56.43188043577767
filtered_HC280963_segment_1.wav,PSW,20223,20285,0.005623582766439909,-7444.437696569375,983.1410732338575,17.731281687851734,123.98027202664184,17.374197920439467,65.62711424240295,-1.2228280487328917,45.97728477901117
filtered_HC280963_segment_1.wav,PSW,20278,20356,0.007074829931972789,-7826.7406305260365,1276.6969657768054,-31.239003626985394,764.5478735122545,13.135615722188609,416.2476552673293,6.9643701892532945,45.714535067756415
filtered_HC280963_segment_1.wav,Fibrillation,20246,20327,0.007346938775510204,-8308.623051201317,1063.3097524873751,-45.69299029894583,745.8176353329986,13.070658873586392,410.7635705815252,7.348455146763872,50.85253391106758
filtered_HC280963_segment_1.wav,Fibrillation,22495,22566,0.006439909297052154,-6209.03010454028,1388.9949067459117,-121.55924581446288,464.3999182900349,-11.901007422703838,351.23665432736067,-2.793499438861012,77.24319807655225
filtered_HC280963_segment_1.wav,PSW,22530,22602,0.006530612244897959,-5164.19566397809,1498.0105695602751,73.86925141365437,309.11151991687,-93.64394807256762,367.79745505496084,6.604720697732018,50.1958578794507
filtered_HC280963_segment_1.wav,PSW,23383,23483,0.009070294784580499,-5052.794386024128,970.388131240761,-11.327336264732544,180.4719081230653,18.616009634870036,76.22659842632464,0.24599601296281354,41.214290311710315
filtered_HC280963_segment_1.wav,PSW,23677,23794,0.010612244897959184,-4073.8202349018084,1032.4977651388326,23.606690397594985,177.75475124279615,-19.056857303598488,80.3993645149207,-20.234999185977045,74.16672126087077
filtered_HC280963_segment_1.wav,PSW,23515,23580,0.0058956916099773245,-3570.169695616979,463.8731137968192,43.214575968231465,123.6521536132115,11.604716604301283,56.701891895882994,-2.323221218210236,40.65942617723499
filtered_HC280963_segment_1.wav,PSW,23580,23671,0.008253968253968255,-3142.454868153053,437.6300963567131,1.5853418617276493,101.01419996196448,22.843866898042762,74.0579508637045,1.47891486932311,36.072077352867474
filtered_HC280963_segment_1.wav,PSW,24125,24225,0.009070294784580499,-4895.050067397639,957.5252638235497,11.109582199303077,103.02569975851762,13.449631533262936,56.77575358626635,2.0495925242492823,43.11207398109137
filtered_HC280963_segment_1.wav,PSW,24834,24961,0.011519274376417234,-7739.887847346965,2663.36263143455,-158.2970342759394,1411.9208476066835,20.608488709653365,181.91279641157388,6.724660533697979,65.05464255213917
filtered_HC280963_segment_1.wav,PSW,25103,25184,0.007346938775510204,-3393.2577758280013,760.2686592209645,-11.987865015597857,160.14888742067828,6.420737682357653,61.821299706662,2.831608898058101,29.42581995416697
filtered_HC280963_segment_1.wav,PSW,25213,25346,0.012063492063492064,-4369.522366987197,1056.6472027703219,11.049427392334549,270.20172950560055,-16.16822829997058,123.01042242220375,-10.163377756044113,74.32737846385135
filtered_HC280963_segment_1.wav,PSW,21480,21561,0.007346938775510204,-6486.585481278949,722.1487053742667,-33.687750522286244,97.49036643406794,1.547447293473271,82.39633220380158,-2.0588760173971727,54.325822929582465
filtered_HC280963_segment_1.wav,PSW,21561,21636,0.006802721088435374,-7045.069502763215,929.1724741352623,18.773102758760768,120.32304076306201,-9.569590637446607,53.82080188373969,0.13865756292373407,44.02530992788886
filtered_HC280963_segment_1.wav,PSW,21636,21730,0.008526077097505668,-5847.063874188991,813.2010542125854,1.54585484325544,81.23343856841599,-2.5419232023497496,62.615341630134644,2.7190698352113225,41.0958396012592
filtered_HC280963_segment_1.wav,PSW,22154,22297,0.012970521541950114,-9008.286709038473,1245.0609549344015,-18.770652204561557,377.0462279041449,-20.687106278562577,95.25775530993738,11.395684053466116,68.06798422502104
filtered_HC280963_segment_1.wav,PSW,26060,26211,0.013696145124716553,-5517.576651434674,1368.039812637577,-5.130560428794933,332.05639750419124,-21.288441905285055,91.34112220969556,0.7909938982283597,68.35024058593207
filtered_HC280963_segment_1.wav,PSW,31173,31299,0.011428571428571429,-3779.792146979888,3093.3970218895333,74.66716005156464,533.2812413594719,-28.709625572561794,437.78057267267934,-5.499674607199914,94.38303972024649
filtered_HC280963_segment_1.wav,PSW,33215,33407,0.017414965986394557,-3815.5839470061514,3042.8140034576045,-136.40893885437677,1153.8511388215359,7.633063370693439,148.20507871464505,-3.037767689785441,87.95603399807457
filtered_HC280963_segment_1.wav,PSW,33628,33743,0.010430839002267574,-2265.381379795896,1674.1913256003847,-8.369900218172527,434.36161444380235,5.049269416331952,167.69224342985976,-7.752518342713368,58.84963828236051
filtered_HC280963_segment_1.wav,PSW,34270,34406,0.012335600907029478,-4584.24129967262,1022.5223014385953,4.827853353491306,253.42252080278806,12.12666115636829,82.55081726874509,-10.751985259499119,69.78399281916307
filtered_HC280963_segment_1.wav,PSW,35269,35412,0.012970521541950114,-4527.268277177072,2882.6977494049315,-70.84314432305902,898.9958481488951,-2.389564213591999,427.149686476887,1.141883448200552,66.90412668331642
filtered_HC280963_segment_1.wav,PSW,35405,35475,0.006349206349206349,-671.6825208268012,537.5504115249896,-16.51171356957921,79.66027565511274,3.293381561214915,58.80972359616502,4.133092287463091,43.65902411628967
filtered_HC280963_segment_1.wav,PSW,35475,35534,0.005351473922902495,-351.5043568077392,516.9674587343454,16.935586938057615,131.25468340119878,-7.021628258769104,47.5313221302657,5.24301924208057,32.76933539026637
filtered_HC280963_segment_1.wav,PSW,35534,35615,0.007346938775510204,-566.8861423113699,972.6302796995893,-22.000234089267884,133.18690219965,-5.498701137797834,72.94966041113948,-7.114881737122894,33.85010779862219
filtered_HC280963_segment_1.wav,PSW,29105,29219,0.010340136054421769,-4749.692153662316,3127.40001781535,1.765330273401184,895.3016774165349,-65.0959027409853,476.98498126593546,9.401004667216046,74.09904036306942
filtered_HC280963_segment_1.wav,PSW,28858,28972,0.010340136054421769,-5326.32386824846,922.5753159752365,-27.680188443981805,302.287608632692,9.929421781413769,57.63778650120397,-1.7833885953659425,74.7237149445441
filtered_HC280963_segment_1.wav,PSW,28431,28530,0.008979591836734694,-3538.093452951297,420.5558258593137,18.524818237339776,65.60802260664492,8.421623098101774,70.49095922085091,-1.381930257097435,36.19695431205599
filtered_HC280963_segment_1.wav,PSW,28530,28633,0.009342403628117914,-3460.2833186033686,759.5454924455992,20.928062458450512,75.20604195292272,-9.55805190388998,70.72015086510062,-3.252450725308008,28.794527111880925
filtered_HC280963_segment_1.wav,PSW,27973,28088,0.010430839002267574,-4495.791099399813,1178.1638150457181,55.54592760184993,140.0867563447799,-1.233460171227398,84.96519299942665,1.8702047873381222,76.5018827522634
filtered_HC280963_segment_1.wav,PSW,26978,27074,0.008707482993197279,-4637.573143952674,2175.165565234404,-37.67490384867042,453.1263630820054,-4.65311914212538,80.74076642895493,3.526211478032086,33.72823117655599
filtered_HC280963_segment_1.wav,PSW,32452,32633,0.016417233560090703,-5118.806371167358,1006.3794089345628,-17.09377601519937,312.7750257370984,-18.67419055364704,85.08581288426151,6.38606459659388,54.419966007636845
filtered_HC280963_segment_1.wav,PSW,31778,31910,0.01197278911564626,-2671.262088985349,1271.3500686879113,-2.759421126929586,352.1029939848231,18.218015643118697,106.51742064543896,-4.93230754342715,70.08534620789072
filtered_HC280963_segment_1.wav,PSW,31936,32069,0.012063492063492064,-2229.5124140694998,956.36561461753,-59.521760247498165,272.7165160791109,-15.277326077120751,116.56526372116626,5.914818081564699,55.809993674077454
filtered_HC280963_segment_1.wav,PSW,31534,31660,0.011428571428571429,-2898.4584309842285,863.041563155854,69.53504734942851,176.7157685946896,-23.974506751878415,110.48368399907702,2.459957496959362,65.55894075110287
filtered_HC280963_segment_1.wav,PSW,30683,30782,0.008979591836734694,-3645.1467361872224,811.5233316009011,3.3574822454472533,130.92782426359753,8.099870771809556,84.50037057473465,5.543759676903471,40.56983795357909
filtered_HC280963_segment_1.wav,Fibrillation,26904,26986,0.007437641723356009,-4910.500618839713,1018.7517317095951,137.57774959460545,1035.6384508191754,14.099315557147056,460.1297786723227,11.237704316155089,90.22012707720927
filtered_HC280963_segment_1.wav,PSW,26783,26923,0.012698412698412698,-6541.821446185399,743.865605515646,-12.960178558811615,266.9372706363458,-5.016250933041264,104.9724289297707,10.75279387912622,60.749498160708136
filtered_HC280963_segment_1.wav,PSW,26901,27030,0.011700680272108844,-7455.472401008856,3265.222018818259,310.49801434932,1465.8298190192404,31.87432244379788,539.0255287392417,18.691037340468075,416.07097311820377
filtered_HC280963_segment_1.wav,PSW,29865,30001,0.012335600907029478,-4797.869752048918,1164.4611915745536,10.637395981095874,225.66852129128952,19.08406826921799,84.44211743330428,6.042150226078173,68.04358749737571
filtered_HC280963_segment_1.wav,PSW,30233,30388,0.014058956916099773,-5599.569560729415,870.0554310242835,-8.529618311477396,331.77807109594863,22.235103162623677,88.83685100320893,1.2722978605666042,66.8201891233931
filtered_HC280963_segment_1.wav,PSW,41058,41179,0.010975056689342403,-5122.768678171817,1434.4875527560991,31.845545465620837,98.25800353332664,1.1847159696815794,58.012476682758795,5.124064855986477,51.8721673385769
filtered_HC280963_segment_1.wav,PSW,41179,41312,0.012063492063492064,-3162.0329945248045,891.9466762538151,-7.68999286573481,162.6491001632455,2.5747793789138274,85.86332467452381,5.044210371260441,71.5190801876597
filtered_HC280963_segment_1.wav,PSW,41312,41378,0.00598639455782313,-2223.797149446878,388.7127311559388,-6.875063653700825,131.07694819592612,-11.953127263341454,73.79332009005365,4.89981352137579,42.98988888052929
filtered_HC280963_segment_1.wav,PSW,41378,41488,0.009977324263038548,-1765.5263817868001,3077.9636253141466,5.12208059339283,375.5155271070869,18.968356799628623,77.22418589878282,-0.3803908177910684,49.08722456490007
filtered_HC280963_segment_1.wav,PSW,37285,37403,0.01070294784580499,-8300.969390279006,2653.3881305069426,-197.70339781218445,1194.0613970201377,-36.21159683808061,338.1379600022211,-3.7439772172814245,99.34107208702272
filtered_HC280963_segment_1.wav,PSW,37395,37481,0.007800453514739229,-3692.4663808789346,1583.022636689321,32.096668907039906,154.9336914647808,11.442468653021344,68.87935224183761,-5.103189332236067,48.10395765871332
filtered_HC280963_segment_1.wav,PSW,37805,37923,0.01070294784580499,-3242.100228089258,984.9978274014203,24.116829889015094,164.67922299664636,9.185397173090255,97.41712746615674,-4.103182203535554,82.10058812731268
filtered_HC280963_segment_1.wav,PSW,43372,43470,0.008888888888888889,-1488.9704713080632,2516.559942510035,14.754528212818647,231.0301858449758,9.229341009406944,71.78496330963912,1.684696983876544,42.84572134006608
filtered_HC280963_segment_1.wav,PSW,43118,43196,0.007074829931972789,-2780.7122206871577,651.2798276070507,-16.20506273971997,129.5554167005139,-4.973506391586635,63.88009016931071,-3.9666682744296637,30.286719373177124
filtered_HC280963_segment_1.wav,PSW,43184,43259,0.006802721088435374,-2612.259473307996,610.6821912448286,-3.034365524410336,103.78257432367096,-3.5809820966051276,47.81088747270512,-2.8380291561013675,33.952429627169494
filtered_HC280963_segment_1.wav,PSW,43235,43364,0.011700680272108844,-2403.902127726948,855.431466097473,9.924318123368902,221.10845248936343,1.1790285283965216,71.05405616026441,2.063790125351324,76.11839617278227
filtered_HC280963_segment_1.wav,PSW,42876,43055,0.016235827664399093,-5663.6379865630715,1211.9680681354575,33.797279873237464,110.37313598536707,2.00461753968492,81.36895472040759,-8.77293631508959,59.45543369059781
filtered_HC280963_segment_1.wav,PSW,39185,39248,0.005714285714285714,-1922.9553972254178,453.8331874451457,-15.878089842641554,129.81880691699305,15.087956911959813,63.68565533185581,-0.7177674298481431,26.38734966238986
filtered_HC280963_segment_1.wav,PSW,39224,39306,0.007437641723356009,-3086.327593580826,1119.8664188042762,7.760776864023612,155.14078546723542,-3.6114620458635205,68.3254993275842,0.9644790403692386,44.85009177049971
filtered_HC280963_segment_1.wav,PSW,39295,39373,0.007074829931972789,-2471.30719280857,794.8616830685356,9.614597725486181,158.66367797382787,-1.647243063409645,80.87653550153742,-4.245946790317579,34.372111229850034
filtered_HC280963_segment_1.wav,PSW,39346,39482,0.012335600907029478,-2322.7988170117515,3550.158718724969,-159.00460138062797,1089.121812977983,42.26932555010718,282.56139492656376,2.6256420387045476,101.6159022555796
filtered_HC280963_segment_1.wav,PSW,39576,39733,0.014240362811791384,957.245802837456,1498.6357202127822,-9.509443389650581,237.75848384650683,-12.896627207624364,90.96159497829429,-4.996664743318591,61.60544398545814
filtered_HC280963_segment_1.wav,PSW,38646,38818,0.015600907029478459,-7006.5614982411735,737.5029726284129,31.491166586364255,208.4202302560437,-14.441534304946416,89.67956634633244,-2.509127670834408,60.13182072673015
filtered_HC280963_segment_1.wav,PSW,40381,40522,0.012789115646258504,-5068.164802939197,725.4969469977351,18.513109567952775,238.88492034171566,12.976506197092096,106.86687731755957,-2.1592017856683574,60.07549236028173
filtered_HC280963_segment_1.wav,PSW,32919,33056,0.012426303854875283,-4954.157076902738,811.2185956605928,10.118438489704022,58.73569282831932,-26.28659642372222,85.62418046114848,4.362228238678115,73.24706556451228
filtered_HC280963_segment_1.wav,PSW,36034,36163,0.011700680272108844,-5336.0039797196805,907.1922413431699,27.756679324483333,147.67681415436948,4.1194025934037315,116.7399236316963,11.9189568878035,76.28194390366284
filtered_HC280963_segment_1.wav,PSW,36367,36535,0.015238095238095238,-3616.946389979194,772.9411000948033,-41.69342645308274,253.06675028169627,12.862358274905048,76.39053344642062,-4.976616833861859,65.59759247466692
filtered_HC280963_segment_1.wav,PSW,37020,37137,0.010612244897959184,-6637.922203187983,932.6278563082575,56.92176593217595,156.8519896663767,-1.6232392740613257,76.49171606719308,-6.781854850058773,62.56961159272714
filtered_HC280963_segment_1.wav,PSW,42074,42191,0.010612244897959184,-3900.9109157406833,747.0969071431573,-12.750422511042133,309.11322505619006,-22.79038345169063,80.23530768926386,0.6689807941360855,50.00677721532293
filtered_HC280963_segment_1.wav,PSW,35151,35241,0.00816326530612245,-3848.851186959335,558.356003312941,-4.347390394065609,122.59055230864554,23.70800278375912,62.69395891093527,-0.4322769839901805,44.92330590283062
filtered_HC280963_segment_1.wav,PSW,47255,47417,0.014693877551020407,-1485.9087164120583,2450.682744706652,-125.26451511344263,969.6956781046446,4.012930250174581,144.96277702452053,8.314855236241064,64.49694017169003
filtered_HC280963_segment_1.wav,PSW,47030,47109,0.007165532879818594,-2413.177030271485,535.7080201541204,-31.255386300435354,99.90370258663806,-13.476824179100449,68.17885808517131,-4.268039515006168,42.06937543690316
filtered_HC280963_segment_1.wav,PSW,47105,47221,0.01052154195011338,-2615.1641926835455,1254.507849696975,-17.303212171022803,264.83655718542445,-9.653615234829807,101.24585109054262,-1.6860276954165263,83.12916937570972
filtered_HC280963_segment_1.wav,PSW,48326,48451,0.011337868480725623,-3693.2838314853257,1984.400730079402,-64.9233134993352,299.2538176411057,-16.036322264831288,150.35214418225448,9.233086823259422,104.59895106918874
filtered_HC280963_segment_1.wav,PSW,49188,49330,0.012879818594104309,-2073.4642581216754,2695.5014033617376,39.62991784406583,546.8122676025106,-10.920244680543938,296.32582912820527,3.6821763193835624,71.10050892897983
filtered_HC280963_segment_1.wav,PSW,43717,43892,0.015873015873015872,-3625.839832910389,855.344823989126,29.81155964007165,193.66304020219377,-13.572177657955937,130.2897003893739,-3.6162442148959424,61.91951381263441
filtered_HC280963_segment_1.wav,PSW,44688,44817,0.011700680272108844,-4526.2483892697555,970.8208624348424,-50.32947621796974,339.4981641035391,-16.167586290036027,114.4805625935278,2.4915500287315835,71.76792886619721
filtered_HC280963_segment_1.wav,PSW,44880,44988,0.009795918367346938,-1382.6999624113748,939.5079631539651,6.765072255585181,118.57950356634993,-2.0298354948035877,89.53238686451559,2.957142405108103,39.62775145094803
filtered_HC280963_segment_1.wav,PSW,45305,45434,0.011700680272108844,-2952.354561577816,2826.1682270066503,125.23411296727907,496.1441573543083,2.7116790265746165,165.37400646604559,2.6136674730585003,71.26818966012513
filtered_HC280963_segment_1.wav,PSW,45426,45534,0.009795918367346938,-719.2600607090534,427.75148403377597,23.80045902407955,120.9428175670139,-1.8216390093341919,93.24972457800766,0.9981591294421218,40.189644220321114
filtered_HC280963_segment_1.wav,PSW,45176,45301,0.011337868480725623,-2029.8049765141607,615.6795136802149,18.385034010339837,257.9012543805097,-31.45496571985822,91.49099219525151,-7.441891874465217,55.85319485859735
filtered_HC280963_segment_1.wav,PSW,45792,45926,0.012154195011337868,-4316.1275726703,753.267211523399,12.710060652902637,81.04745066005562,20.31105383469821,72.0287678025803,0.27888684551291437,53.1015601587335
filtered_HC280963_segment_1.wav,PSW,46534,46617,0.007528344671201814,-3156.8853807885407,1225.8855644368618,44.65127022694561,197.37841612227678,9.529000238745132,89.12419118441147,3.9499747486378567,40.1757649250238
filtered_HC280963_segment_1.wav,PSW,46617,46721,0.00943310657596372,-2136.67059157068,722.9983101777689,-9.070093852780907,127.74434210188997,2.1467578420116578,72.59710683987565,-0.8412933922548038,41.994656137614726
filtered_HC280963_segment_1.wav,PSW,50076,50205,0.011700680272108844,-2780.1939778000146,1413.2220235800849,-6.692069570798572,293.3330829467395,-20.864502508415015,84.17734615025138,9.50903065340218,72.56742000399068
filtered_HC280963_segment_1.wav,PSW,50430,50513,0.007528344671201814,-2408.2628985608776,572.2695526813269,-9.20007472591362,102.49765866200447,-9.400023664407435,62.231435549510614,4.792322764308037,39.02435100856027
filtered_HC280963_segment_1.wav,PSW,50867,50951,0.007619047619047619,-2896.784946880065,798.916696208697,-14.641615500561993,142.60529039603168,7.244575245720879,91.36276437855956,0.06513570433449666,51.60853660392683
filtered_HC280963_segment_1.wav,PSW,51151,51284,0.012063492063492064,-1138.5276749544962,2769.2770636239543,63.82034710713714,568.1373515684518,-15.886027549421927,338.7224564130914,4.05006173851191,47.01557790638788
filtered_HC280963_segment_1.wav,Fibrillation,50967,51030,0.005714285714285714,-2701.6818285025834,632.3491777075131,93.89631942810563,929.0378943724501,5.6674859738839825,468.44101024592635,6.284092100201069,69.93362459779237
filtered_HC280963_segment_1.wav,Fibrillation,49709,49784,0.006802721088435374,-2491.036448711316,1470.8538539950146,-167.4016731078828,677.6655623298834,-11.867206871833588,235.4524295229636,11.697287715727548,93.83110436516922
filtered_HC280963_segment_1.wav,PSW,49763,49855,0.008344671201814058,-1988.419442130605,1426.736111988936,-86.91869684377475,490.4864539269506,-20.186342987119815,91.8394201732226,0.34870526125388207,50.10333122096118
filtered_HC280963_segment_1.wav,PSW,51009,51084,0.006802721088435374,-1561.662506975716,883.5249906254595,-81.93726882632838,404.71831248396245,7.688778430094838,162.00125934856192,6.372902306785071,30.09875084193298
filtered_HC280963_segment_1.wav,PSW,48780,48867,0.007891156462585034,-2571.3133438267314,1314.2755960850693,-3.8260842510923148,109.76618951008204,-6.326984945891445,50.97351630995054,3.4616817917011984,37.604318882177594
filtered_HC280963_segment_1.wav,Fibrillation,48746,48813,0.006077097505668934,-2834.7013965307774,1396.8025677840665,-247.14139843715216,982.4206904438458,-37.27964555203007,168.77265309795882,-16.77919371914437,62.28148977187113
filtered_HC280963_segment_1.wav,Fibrillation,46092,46151,0.005351473922902495,-3836.4890280325267,1280.9855794424855,-210.54255825295797,766.8842539390967,13.662829039565548,294.8528053699757,8.678428395443465,117.88300795798258
filtered_HC280963_segment_1.wav,PSW,46126,46201,0.006802721088435374,-3678.073475764403,914.376049427728,-61.91339603496384,295.80166086206225,5.552645733749986,87.4179586454426,-2.8745038120109827,52.980389722324375
filtered_HC280963_segment_1.wav,PSW,49934,50042,0.009795918367346938,-1754.4768082440469,792.746219098778,14.154451327453522,76.74776743588383,17.721841819135122,56.86898916125145,-5.5041143870990155,39.17951309980748
filtered_HC280963_segment_1.wav,PSW,56845,56978,0.012063492063492064,-3460.878893337233,2930.781386426708,-92.17008321765887,573.0043228400496,24.14757550702433,183.3965477717984,4.194093885384125,61.30748626333817
filtered_HC280963_segment_1.wav,PSW,54965,55098,0.012063492063492064,-4366.318937782103,2841.9828638884724,119.11553583529401,495.24419153979983,-2.253754479303452,192.8417208284678,-1.8354193558388943,77.68780512276356
filtered_HC280963_segment_1.wav,PSW,55146,55279,0.012063492063492064,-1006.8259304377233,1239.6013098484293,19.040603616614742,185.75069714886183,-13.638216142306502,88.11023657416376,-3.3495002723995846,63.99634185967424
filtered_HC280963_segment_1.wav,PSW,55360,55515,0.014058956916099773,-2134.0787512912625,1472.4620640234427,24.593239403234463,281.91172153880524,16.724526413611983,91.10668328000804,-2.9373203299833084,62.259971028299596
filtered_HC280963_segment_1.wav,PSW,54652,54726,0.006712018140589569,-2067.8035936620045,486.63567283880616,0.3034873674151451,93.8639478426468,-2.8506752600101892,44.92452150203698,-0.7741163450948371,44.49238947141125
filtered_HC280963_segment_1.wav,PSW,54726,54847,0.010975056689342403,-1916.0764136149082,562.5962542448243,15.708538501011772,106.26892367250265,10.409165356479374,78.37745484205767,6.012929728410834,76.86307620564902
filtered_HC280963_segment_1.wav,PSW,53082,53240,0.014331065759637189,-1042.5072333844068,2728.873013093219,-48.47552605729031,963.7182700375944,-0.0512347759915265,188.853350202561,7.927904713318903,58.97941933580021
filtered_HC280963_segment_1.wav,PSW,53461,53565,0.00943310657596372,-2704.461448590631,1045.9535388434679,16.625526124474774,149.63724258016117,4.6958957436621525,97.97876893592455,6.265007006286832,44.14936393768087
filtered_HC280963_segment_1.wav,PSW,53546,53627,0.007346938775510204,-2543.8616393307525,693.5960488408092,24.954533581104712,91.77095343866247,6.983193066093164,57.615142424260796,4.57339045165743,36.621184666440776
filtered_HC280963_segment_1.wav,PSW,53627,53742,0.010430839002267574,-3085.9857274526057,1200.1417972755132,35.720645945393,255.9597528438618,-6.56383873327519,138.1482861891295,4.831327785529579,49.53009451990202
filtered_HC280963_segment_1.wav,PSW,53742,53863,0.010975056689342403,-1926.2206748537044,474.882967521012,55.09779644458696,153.41864918008685,10.694538241161055,83.0736382730559,-13.734664053307524,60.04890756278811
filtered_HC280963_segment_1.wav,PSW,48946,49030,0.007619047619047619,-1138.4533662342883,572.8470401612136,-20.306827223213055,89.69100597247979,-6.1876446183218174,61.934098420926716,-5.294303242191663,35.377439925907844
filtered_HC280963_segment_1.wav,PSW,49030,49137,0.009705215419501133,-949.7431786306328,492.11879841562376,9.259398518465309,97.5301644609389,-17.490634522962708,74.20650840614407,1.4849839819361372,40.90536842596366
filtered_HC280963_segment_1.wav,PSW,51788,51854,0.00598639455782313,-3112.0881747333087,820.6825812688185,2.5267078419420295,148.79466967351524,-8.002431380139871,52.54411366381371,9.680280751592102,39.54390994579539
filtered_HC280963_segment_1.wav,PSW,51850,51906,0.005079365079365079,-3189.2175361327154,806.0324998601692,202.4049338539759,1100.1515676407846,-17.552886134043547,157.13224543578997,-7.8346337177067635,68.02303890410512
filtered_HC280963_segment_1.wav,PSW,51887,51983,0.008707482993197279,-2479.7455594522294,1228.4505979910552,31.509563840949145,104.52857827530052,-15.895493250754942,75.99378608342415,1.2545638709075506,48.75893713814783
filtered_HC280963_segment_1.wav,Fibrillation,51839,51909,0.006349206349206349,-3232.6671624365154,1108.058311874166,-101.63616785301433,495.47753183807566,-7.616707416730432,408.43237102077444,4.037442021474133,87.17950323595873
filtered_HC280963_segment_1.wav,Fibrillation,57070,57133,0.005714285714285714,-389.66188827102906,1132.596867970416,129.64566249311162,973.3776710645845,15.069692406952635,318.7131118652788,12.431673466666876,115.20705114727912
filtered_HC280963_segment_1.wav,PSW,57103,57162,0.005351473922902495,-335.1341698394394,803.2588520652961,80.01813781901372,278.8387133378715,-13.07196639615259,149.18859105075023,8.28689391278468,65.26046217343485
filtered_HC280963_segment_1.wav,PSW,57144,57251,0.009705215419501133,-109.68128973674517,931.2105646604481,8.533318445999777,130.6205569241069,-1.2777754747470218,67.42154956502088,-7.21734807526724,45.10997286027082
filtered_HC280963_segment_1.wav,PSW,56532,56643,0.010068027210884354,-2579.9748404079587,683.6945915228318,20.354772236571268,100.18523615322805,-3.4847886267247183,60.369210494433126,-0.603349794657633,35.03766849760417
filtered_HC280963_segment_1.wav,PSW,56613,56742,0.011700680272108844,-3326.7086464337067,1142.2028006581788,-31.74136575873492,199.08041601646653,-17.773712484821115,88.88476067110072,-0.6682370217917155,78.75332969384439
filtered_HC280963_segment_1.wav,PSW,55990,56093,0.009342403628117914,-2279.639027626622,305.5769774443653,-2.60164075604247,89.28931278946972,3.6745811550686662,66.49182661822769,-2.4919485523448164,35.68072895682073
filtered_HC280963_segment_1.wav,PSW,53959,54070,0.010068027210884354,-2234.196575263836,1570.222429684212,-111.04761251265128,421.64426947080835,7.9991632078228925,402.5674277173742,5.405820595251075,77.99556904930068
filtered_HC280963_segment_1.wav,Fibrillation,53966,54040,0.006712018140589569,-2613.5958207332706,1741.3150925700143,-198.482769376499,780.7614275383092,-16.979786456859397,175.38704480781334,-10.40444093206337,88.49015383513226
filtered_HC280963_segment_1.wav,PSW,52064,52182,0.01070294784580499,-1183.9018865469898,995.105159803946,34.43370071975295,159.83926286995154,18.716298401912166,143.50039279900668,11.194507200411541,58.77756904140986
filtered_HC280963_segment_1.wav,PSW,51957,52068,0.010068027210884354,-1064.3975905586585,503.506048391731,9.378159391363944,69.92638471555429,18.729906866717045,69.38772385217958,-6.400045189037812,41.5104251703783
filtered_HC280963_segment_1.wav,PSW,57922,57966,0.00399092970521542,-2147.969604993891,216.17941521245046,4.992735763280345,69.12541615923867,-0.20752939985579716,32.62946501772659,0.0,0.0
filtered_HC280963_segment_1.wav,PSW,57966,58018,0.00471655328798186,-2031.130695236943,446.3344305591819,-4.208964882229522,72.18698256999454,-1.9382123177741692,37.88135328108437,0.0,0.0
filtered_HC280963_segment_1.wav,PSW,58007,58099,0.008344671201814058,-2972.4726375279106,739.2781677741823,36.512002706436014,171.3343150314328,9.307954852223471,84.2507498485994,-0.21740698982258455,41.18553582570516
filtered_HC280963_segment_1.wav,PSW,58749,58851,0.00925170068027211,-2003.9788660429517,2485.326051899351,5.011764481128613,217.927332720084,6.490019938569531,81.14663619313197,-1.8434669228720695,49.91533524529957
filtered_HC280963_segment_1.wav,PSW,58851,58982,0.011882086167800454,1177.8565957811984,1114.6145414611042,15.083036823319771,151.04467600899847,14.59539110277993,98.56910915928624,-18.45626902318271,60.68378450281507
filtered_HC280963_segment_1.wav,PSW,58417,58506,0.008072562358276645,-2979.098258748271,644.888530550101,-21.606523049681705,95.01572632514502,24.568860589916454,88.16714995914869,7.342274732175034,43.752907333674635
filtered_HC280963_segment_1.wav,PSW,58506,58566,0.005442176870748299,-2864.704177917801,299.26522657881077,17.63677732109655,133.92421871412265,5.353744367858632,68.54884327038944,0.034351329343479835,41.56177546332553
filtered_HC280963_segment_1.wav,PSW,58557,58672,0.010430839002267574,-3427.9604212765366,1415.5263593502348,-8.487546923899828,193.9945360520459,4.4285629810469445,121.06589571995852,-11.870482337492984,57.44996900617573
filtered_HC280963_segment_1.wav,PSW,59450,59578,0.011609977324263039,-3799.322101685313,943.1698833678886,-4.530351380429001,588.5942918348992,67.7758930523811,796.8729237841181,19.24137019046542,313.2045178597577
filtered_HC280963_segment_1.wav,Fibrillation,59476,59535,0.005351473922902495,-3089.4248394092797,1273.0771833561487,-157.04336238608792,779.9788833634436,-30.214136003377956,274.8642137392575,-0.8642005689790261,66.71605630882686
filtered_HC280963_segment_1.wav,Fibrillation,52868,52944,0.006893424036281179,-2704.133388160473,1289.1260368730466,-7.000581155700615,953.3644769655822,18.978325297097527,502.5285155360662,-4.226782263696178,61.24774188583501
filtered_HC280963_segment_1.wav,PSW,52749,52864,0.010430839002267574,-3586.4999261014623,798.2494662622418,2.134325997655061,100.70738734074419,-18.49317504747254,80.73837950680823,-9.537996304894941,63.46898633322857
filtered_HC280963_segment_1.wav,PSW,52838,52966,0.011609977324263039,-3087.303231089704,1258.5240823245401,-350.64406981501037,1026.240986920129,-101.33876433522127,632.7975832480097,-14.703269474492037,151.0854085350789
filtered_HC280963_segment_1.wav,PSW,60215,60313,0.008888888888888889,-3861.1302875744004,980.7379435403659,2.9727896622524472,122.09794117493985,-6.065778300378003,79.17032552508118,1.7161512440350042,33.92955421124661
filtered_HC280963_segment_1.wav,PSW,60313,60383,0.006349206349206349,-3832.943294071622,476.2438701639762,11.005269724959271,119.6413569551643,-10.30641405284633,49.65521742413667,4.4433251209717115,52.94185380340713
filtered_HC280963_segment_1.wav,PSW,60383,60499,0.01052154195011338,-3645.82613942796,887.4536670240562,57.34669590940256,213.56127057718044,15.664179480395916,130.1209954008663,-11.497469584294342,70.63722571205221
filtered_HC280963_segment_1.wav,PSW,60565,60719,0.013968253968253968,-2814.4704397250744,2904.214129742964,-56.921117858617976,1027.8387013572749,-11.243606442859921,157.60247669401105,7.112633485775816,59.413044278193
filtered_HC280963_segment_1.wav,PSW,61880,62004,0.011247165532879818,-4215.526013612355,1151.2204282516361,2.8107299626287876,151.40377361686873,-7.611354597818398,106.93632645574762,17.226985062331117,79.91968361715057
filtered_HC280963_segment_1.wav,PSW,61986,62077,0.008253968253968255,-2090.6412961269516,270.4601436201052,8.608033675909315,49.709678455422036,-4.721178439282604,69.2107550425639,5.556215074880693,41.086673025865615
filtered_HC280963_segment_1.wav,PSW,62070,62176,0.009614512471655328,-1125.4731134006863,959.9001131330233,-26.018952824333475,94.0302765954266,1.7982331575793054,56.01317653250043,-3.717050744022298,30.936873360584176
filtered_HC280963_segment_1.wav,PSW,62183,62285,0.00925170068027211,-661.1105182089129,765.5213719416023,1.579519039047077,70.71974169692739,-8.334233872006727,68.58149980368742,-1.2017243316966044,30.72851925458654
filtered_HC280963_segment_1.wav,PSW,62285,62413,0.011609977324263039,-457.2017356777948,1386.1728069959697,-23.57432490281276,464.53320837122226,-12.466695072362704,124.55813604318415,-9.925733741649077,70.5421001214742
filtered_HC280963_segment_1.wav,PSW,63958,64086,0.011609977324263039,-2251.2701536261493,1375.5263300818144,13.383527411972377,159.61094538633665,7.581585801574709,50.03014441054721,0.5487938586888361,64.75260411610013
filtered_HC280963_segment_1.wav,PSW,64050,64145,0.008616780045351474,-1206.1404111511445,934.1071315044017,-5.314416955641401,76.60186496153997,0.1815711402270176,60.399125160954995,5.102476518782397,46.31282097728569
filtered_HC280963_segment_1.wav,PSW,64123,64240,0.010612244897959184,212.11921006296646,698.5960096832758,-42.24519361000709,160.4066154042619,16.686301894966643,102.89568172552379,-4.559192854516719,56.85027114042457
filtered_HC280963_segment_1.wav,PSW,64294,64466,0.015600907029478459,-55.03799950370814,2651.6421829545156,-99.46452164861995,898.0086261537414,9.502114839996128,121.71924791863779,16.19116339815535,85.023634919308
filtered_HC280963_segment_1.wav,PSW,65211,65317,0.009614512471655328,-2108.1583934561904,881.6364936949379,11.573877917210295,106.03509168099886,-8.03209141696478,74.99992215194494,1.7225808810244028,41.1228810017202
filtered_HC280963_segment_1.wav,PSW,65383,65485,0.00925170068027211,-1409.4407665923359,624.4593913109237,-6.502038208664839,113.12471763038964,2.1211125123939576,66.26057198449502,-4.929784429342716,37.13008598414149
filtered_HC280963_segment_1.wav,PSW,65671,65799,0.011609977324263039,-4015.6560540291825,1016.5466817337981,7.653596190395319,294.8652441214017,-1.7994089892017107,81.0536585320974,-8.927704280973803,51.219325472064874
filtered_HC280963_segment_1.wav,PSW,65920,66015,0.008616780045351474,-2455.700299897809,688.134605034927,3.2646771614641095,65.19967918211917,-10.61891248679356,69.17143275605078,1.6573989578878565,55.27329602378605
filtered_HC280963_segment_1.wav,PSW,66132,66270,0.012517006802721088,-321.75236990069897,2715.8880218757417,-17.180292517577005,853.1193791173789,2.583661220801086,244.63828792359487,-14.569111692372816,63.40234951322796
filtered_HC280963_segment_1.wav,PSW,67026,67118,0.008344671201814058,-2065.097625448136,567.5110125226546,22.52230435091407,153.40145171452477,1.7008102111783674,57.27495128123648,-0.937707850398825,46.8293723191403
filtered_HC280963_segment_1.wav,PSW,67337,67476,0.012607709750566893,-3419.6457583705587,951.2383265620379,-26.810733914727578,298.8863741544903,-19.80187939117747,94.26202632762869,3.9832845687397063,47.99675785204839
filtered_HC280963_segment_1.wav,PSW,67757,67881,0.011247165532879818,-3392.014427570441,798.0860238213123,17.06352927421927,84.19619965169328,-13.7838195194316,78.53004576458235,-7.726523685460047,73.45316652828633
filtered_HC280963_segment_1.wav,Fibrillation,63410,63480,0.006349206349206349,-3074.522660326832,1400.9073053471839,-177.98913102948728,601.9973103008879,-1.094997300355999,259.38874677767257,-9.62904040708063,80.61648709518145
filtered_HC280963_segment_1.wav,Fibrillation,64828,64908,0.0072562358276643995,-2329.20197909917,1114.4567551162318,-184.5937750045826,683.6762687836098,-7.698623645310099,176.1552747267182,5.803695051348,72.40430682486203
filtered_HC280963_segment_1.wav,Fibrillation,66047,66106,0.005351473922902495,-1961.9628654688809,1141.2413382534937,-86.20654401886722,488.77728402682004,24.923954179361445,430.86292594890347,0.7390893372202068,101.77166183997072
filtered_HC280963_segment_1.wav,PSW,63535,63641,0.009614512471655328,-2669.715932788857,674.0680057005609,11.493465406403633,91.27357227015858,-2.5252789913769726,72.803281645601,-0.7339298667293094,43.27215294706821
filtered_HC280963_segment_1.wav,PSW,63725,63776,0.004625850340136055,-1149.6942166756876,367.3835730003925,-13.005244586811898,51.57525690537895,0.2262601073786816,29.936552225297934,0.0,0.0
filtered_HC280963_segment_1.wav,PSW,63776,63838,0.005623582766439909,-1064.7555442323874,640.7919677633482,17.209473148539693,86.75195198037146,-1.5274035171511335,109.56216014865198,-6.169893150950582,39.85395203168816
filtered_HC280963_segment_1.wav,PSW,62451,62613,0.014693877551020407,-328.96756171643426,2791.087989943767,-55.37259059190343,922.0519599090312,16.270137046037263,153.4824014231674,6.308528713577872,77.5510239239828
filtered_HC280963_segment_1.wav,PSW,67959,68083,0.011247165532879818,-816.0158178294047,3081.6217392575168,84.03436263404727,468.0418406803555,15.68996652286668,241.75233834426115,-11.59681300345834,72.9341128317277
filtered_HC280963_segment_1.wav,PSW,68521,68614,0.008435374149659863,-1856.9933367572428,715.3954445495866,-8.202476711964787,72.14043761037276,5.8804297807141115,68.7977244919518,4.098647015941095,44.68921782603365
filtered_HC280963_segment_1.wav,PSW,68683,68798,0.010430839002267574,-1905.0215271116083,757.7350139898375,-16.963828416456497,259.19823309141805,4.256871227189746,74.48418066495351,-6.284064660792769,72.43535926337279
filtered_HC280963_segment_1.wav,PSW,69029,69190,0.014603174603174604,-3412.5676125709188,1275.7806117733319,19.24882230440248,334.8437590668564,5.88209916394672,108.37913019267128,4.491383995390824,67.3541493955031
filtered_HC280963_segment_1.wav,PSW,69642,69716,0.006712018140589569,-2570.4204403511226,914.8158495843578,17.22252851316872,105.74784899227613,-5.4711632347581745,54.57032790129627,0.0312373255294915,46.426144873053595
filtered_HC280963_segment_1.wav,PSW,69730,69781,0.004625850340136055,-2899.949199370649,1253.6669068834858,61.571609462204606,607.0253643274783,-8.760200698040066,76.15009103591345,0.0,0.0
filtered_HC280963_segment_1.wav,PSW,69781,69896,0.010430839002267574,-3414.055421768154,3327.150715090925,113.43046413056665,358.24367036587904,-1.0090410945691262,119.32908440741645,-6.00986460387695,65.76138917659205
filtered_HC280963_segment_1.wav,Fibrillation,69684,69776,0.008344671201814058,-4027.812770479808,1064.83383800141,152.94756936827147,1056.242315402183,-33.631008452251095,130.0592377505564,-4.069609292034089,67.35862943257764
filtered_HC280963_segment_1.wav,PSW,70131,70256,0.011337868480725623,-2898.5430615528717,985.8539585649332,-5.7676493593950555,330.9782400941496,-9.758193838578393,73.37809830280247,7.91259056512303,76.7516373035232
filtered_HC280963_segment_1.wav,PSW,70325,70468,0.012970521541950114,-2432.8711289178395,795.0940582863111,6.525968499497846,223.67850891207243,-16.790502221545797,132.98073553816445,10.20409773638443,74.61031385212931
filtered_HC280963_segment_1.wav,PSW,70685,70841,0.014149659863945578,-1562.7230642787595,1023.5774923068864,-27.15706934660624,282.41720678633794,5.537534287683557,107.43010081349401,-3.489525105106232,65.42574917754884
filtered_HC280963_segment_1.wav,PSW,71510,71704,0.017596371882086168,-4378.616078254755,3417.557523451308,32.30448393947635,268.04602894072525,-2.7066075875204163,100.48385312935059,-1.1050352497227967,61.77183740760593
filtered_HC280963_segment_1.wav,PSW,71782,71930,0.013424036281179138,68.73877389018145,1343.3197557989636,17.964399208302282,198.65629340679607,-8.049252757872836,83.8648251335957,-3.2861863706341423,69.84579915354928
filtered_HC280963_segment_1.wav,PSW,72340,72525,0.016780045351473923,-3570.4287765782356,1483.3300799175784,-37.661041935473456,265.09909573174383,-15.921848560606248,107.38193108226479,-10.365293164929708,61.1996981628561
filtered_HC280963_segment_1.wav,PSW,73300,73411,0.010068027210884354,1092.406755577986,3340.3124595360796,32.10124366787839,373.3630264540207,10.250576117770196,94.67217297348586,-1.2929723304184495,44.705332723600634
filtered_HC280963_segment_1.wav,PSW,73411,73549,0.012517006802721088,-4173.013988345544,3539.239593050261,70.81415614729642,490.2007606411723,-20.480488505160057,175.48106681871496,-5.827710376314086,78.90690121781695
filtered_HC280963_segment_1.wav,PSW,73549,73660,0.010068027210884354,-2730.9873209165266,3260.425314612297,47.332165493782625,366.22118592496804,-13.1323043635301,176.01047781134852,2.1300724599039844,50.96967004703388
filtered_HC280963_segment_1.wav,PSW,73660,73733,0.0066213151927437645,-1177.543024687082,479.9934543789638,-32.939230739530046,107.9853591317431,8.7285091534963,80.81077274575135,-9.374992078433712,49.14526661437742
filtered_HC280963_segment_1.wav,Fibrillation,68254,68360,0.009614512471655328,-469.93505989327633,1009.9390471630375,111.91648419220876,976.5293624767015,9.282140112797803,340.27039640106574,5.972560175152361,105.87463866312008
filtered_HC280963_segment_1.wav,Fibrillation,73696,73784,0.00798185941043084,-1967.8156186474598,734.7017057779691,-14.230387802565845,472.8717279588391,10.070284511780505,184.5845072430127,-7.441760697468764,55.57322317693344
filtered_HC280963_segment_1.wav,PSW,73747,73835,0.00798185941043084,-1725.57127214334,1035.728059954852,127.57905410694133,729.6608460471763,-8.328269307927044,204.81331559791676,0.7571341558514726,46.22504083335678
filtered_BA0803901_segment_2.wav,Fibrillation,34,140,0.009614512471655328,-14376.451421162934,599.2951478482352,-46.98845839401109,377.9782314734885,-7.714296204529242,86.5600771913635,-3.512924763732609,35.717358805313644
filtered_BA0803901_segment_2.wav,Fibrillation,136,265,0.011700680272108844,-21197.720861657854,773.6022246318605,213.94077887861158,777.4810049293883,-121.82104787648235,465.1039919588292,41.890048397174375,426.96878285733226
filtered_BA0803901_segment_2.wav,Fibrillation,420,575,0.014058956916099773,-26598.27068851888,2249.9321367527323,164.03194115166042,639.902577220841,-23.08182752961915,639.8772946149842,-8.878814988026352,265.0439469808129
filtered_BA0803901_segment_2.wav,PSW,840,981,0.012789115646258504,-27259.943905787903,2487.3196448220483,-37.109987321036485,596.5421258859197,6.860634458298497,227.74902305581347,-2.3487679391654357,54.420636942295
filtered_BA0803901_segment_2.wav,PSW,1250,1318,0.006167800453514739,-20655.216400124107,296.6607436579603,4.856681394431512,107.99825278341223,4.46163029205094,77.99905416844493,3.82972675807737,34.05155018579623
filtered_BA0803901_segment_2.wav,PSW,1462,1587,0.011337868480725623,-35437.77843871254,1087.3040521085304,7.277021828758332,112.50284356969719,-7.1553962592567215,90.02688861419519,8.708434729991431,39.38413111708701
filtered_BA0803901_segment_2.wav,PSW,2628,2768,0.012698412698412698,-25688.897078248854,2592.5063725445125,-88.99436804282571,642.0378197694201,2.6576176117125336,164.72970694957934,9.992004054474142,56.77834595806959
filtered_BA0803901_segment_2.wav,PSW,2750,2825,0.006802721088435374,-17817.77242603956,1288.943730125737,8.803975216548823,97.37385038247122,-12.598942153739666,37.434802801117684,0.4645843811963584,25.96007931061335
filtered_BA0803901_segment_2.wav,PSW,2806,2890,0.007619047619047619,-16027.244323818588,988.2622347212969,-23.40621271787588,156.4833724986087,-6.663264680269039,49.24776803868233,5.505392158647322,34.014425590945784
filtered_BA0803901_segment_2.wav,Fibrillation,2162,2276,0.010340136054421769,-21130.39372730119,405.24175006403175,-136.04270891828327,414.2973477758557,-2.5953473107330858,250.15302675561665,6.339039649410214,78.33503945471715
filtered_BA0803901_segment_2.wav,Fibrillation,3143,3246,0.009342403628117914,-11411.947065021639,1074.2976419751158,86.80982638904013,609.1046486244117,-13.352407510659573,99.78848237609128,0.0015920261607312435,67.4677644011114
filtered_BA0803901_segment_2.wav,PSW,3208,3295,0.007891156462585034,-8754.573097022983,1756.280566384274,-101.41015700621712,472.89220265061726,-1.3459628800667556,86.88297110806926,-3.4146635021230702,28.26870546394839
filtered_BA0803901_segment_2.wav,PSW,200,310,0.009977324263038548,-15410.967862182211,605.9737302875333,-51.88352323437186,297.76939682425643,9.156482227651125,96.43529317805398,-3.1109227873178993,24.634961025907568
filtered_BA0803901_segment_2.wav,PSW,522,628,0.009614512471655328,-17308.470743942577,2834.646372172815,28.429245331594537,912.462559698314,11.944573856932086,168.5859146134759,-1.4121429065505633,50.898710959883246
filtered_BA0803901_segment_2.wav,PSW,4238,4340,0.00925170068027211,-3387.624842513962,289.4549264840101,-15.689531347018399,84.99387415926094,-0.6493858945649958,44.02327484984325,-2.0701767010380308,28.192558196123837
filtered_BA0803901_segment_2.wav,PSW,4481,4651,0.015419501133786848,-5550.029418365204,3389.8617160432027,1.7776143268587348,386.27245511058527,4.7326698800733435,165.7629584888328,0.046718798767666624,41.90521957872258
filtered_BA0803901_segment_2.wav,PSW,5178,5238,0.005442176870748299,-2028.0924028649135,315.81793842035177,-24.018759023080005,145.64966583395784,-3.097331067757053,40.43524818877946,4.505023935560143,33.28431849990927
filtered_BA0803901_segment_2.wav,PSW,4784,4863,0.007165532879818594,-304.48586659884023,298.81841455018696,-10.380265156360064,60.02207932653211,0.8588126512120544,42.52539330296201,-1.5153700293553678,31.296072523365073
filtered_BA0803901_segment_2.wav,PSW,4920,5000,0.0072562358276643995,-1029.260811379861,450.0107021091343,-9.408506830674156,99.90642342134251,18.717405782938528,49.07078987157911,-1.549177964758321,27.08780430696319
filtered_BA0803901_segment_2.wav,PSW,6000,6091,0.008253968253968255,-6421.414161874177,502.8997420671741,1.7898145929685205,52.14534880953508,2.6944788641509425,51.69210303469764,-1.0787786061331477,23.561903254051348
filtered_BA0803901_segment_2.wav,PSW,6223,6306,0.007528344671201814,-5905.003425224643,468.8432501622489,25.15726468634242,91.86534566726854,4.530713941095105,38.69862014124075,-2.7699965981154624,25.676405839662817
filtered_BA0803901_segment_2.wav,PSW,6397,6530,0.012063492063492064,-10285.615140875789,2944.705160444383,38.333151975936055,1138.0363758800358,178.8354764621905,754.4340358148592,-39.7474965090581,334.83035731834275
filtered_BA0803901_segment_2.wav,PSW,7087,7193,0.009614512471655328,-7006.560391100426,411.2501988753229,-1.4048520749908082,67.32774220579054,-5.98662429863367,40.504994448309986,2.1878086260566256,26.58538948460139
filtered_BA0803901_segment_2.wav,PSW,8231,8356,0.011337868480725623,-12222.131484930873,3091.599142756771,33.61362816794569,460.314796721417,8.83883135217583,191.01751541359155,-12.980238305111603,54.58228920286125
filtered_BA0803901_segment_2.wav,PSW,9106,9181,0.006802721088435374,-4809.39396782129,593.2115018385326,11.582786765217183,128.034167279755,-6.71041666634454,70.5716813081158,1.0808879299841498,22.134379826658503
filtered_BA0803901_segment_2.wav,PSW,9231,9333,0.00925170068027211,-4844.645758291718,394.98396051545154,0.08695392594210144,49.76124682063044,1.7983634591568238,63.93827811716619,0.3362867193273727,24.326551590960747
filtered_BA0803901_segment_2.wav,PSW,9806,9897,0.008253968253968255,-1796.5554623257779,410.49821584339304,-2.8962677970410247,77.22026163508056,-2.2737781605371294,55.54932164311927,4.023397350693724,23.618632189245172
filtered_BA0803901_segment_2.wav,PSW,10144,10265,0.010975056689342403,-1004.5624061037603,3146.1079298777286,-55.523110921094656,740.0446707532697,22.098000488711655,160.50257942250983,-8.113430503037243,62.74337908285804
filtered_BA0803901_segment_2.wav,PSW,11201,11345,0.013061224489795919,-1736.182493961474,525.6192402260995,-15.267081644130334,185.75637933980153,-29.69818327065866,83.83034778114506,-6.630960953703177,46.377287754366556
filtered_BA0803901_segment_2.wav,PSW,11402,11535,0.012063492063492064,-1004.7491846600313,690.9963356268194,-0.7149273532275535,83.59955162121783,6.156702762685469,125.1589810063088,-8.257628774832602,50.14002971501615
filtered_BA0803901_segment_2.wav,PSW,11910,12057,0.013333333333333334,-433.65725794846935,2853.805252985871,-94.59201030793024,1079.037605082507,10.320342522690746,171.1748727214387,-8.550084683379607,61.28662318872251
filtered_BA0803901_segment_2.wav,PSW,12872,13008,0.012335600907029478,-605.5848549800759,310.13037316684273,-22.83989527153998,143.24355224989324,-0.3936780108820229,89.4113792786758,-5.118595173370941,49.12493911911386
filtered_BA0803901_segment_2.wav,PSW,13535,13663,0.011609977324263039,-478.40963542136694,807.963461228114,-20.910011465232298,249.65272349847922,-27.24977908702899,110.69292128114623,10.74593255336639,47.33525865299395
filtered_BA0803901_segment_2.wav,PSW,13694,13887,0.017505668934240364,557.6114752664417,2869.817294533281,-67.1493854711853,807.7815385433805,5.5989243473223125,105.67683839469608,-3.4693262661654747,63.97862727616728
filtered_BA0803901_segment_2.wav,PSW,14444,14546,0.00925170068027211,-370.1438063052308,504.7901307741558,-5.571142282264366,89.1427204382687,-6.198060316983146,62.20879734497862,2.008790923743842,34.40241755367425
filtered_BA0803901_segment_2.wav,PSW,15474,15667,0.017505668934240364,-71.36134844027411,2983.4707494505087,-76.36436831647137,772.3595001896919,18.657813641270923,116.08117394139475,5.972586739832949,46.08934640664684
filtered_BA0803901_segment_2.wav,Fibrillation,14716,14823,0.009705215419501133,-642.1881420735651,475.18067495710795,-102.17068776257534,313.23142865408073,-28.520892539463162,219.1638252307525,10.166370523808029,103.89116102709664
filtered_BA0803901_segment_2.wav,Fibrillation,16705,16819,0.010340136054421769,135.71908384501424,446.1152433139703,297.60237146897947,1162.4718795755032,-113.0606854833341,457.1637801231509,-8.542251558616769,233.6957822925298
filtered_BA0803901_segment_2.wav,Fibrillation,20648,20724,0.006893424036281179,-145.54658698259118,851.8355758140625,-112.96297136039662,315.14659889236935,10.757999877582906,139.50207509394565,-6.225959806231729,36.39678897665352
filtered_BA0803901_segment_2.wav,PSW,20948,21069,0.010975056689342403,-977.4213197574436,3099.108210428799,97.59808776691531,277.36522189226093,9.490873390807312,81.15341351810602,-2.984824012380843,54.948796565756254
filtered_BA0803901_segment_2.wav,PSW,19152,19307,0.014058956916099773,-152.43140215051142,2941.3738562918766,-62.90500343187883,814.4648136228947,9.998221349342423,169.47296653551885,-1.1303969109032348,52.08737915930325
filtered_BA0803901_segment_2.wav,PSW,19546,19671,0.011337868480725623,-110.02510272696743,688.7807900729911,-8.947047179202654,49.53322942194122,-4.3296285554129605,48.65973593637009,9.142045060782785,42.93597121501015
filtered_BA0803901_segment_2.wav,PSW,19728,19834,0.009614512471655328,191.24005280708477,340.95849139149027,9.638335025851173,96.67636368050584,6.1229726760858325,49.170149517932046,3.147503083826104,29.027473605285333
filtered_BA0803901_segment_2.wav,PSW,20084,20182,0.008888888888888889,-135.58874518800332,529.5068350488285,-0.3068840352768013,160.52570918004577,-1.3060609605796487,37.35589456542649,3.0516706487441607,26.534170898102094
filtered_BA0803901_segment_2.wav,PSW,17906,18004,0.008888888888888889,-135.50122539223216,468.02865142934303,6.683538610747872,89.51521679450322,4.026298304619016,42.03150124753216,-2.3860667482863844,30.25285637555115
filtered_BA0803901_segment_2.wav,PSW,17584,17660,0.006893424036281179,1612.2707815095237,342.6780755505788,-12.291255943226698,82.84559154634228,-5.523395035643207,73.81860970394692,-2.099202400802545,28.969469598530086
filtered_BA0803901_segment_2.wav,PSW,17349,17512,0.014784580498866213,-518.5972788725074,3093.6485119995236,2.6125913326325456,564.1067225086631,-8.238162697154799,229.18313627916504,9.339855317412416,55.309288865580484
filtered_BA0803901_segment_2.wav,PSW,16099,16186,0.007891156462585034,536.1532856361749,314.75341867194544,-23.618971762528574,134.7459616881676,-16.90535152823353,39.79335563971004,3.996466005951836,35.713352776403696
filtered_BA0803901_segment_2.wav,PSW,20724,20804,0.0072562358276643995,193.23452160111395,374.6995616657827,-11.87886926087215,138.34754711329992,-4.6236587689808735,57.97198865819415,-0.09600586215924543,24.640570922253264
filtered_BA0803901_segment_2.wav,PSW,22676,22836,0.014512471655328799,1093.436180465646,2832.946338482924,8.80177290604276,493.4741178558369,-3.0627523616086068,181.35664544268366,-1.4932044959600275,48.02108928145944
filtered_BA0803901_segment_2.wav,PSW,24398,24566,0.015238095238095238,-667.1481092213332,2848.273767406745,45.42243260215214,333.96512216356297,16.42871042194321,140.8310935667826,-4.9228536464833015,42.65429526547012
filtered_BA0803901_segment_2.wav,PSW,29763,29923,0.014512471655328799,2588.4089705328743,2876.8473023360816,30.626261905689077,449.46406307210947,-17.896492418917383,210.1075610101272,-11.398865516204422,52.52194489049042
filtered_BA0803901_segment_2.wav,PSW,27979,28139,0.014512471655328799,3080.796475114059,2951.3409458049705,54.27523371501684,313.9810300445829,-1.6401752756958827,108.44968532763626,-11.617312618292887,54.0372328860364
filtered_BA0803901_segment_2.wav,PSW,28692,28832,0.012698412698412698,3354.0515385408476,488.305235380597,-25.25673320682657,262.1805235869767,24.614717174888042,57.4178937196895,3.6156754738233383,50.16344203604591
filtered_BA0803901_segment_2.wav,PSW,24083,24196,0.010249433106575964,-1057.7513556281451,1814.3090831983595,384.5396297741802,1228.6680730979178,-252.6457778034819,1312.0336235497975,8.176023865263454,230.79020716195888
filtered_BA0803901_segment_2.wav,PSW,26190,26339,0.013514739229024943,583.7781591436858,2889.573392460624,-15.103328031178943,610.9425002876025,-7.029028593699,208.94745038785362,-4.835125271550592,50.20642951844663
filtered_BA0803901_segment_2.wav,PSW,25368,25528,0.014512471655328799,-579.7070488721095,917.1497022067375,6.410248037184248,99.07537867186888,7.088602219978727,99.04480143827833,-4.231677167456335,42.862242325085774
filtered_BA0803901_segment_2.wav,PSW,25551,25661,0.009977324263038548,310.4728064186962,459.5044629130455,-27.618071457973745,121.73528544178568,-6.011445887673186,47.48941767013735,-2.055415166442796,30.369263496923484
filtered_BA0803901_segment_2.wav,Fibrillation,22099,22208,0.009886621315192743,475.7708567364817,580.2009077334251,24.114647855502906,295.6938116903494,-2.2549548853780674,185.18513402253276,2.821937500239591,49.14349204539881
filtered_BA0803901_segment_2.wav,PSW,22267,22360,0.008435374149659863,532.377961303531,651.7691486455924,53.08888241692552,135.65006487025437,-8.29006199708578,85.30491462790174,-1.2871951494717424,33.99808285510126
filtered_BA0803901_segment_2.wav,PSW,21675,21768,0.008435374149659863,307.66509026790465,427.62029423659976,-22.590287606489376,114.47517001197907,16.422423518016377,46.10307519885187,-0.1465790456084335,24.49343213550424
filtered_BA0803901_segment_2.wav,Fibrillation,28957,29089,0.01197278911564626,3521.4425413376825,483.1218838843624,107.8728574040465,502.9182464325584,0.23778721369318037,209.3327316718502,5.9613966384394175,77.27336796456494
filtered_BA0803901_segment_2.wav,Fibrillation,27578,27706,0.011609977324263039,5202.6575672206445,743.297718639398,-241.2961279764913,716.8519490728601,-33.15989081262071,223.96510270966323,-0.455955202442549,212.80817191442597
filtered_BA0803901_segment_2.wav,Fibrillation,25813,25926,0.010249433106575964,1508.9329982878016,487.21683543590547,178.0721668165668,672.7987874887189,-162.7293853828883,553.6663544064434,-26.57919954919732,225.8433967072836
filtered_BA0803901_segment_2.wav,Fibrillation,26861,27005,0.013061224489795919,-17550.969462239424,2610.846207245086,-178.98399131910224,702.9364556454108,-58.09639832559904,414.7786344617429,47.28133713861686,469.0957937038698
filtered_BA0803901_segment_2.wav,Fibrillation,23668,23745,0.006984126984126984,-430.946949593476,601.8881493505808,93.44779481333444,523.0910058315676,-0.7075563896322604,78.86985332789942,0.6988009975788461,60.33701058719211
filtered_BA0803901_segment_2.wav,Fibrillation,25073,25175,0.00925170068027211,-562.7924465810929,610.6391641457345,-68.07454708201233,263.53982398370977,12.800150288242584,124.83470529122641,-3.689192217864372,28.220463844150558
filtered_BA0803901_segment_2.wav,PSW,20800,20872,0.006530612244897959,39.65803884611329,498.956393645609,4.56153292107265,284.32225219844315,3.4562113514522337,108.11298751234445,2.6236293412327987,40.02700288393015
filtered_BA0803901_segment_2.wav,PSW,19996,20072,0.006893424036281179,-107.5771603125629,247.26153157409325,25.06141584007527,157.83977301285748,3.552625403176411,36.76574417392422,6.107697420297555,31.27214209764163
filtered_BA0803901_segment_2.wav,PSW,23546,23640,0.008526077097505668,144.40437400459967,288.96171008013874,-21.10531605741675,114.4455586195147,4.681723986419288,43.640433521323565,2.5426405900553375,23.98224528574767
filtered_BA0803901_segment_2.wav,PSW,23640,23687,0.004263038548752834,-201.31019350303245,549.5705040303446,-5.041760365218282,43.63123185253645,-2.801128889794206,27.574493339883418,0.0,0.0
filtered_BA0803901_segment_2.wav,PSW,29665,29767,0.00925170068027211,1874.045122784946,379.63522692871135,8.193892907202919,85.1800563577417,-1.2968399220057003,48.09980538230474,-0.6161992875400982,24.208106828087246
filtered_BA0803901_segment_2.wav,PSW,35053,35197,0.013061224489795919,1043.0298829246274,2844.764207054055,-67.17822660097518,725.8153068884743,-3.0797881935616522,156.94326274813434,-12.44400400669376,54.17640114579941
filtered_BA0803901_segment_2.wav,Fibrillation,35185,35325,0.012698412698412698,4158.652332899026,997.5569495761371,-222.7294341822708,764.2792836875045,-57.33221782768699,346.5525472591701,-8.37304701821148,83.8496311994802
filtered_BA0803901_segment_2.wav,Fibrillation,35457,35559,0.00925170068027211,2271.8446773652927,531.4620050372167,-105.21047700460508,287.29883495707554,-40.66391336841194,189.60228409478495,-2.609136074142666,55.72751496617211
filtered_BA0803901_segment_2.wav,Fibrillation,32918,33020,0.00925170068027211,332.5376659686685,549.5133787383999,17.327647710750234,233.30200011622216,31.278556096704314,388.29163722073696,-6.063236787945732,48.048493526947965
filtered_BA0803901_segment_2.wav,PSW,32990,33065,0.006802721088435374,-20.143326114034114,543.5156110386886,-47.80269571858235,166.23947818830337,-3.6409723089438075,55.82253483887645,-2.0432037990871725,31.079102070015093
filtered_BA0803901_segment_2.wav,PSW,33269,33431,0.014693877551020407,1947.6422127582907,3072.018971140075,27.72100086549402,387.818646170103,-4.064101334992131,166.48155525715708,6.636122744646882,59.03897566412366
filtered_BA0803901_segment_2.wav,PSW,33118,33193,0.006802721088435374,911.054312089959,454.93543149197245,26.325529162563324,101.16101346494634,-8.00556195535188,45.173756570444745,-2.2879439508639723,31.23417257814526
filtered_BA0803901_segment_2.wav,PSW,31495,31669,0.01578231292517007,450.2905465654013,3012.569812103665,-47.40180748120848,734.4926735575064,-5.543959732760568,147.2485675759972,4.829786311811898,56.86341016512234
filtered_BA0803901_segment_2.wav,PSW,31661,31775,0.010340136054421769,3756.792995542652,1121.5683673430176,46.91798195928583,173.20280185421078,-4.124521228705038,84.4736477650252,-1.8242505608432515,51.87514446959599
filtered_BA0803901_segment_2.wav,PSW,30820,30948,0.011609977324263039,2451.6606127678106,550.7352540623228,16.002404580625686,247.26746284447802,-2.0750841246089906,51.327288448610865,0.6852686196608557,52.49693456352207
filtered_BA0803901_segment_2.wav,Fibrillation,30446,30556,0.009977324263038548,1701.2227029188546,697.2139243635719,68.2260426539672,385.1723358139967,8.16326656754081,256.6909542953255,-1.0734258563820651,96.01661288280648
filtered_BA0803901_segment_2.wav,PSW,34378,34525,0.013333333333333334,3002.898712317082,383.8438152191382,41.26843445451559,121.18472445717939,16.486912961246976,73.77491331684232,0.1911143307757555,41.06657146688859
filtered_BA0803901_segment_2.wav,PSW,37287,37384,0.008798185941043084,-5589.224955029018,1217.4286742531874,-8.223721886951571,42.53475575495201,-0.5492260292652144,50.342222548213776,-0.413994419238315,30.311571967525083
filtered_BA0803901_segment_2.wav,PSW,38055,38155,0.009070294784580499,159.9856604728766,361.1638243250787,24.669844588155986,55.35845448366601,-2.3492225215513103,36.744956516946274,5.662795527605847,29.57003917997836
filtered_BA0803901_segment_2.wav,PSW,37194,37298,0.00943310657596372,-9666.37863155144,1765.2326007199663,9.987704722000933,52.784975195898724,-11.813690686360092,37.356152884648395,1.422696954510461,28.924316797499834
filtered_BA0803901_segment_2.wav,PSW,39368,39513,0.013151927437641724,2188.515830294993,407.2324520002925,-9.187299272237757,151.94198521523708,18.80278597662632,50.035775268214955,8.631251770634465,39.27082033437062
filtered_BA0803901_segment_2.wav,PSW,41503,41644,0.012789115646258504,1775.3076078925276,416.9218158144499,9.311902067109601,123.15872908886507,-4.168911381778933,51.721699356753305,-8.294480949983202,44.15695748440705
filtered_BA0803901_segment_2.wav,PSW,42054,42203,0.013514739229024943,2052.258685900218,494.7951807499138,11.751533186647574,96.08687538463192,-6.733317698418305,67.52913736602396,-7.654150645057272,48.78305845353584
filtered_BA0803901_segment_2.wav,PSW,45762,45892,0.011791383219954649,-184.16023882103414,554.376627786374,-16.603931341956038,175.5071583667786,-6.190891043375745,84.36653287107829,-2.875525042174584,35.94888409786503
filtered_BA0803901_segment_2.wav,PSW,47849,47968,0.010793650793650795,-1791.871887819354,475.8100892557282,-17.943063929747684,162.51250463298237,-17.016831281445487,62.66119396361925,-3.6426444581131663,39.062759601346194
filtered_BA0803901_segment_2.wav,Fibrillation,44793,44927,0.012154195011337868,-600.8283474761558,431.67102054901426,131.99590291048415,658.9971693885223,17.860145579588245,248.29755597772672,-4.746238536449567,103.46680270250755
filtered_BA0803901_segment_2.wav,PSW,48076,48221,0.013151927437641724,-1622.4903356715379,553.59084179621,-4.150462937756569,41.9198167986153,2.8172298288784283,54.150245407558636,2.615994023849425,38.3923665311033
filtered_BA0803901_segment_2.wav,PSW,43636,43756,0.010884353741496598,668.8623167409485,845.379787675573,8.527427300626783,97.20066144341334,6.217072298870706,42.692038685386905,-6.573059635846094,36.72565598458958
filtered_BA0803901_segment_2.wav,PSW,50957,51101,0.013061224489795919,612.3225617456194,2384.903930287552,31.787740072311845,297.47052462441883,7.694293082367865,114.73958913879017,-3.1037720943167395,41.91881957587646
filtered_BA0803901_segment_2.wav,PSW,51074,51202,0.011609977324263039,2710.426273191975,498.79208188935337,5.8099359571206906,156.96385487745982,0.683954341836077,42.912448713535866,1.6886448514651367,53.35715570991971
filtered_BA0803901_segment_2.wav,PSW,52040,52161,0.010975056689342403,137.32387610146586,595.0726985908717,20.96013771961176,99.47594558185718,-12.264171296332869,93.68999874507648,-3.6704504225528614,41.07021383853272
filtered_BA0803901_segment_2.wav,PSW,52683,52843,0.014512471655328799,1394.9281573062742,2942.5634867685117,-61.86986480257703,732.0790846108283,14.461698723427908,68.03044990334305,-4.888161743682917,57.14726081928617
filtered_BA0803901_segment_2.wav,PSW,52574,52710,0.012335600907029478,1071.3868558941888,609.4695664012244,-2.857932847116106,92.7780076724467,-20.560845053979364,52.025830938232495,2.5732392103827113,53.55794211015965
filtered_BA0803901_segment_2.wav,PSW,49948,50096,0.013424036281179138,464.7686614277347,714.5835100084513,23.613584894843708,269.81763283324403,-2.055717555761388,114.220204899156,1.8947772653145036,36.59971340291564
filtered_BA0803901_segment_2.wav,PSW,49574,49714,0.012698412698412698,1362.202235996532,677.0199797193503,-8.138379523358825,93.81222819120819,-12.002479281079571,58.65564471956248,-3.139739012956011,49.92662363305901
filtered_BA0803901_segment_2.wav,PSW,54160,54273,0.010249433106575964,-400.61838697567754,608.1459341105347,-5.526821076754668,231.88987585651776,-10.370500682952168,75.5756945467586,5.02906372652737,42.32033708881718
filtered_BA0803901_segment_2.wav,Fibrillation,51491,51635,0.013061224489795919,10.397902027934785,816.278638706289,-69.42451019939934,664.68151784629,134.63914888412316,1075.7797862744073,26.86881031213614,394.71408104825963
filtered_BA0803901_segment_2.wav,Fibrillation,53022,53158,0.012335600907029478,3145.98201994075,839.5623444836251,-182.7618752196739,630.0161012972682,-60.69900858791993,338.69038430155837,-18.8710150119195,78.59679990164538
filtered_BA0803901_segment_2.wav,PSW,58527,58737,0.01904761904761905,-160.97381835714327,885.9022662092473,15.07936290900764,77.8199687410062,4.118543510817981,62.55606014857349,4.582520070259365,55.17786176601024
filtered_BA0803901_segment_2.wav,PSW,58919,59063,0.013061224489795919,911.3842436207566,2641.8089178787714,56.34384697489394,251.31835604309754,-10.852586901074638,121.35095878660454,-4.267606572348249,47.77433529812956
filtered_BA0803901_segment_2.wav,PSW,58290,58407,0.010612244897959184,-3048.9528322498763,508.87202046347505,-18.833845513356952,221.57049200764578,-15.95878935896626,43.22375673623711,-4.759369775523926,43.08312963414397
filtered_BA0803901_segment_2.wav,PSW,56218,56311,0.008435374149659863,-168.1464140732538,734.1123554236358,-8.40257002730138,71.96979974368791,-1.5704283318444519,38.82192106538935,3.8583360694312137,34.47771439866457
filtered_BA0803901_segment_2.wav,PSW,55891,55996,0.009523809523809525,-2672.1789025936564,386.7591619525199,9.551006273198938,76.86761472120021,-7.870266756521381,59.206382748087464,0.0056192661526426645,25.282312316575
filtered_BA0803901_segment_2.wav,PSW,55558,55682,0.011247165532879818,-6726.4794283399515,364.82044607767943,0.22424262152639127,114.81596447271077,3.2626354702883456,35.008258448806615,-1.260101598720861,53.4718480809993
filtered_BA0803901_segment_2.wav,PSW,54793,54960,0.015147392290249433,-2832.6801646028043,2939.261099119791,-50.18458201408563,583.9073385420905,2.2957685309550553,161.3920336578174,-6.804908382940072,47.528570477731876
filtered_BA0803901_segment_2.wav,PSW,52247,52359,0.010158730158730159,587.8805118681662,429.1615943996547,0.12023391787114143,168.78456001582742,-8.592183810378163,34.4814924333292,-0.6903897628823541,48.14149965456125
filtered_BA0803901_segment_2.wav,PSW,54405,54498,0.008435374149659863,-367.2240923150914,283.73709386866096,5.7509252379391,62.12851104395449,2.7929639822977492,41.955609687085264,1.1559893026589012,31.88955665809206
filtered_BA0803901_segment_2.wav,Fibrillation,58182,58267,0.007709750566893424,-4708.450011998873,1012.0373086966237,79.37100815691154,552.869833077679,-16.644438998832342,220.2128697427874,-1.618776925854478,47.907698978513785
filtered_BA0803901_segment_2.wav,PSW,58251,58310,0.005351473922902495,-3174.3938354212873,730.9648487372422,-21.56509041037432,133.94737756355698,-1.980792705379513,47.739122130033465,1.9530037822526845,31.819222115900484
filtered_BA0803901_segment_2.wav,PSW,60740,60960,0.019954648526077097,2095.1236567526776,2953.129038148476,32.47826160599491,489.9209235182351,-12.17129600665693,208.5278493364279,2.221227692784617,55.95623534865912
filtered_BA0803901_segment_2.wav,PSW,64911,65065,0.013968253968253968,3189.795240465356,2020.969820433025,44.0763327067275,280.68610110553004,-13.92430199606799,206.5303818117269,-2.4119768813275773,53.39007340286895
filtered_BA0803901_segment_2.wav,PSW,64517,64616,0.008979591836734694,-764.4292665471039,2380.3496026965563,-1.5205687980065303,216.89141741465633,-0.5823424367195771,53.30732699675733,0.5335206752562273,27.497280743904163
filtered_BA0803901_segment_2.wav,PSW,64600,64726,0.011428571428571429,2485.7763380784204,869.8842127588339,18.143317059737722,99.73728707159596,5.426846900067014,51.008979742673105,-7.254128496611721,46.198648705542176
filtered_BA0803901_segment_2.wav,PSW,66575,66709,0.012154195011337868,-6201.200588229866,736.2436844694719,14.815422319515587,107.04835359644088,-12.226896732952195,125.19433916785349,-11.860864443679583,49.66814157994244
filtered_BA0803901_segment_2.wav,PSW,63094,63216,0.011065759637188208,1259.0550687128205,557.3397358060578,-21.2708990422814,165.90622302993313,12.249178815089683,58.55592220986013,4.551949077709086,42.99527031509961
filtered_BA0803901_segment_2.wav,PSW,62624,62766,0.012879818594104309,690.3573548545817,2711.614101548537,74.17283516407082,242.2624715612552,-1.9205003434610946,121.50446399662904,-0.03517238761985979,46.96562220184082
filtered_BA0803901_segment_2.wav,PSW,62471,62573,0.00925170068027211,1050.8265473265374,386.2910220304273,2.2721983123589977,85.10171386065521,-1.3773456965362334,46.69360994034131,-4.641420713386083,29.44704080228537
filtered_BA0803901_segment_2.wav,Fibrillation,66276,66406,0.011791383219954649,-5329.598734232655,457.3025975964394,59.299343058496625,590.4125048027622,31.188167537416586,380.7126783104286,-1.7820297940119432,65.52948920852245
filtered_BA0803901_segment_2.wav,Fibrillation,64426,64517,0.008253968253968255,693.0774668665447,1017.3394969634918,-132.27245640387747,464.2469839234501,-18.20658370295214,117.73668814860442,6.756214619785077,102.47561265068109
filtered_BA0803901_segment_2.wav,Fibrillation,62810,62908,0.008888888888888889,2240.177192761794,914.5907625875752,103.45735134658331,687.0855254983327,11.14698600027832,175.67765527689207,-3.514896498375997,59.503089166867
filtered_BA0803901_segment_2.wav,PSW,60340,60491,0.013696145124716553,3517.4911317113065,480.54007746453306,0.03779559788262077,257.38524885071433,17.784103526524877,88.5038727577146,2.697928004816452,51.96607023924596
filtered_BA0803901_segment_2.wav,PSW,59576,59681,0.009523809523809525,926.1710705771055,336.71564015985666,-3.649626930778451,123.49830569562454,-6.148403551105189,46.02152803946467,-2.0491948724634694,32.86362857097823
filtered_BA0803901_segment_2.wav,PSW,61562,61719,0.014240362811791384,512.5466365970452,579.341906847048,-12.893480660260877,108.7729463017898,-4.160435433160932,68.56643771562554,-4.071700067196155,40.97129029293339
filtered_BP0803902_segment_1.wav,PSW,0,65,0.0058956916099773245,832.3578011150978,1450.0878205527272,-26.31908572512256,425.24493780851975,-9.001997990257605,66.9071211939816,0.4180932342625623,32.048957157605095
filtered_BP0803902_segment_1.wav,PSW,65,103,0.0034467120181405895,2381.1564470793187,754.6721777987037,-7.304732515775599,115.29130468664009,5.655033514330847,43.083928502901884,0.0,0.0
filtered_BP0803902_segment_1.wav,PSW,100,175,0.006802721088435374,3122.5964802661197,2309.2797292373093,24.060618608136103,386.92186549144526,-1.692205505492172,100.05639852452697,9.360707052838011,48.99972405425705
filtered_BP0803902_segment_1.wav,PSW,194,254,0.005442176870748299,5126.437522284683,410.46402961665143,-2.300783827606665,205.1421296715991,3.593203849558706,92.39201261016258,-0.9997701942412938,41.01551772519321
filtered_BP0803902_segment_1.wav,PSW,304,363,0.005351473922902495,3428.7658415061114,1580.184955974052,-50.459185767368055,332.9875414990747,15.820388431342835,62.36131787247754,0.42883585826171333,38.06798820452862
filtered_BP0803902_segment_1.wav,PSW,379,439,0.005442176870748299,5461.476694202729,1684.2337623421383,118.20238177910075,405.1768814773578,-7.013054581343992,299.09161456430286,-5.495126465942104,53.57299209640731
filtered_BP0803902_segment_1.wav,PSW,445,492,0.004263038548752834,3882.7696773807693,552.9051703375264,6.675704978581865,75.76966298228038,3.079726531885204,42.88203308001173,0.0,0.0
filtered_BP0803902_segment_1.wav,PSW,492,539,0.004263038548752834,2778.5712167966662,1350.1829468053197,15.75875378053402,68.2005265316322,3.5103059524717475,34.80711525780895,0.0,0.0
filtered_BP0803902_segment_1.wav,PSW,539,574,0.0031746031746031746,2857.663345869224,1748.1913528498046,2.4493813578810864,186.42367785756176,10.774308321049183,192.26384139859402,0.0,0.0
filtered_BP0803902_segment_1.wav,PSW,574,639,0.0058956916099773245,8978.019028476889,11004.395449090885,-222.51120364550906,2092.2484153107353,-233.9833569335666,804.443269550671,-5.7716558165292176,154.09514539718165
filtered_BP0803902_segment_1.wav,PSW,699,752,0.004807256235827664,879.601012974991,2341.2913243089597,6.738350279451769,554.8730268706959,-6.670925539498864,179.93882101182945,0.0,0.0
filtered_BP0803902_segment_1.wav,PSW,752,818,0.00598639455782313,3301.5742862569386,882.280165327068,56.70123451194388,227.9963307511086,-12.99147967165479,106.27438779920088,-10.585399131964179,34.74119451754796
filtered_BP0803902_segment_1.wav,PSW,846,897,0.004625850340136055,2146.6787623927567,371.07467146051334,18.709962667151423,176.35693436973105,1.2660285196747285,39.09163270594636,0.0,0.0
filtered_BP0803902_segment_1.wav,PSW,1621,1681,0.005442176870748299,-3545.6728225267043,2123.1801753164264,-7.57302352807981,598.569909915986,15.0258787931641,100.24788549171659,-1.1259209913778037,53.47673394563842
filtered_BP0803902_segment_1.wav,PSW,1681,1728,0.004263038548752834,-928.9740946834157,1236.9961050550723,6.87252737808555,48.59895409804681,3.787207336800616,28.60945855514002,0.0,0.0
filtered_BP0803902_segment_1.wav,PSW,1728,1794,0.00598639455782313,-2723.505039730309,6671.5974167341,-155.93566661829837,1576.0168482999507,2.2018399132514466,412.49600347269353,0.662433788796275,67.48869322011669
filtered_BP0803902_segment_1.wav,PSW,1791,1844,0.004807256235827664,2928.448350374032,1420.0472253649648,4.84859639577159,65.9109421606974,-1.73574199376861,42.912591449926,0.0,0.0
filtered_BP0803902_segment_1.wav,PSW,1885,1938,0.004807256235827664,2955.788466733628,5530.454088775892,144.3536971909556,1062.6883058920982,-0.8361382063971148,104.01785527101988,0.0,0.0
filtered_BP0803902_segment_1.wav,PSW,1938,1995,0.0051700680272108845,2892.7969892838864,1716.5493311642808,39.45882814600103,174.82083821784605,7.414324142720298,81.48856881489505,4.828522832373179,42.79606691529184
filtered_BP0803902_segment_1.wav,PSW,1185,1267,0.007437641723356009,-571.1117060399764,4469.405818420117,-571.6164956243022,2801.498622340161,-72.0847861687153,675.7997908593037,7.376139016939751,70.96162355194652
filtered_BP0803902_segment_1.wav,PSW,4278,4379,0.009160997732426304,4269.877424685895,1995.7686893603789,8.941853322842762,168.2310988454403,4.997810408652892,56.17857843981272,3.847795628444562,34.704090570321675
filtered_BP0803902_segment_1.wav,PSW,4444,4539,0.008616780045351474,3808.0836133520706,1719.1263285231614,-74.35588096778335,570.6250974539372,3.048241090196969,115.18130768548117,3.1889450114564633,44.498955887043735
filtered_BP0803902_segment_1.wav,PSW,2823,2936,0.010249433106575964,511.58002814065816,4594.177552983561,151.80927141288583,791.2251348004199,-10.873252515873641,625.9651893722818,-3.275054526274486,86.79928292916071
filtered_BP0803902_segment_1.wav,PSW,1998,2057,0.005351473922902495,2556.5317407811235,2349.7167231265803,-135.47080104718788,731.4064928375574,-1.1998010139118107,127.05144218495417,3.859483713934267,43.15504183167966
filtered_BP0803902_segment_1.wav,PSW,2057,2111,0.004897959183673469,2937.215249929343,1064.1225234060337,-5.614562446176699,133.5705754443165,4.298004950113865,44.920654932400815,0.0,0.0
filtered_BP0803902_segment_1.wav,PSW,2098,2164,0.00598639455782313,4919.895439810885,2156.076879035313,12.2528521423969,181.1625560634344,-8.55453814318693,133.9832900419158,3.4847432112851604,38.35783353641477
filtered_BP0803902_segment_1.wav,PSW,3522,3613,0.008253968253968255,476.1240966263223,1668.491604540074,-14.373044119276722,310.7106368312524,-19.077895414448506,60.076622149903244,4.771587082764051,47.14490465848609
filtered_BP0803902_segment_1.wav,PSW,3434,3519,0.007709750566893424,-667.8248096714293,1494.8202653831868,-0.2299322726370434,189.1822803929871,1.5603690877927348,83.08726603148351,2.144658929737684,50.073874444167
filtered_BP0803902_segment_1.wav,PSW,3001,3067,0.00598639455782313,2981.568603874292,4450.696574399877,183.06351245786604,1176.7226136972238,59.535781570805185,1182.748638866885,-14.007154942177694,167.46961503183812
filtered_BP0803902_segment_1.wav,PSW,3246,3312,0.00598639455782313,-1151.3159997770567,5168.431669329631,-111.34284591869798,1017.0113412574632,-30.24935071171652,616.2693784742041,7.639873492491123,232.9589428333331
filtered_BP0803902_segment_1.wav,PSW,2302,2346,0.00399092970521542,2826.331854258532,1301.5223701374534,12.406529978969917,93.49668315037113,4.242227498515763,49.31171697977184,0.0,0.0
filtered_BP0803902_segment_1.wav,PSW,2343,2377,0.0030839002267573695,2779.79034350037,809.4750404452957,-44.39838614216405,135.93560826056947,12.991653381174666,50.79313898841579,0.0,0.0
filtered_BP0803902_segment_1.wav,PSW,2374,2424,0.0045351473922902496,3636.9875772168484,734.6212935056227,13.513546728305338,106.75348124730567,-5.008925378347986,43.56286342485893,0.0,0.0
filtered_BP0803902_segment_1.wav,PSW,3798,3867,0.006258503401360544,2466.9753371683764,1364.2225862035057,7.932737983234702,213.4012348860277,-27.075227384926112,175.35389579392682,-4.614367036617503,52.17745685427905
filtered_BP0803902_segment_1.wav,PSW,3350,3434,0.007619047619047619,-2927.5605340758875,1689.1610511453807,22.24105131217355,261.4818115287671,-9.008557427348357,98.08799588256953,2.588875038381579,36.21931662111364
filtered_BP0803902_segment_1.wav,PSW,3905,3971,0.00598639455782313,5038.536533425531,1071.4761772497482,-34.07014227893241,242.59146849890723,8.459688615184522,120.37102422742073,-4.033325373967513,39.068981153926444
filtered_BP0803902_segment_1.wav,PSW,4633,4731,0.008888888888888889,268.02539310211455,4167.632472565112,106.03798130327456,1230.2147290805294,16.53436250052043,642.8682292258825,3.590784344240115,200.64160648788382
filtered_BP0803902_segment_1.wav,PSW,3631,3757,0.011428571428571429,-6000.348063432861,9888.255840868076,-336.1136868703848,2789.7129166028894,-4.653673823569666,1436.929230741906,2.2551255857546115,568.1310865373509
filtered_BP0803902_segment_1.wav,PSW,3732,3802,0.006349206349206349,-2024.9820296120265,3196.323687388642,123.19042271209392,514.4300546872844,2.6357385517967176,163.36708570293615,-6.21435347800115,41.37672620682894
filtered_BP0803902_segment_1.wav,PSW,5381,5443,0.005623582766439909,-195.20982466564195,1713.7791998065475,-87.83618278593528,749.0525541992865,0.867743804879211,84.1150967494377,-0.09949103843246361,44.13845090211693
filtered_BP0803902_segment_1.wav,PSW,5440,5513,0.0066213151927437645,-96.03284089179925,1418.7493921391977,16.402625001090993,319.75923116399287,-4.202558520728989,131.39913998500086,-1.1750770060618099,49.399906913098484
filtered_BP0803902_segment_1.wav,PSW,4913,4993,0.0072562358276643995,-3252.265952296363,1705.5283183921194,-37.00542660559542,247.76428124428278,11.60229210946452,116.86577723115558,-6.086676027738187,32.89391338369515
filtered_BP0803902_segment_1.wav,PSW,5056,5115,0.005351473922902495,-2967.1531266343904,1567.139353950551,102.54719900342,355.1847120565282,-12.286103525400971,107.21717484117985,-0.285182378206611,42.96432255424985
filtered_BP0803902_segment_1.wav,PSW,5115,5161,0.004172335600907029,-1117.5786280134757,690.7594621554015,25.03943939804352,117.28305604134437,-0.8230811732922945,59.06634260944407,0.0,0.0
filtered_BP0803902_segment_1.wav,PSW,5161,5234,0.0066213151927437645,69.06978926003745,1761.2742363176537,18.953754360301364,238.89021192337265,-3.17878250967824,72.071348658627,1.9239501201565907,38.48801251870329
filtered_BP0803902_segment_1.wav,PSW,5587,5702,0.010430839002267574,1441.6258984520377,5556.475343579402,41.211597668916156,1778.061763934926,-128.61570724239579,1201.4993824332323,5.888230632349552,233.75880485440922
filtered_BP0803902_segment_1.wav,PSW,5719,5772,0.004807256235827664,2686.6653449905234,1662.3330136475338,-4.1973531045687125,169.5201025665308,-11.892602479875181,78.78180953631642,0.0,0.0
filtered_BP0803902_segment_1.wav,PSW,5782,5824,0.0038095238095238095,4017.4809198200483,915.783985747002,26.364294525865333,72.24355795564281,-3.0293585128181224,27.561757389286946,0.0,0.0
filtered_BP0803902_segment_1.wav,PSW,5936,5995,0.005351473922902495,3022.6213545603537,1066.5416961137716,-13.719594044469327,74.73391881698784,-24.255047716108344,113.56651902853312,-6.071624735907772,61.54917621526445
filtered_BP0803902_segment_1.wav,PSW,5995,6058,0.005714285714285714,1343.5291691718394,2162.652030359657,33.296285855763706,358.47425422943394,7.653243819434333,137.16309443091535,-13.99238441418037,55.39575067476031
filtered_BP0803902_segment_1.wav,PSW,6058,6100,0.0038095238095238095,1561.3558101851681,1123.93662308949,-1.5940231176495199,71.0188371821285,-6.697269656500079,28.942010153964254,0.0,0.0
filtered_BP0803902_segment_1.wav,PSW,6100,6187,0.007891156462585034,2660.311026558002,5862.068104092476,16.81711113152686,912.947038996629,-68.75130862983362,436.14926819416695,2.3864992884743654,74.25774065165939
filtered_BP0803902_segment_1.wav,PSW,6365,6488,0.011156462585034013,-1919.307549622031,4900.939256517442,-296.25919762749623,1982.7535315827645,-40.48859960185059,596.7182015930915,-9.257329960840424,139.94549959878583
filtered_BP0803902_segment_1.wav,PSW,6721,6798,0.006984126984126984,1847.751952679172,2452.7782105000497,5.462683793741429,371.5053402591896,-13.535268015527484,85.47998959612714,4.06403238202157,43.736981183053594
filtered_BP0803902_segment_1.wav,PSW,6610,6711,0.009160997732426304,1099.1080457390638,1700.1876054313516,-81.93098562108332,499.2211485491113,19.22954690315008,141.75364855081145,-0.13414390897901626,82.27864558159135
filtered_BP0803902_segment_1.wav,PSW,6854,6934,0.0072562358276643995,3195.500209493408,1345.9385089622726,59.65463981007264,148.74792938924492,13.075284628828529,111.07020052056565,4.989919787484064,39.91669257096846
filtered_BP0803902_segment_1.wav,PSW,7148,7214,0.00598639455782313,-959.6345669065107,1588.4469496535835,88.02136625476275,400.5539866926407,4.4600653845885745,202.0440030457734,4.682911482740739,47.95588317492585
filtered_BP0803902_segment_1.wav,PSW,7214,7312,0.008888888888888889,-2314.6465258774665,2849.4973610701086,32.52782440935344,299.6173087698057,4.440416101382176,123.03336217863519,-7.08217838526097,43.74561873859826
filtered_BP0803902_segment_1.wav,PSW,7553,7640,0.007891156462585034,-5487.146165946789,5819.813314067642,-172.88624405702058,1396.921656576397,17.254335451583028,152.86186345694253,5.068122065269407,66.28547076795353
filtered_BP0803902_segment_1.wav,PSW,7640,7706,0.00598639455782313,-1640.8781441051092,849.8572819997579,-38.86092826322767,233.57640844791604,5.677246170333068,67.77299378169371,-2.3328876101333513,40.62843889153699
filtered_BP0803902_segment_1.wav,PSW,7731,7811,0.0072562358276643995,-1563.9362925215728,1974.9528237245427,91.5971335152216,803.5810947109279,-7.891808163500156,276.04180665101063,-0.36384095935034877,52.215702803814885
filtered_BP0803902_segment_1.wav,PSW,7811,7902,0.008253968253968255,-2716.7071966089316,3074.5224900154135,-36.88700279716661,710.543404728565,-0.6199998911850487,128.05190849573387,3.8783414694808296,40.109496258487304
filtered_BP0803902_segment_1.wav,PSW,8199,8282,0.007528344671201814,-4236.024144321561,2321.8587554226096,-70.41794654685415,574.4897147447589,-13.938291070119673,141.01380734596896,5.450694272058313,41.51153908088135
filtered_BP0803902_segment_1.wav,PSW,8283,8344,0.005532879818594104,-4864.385235199522,4187.888548531185,-145.96337850171025,1017.0810519822109,-2.8432465696196303,220.46116789472075,-2.4560320845454897,64.40751450632105
filtered_BP0803902_segment_1.wav,PSW,8344,8398,0.004897959183673469,936.8567139782632,1351.1652983291651,10.269640565078872,110.68334014388587,-4.574062358332897,43.01638162690759,0.0,0.0
filtered_BP0803902_segment_1.wav,PSW,8469,8536,0.006077097505668934,2622.609595257498,1667.7543155202914,-56.665374873533715,320.8276090541156,1.1597965950961475,98.17935473929319,-10.228942013778806,53.502444153189636
filtered_BP0803902_segment_1.wav,PSW,8843,8897,0.004897959183673469,-2645.6077113669453,1144.1608910728519,3.270631076645149,103.12670753089962,-9.077068342654593,57.02377728084323,0.0,0.0
filtered_BP0803902_segment_1.wav,PSW,8891,8961,0.006349206349206349,-2485.3785313955655,2082.5586072327374,112.30599519961356,384.4835723027527,-11.404671356423684,231.33636256107297,-3.7556021518724862,68.00931521164136
filtered_BP0803902_segment_1.wav,PSW,8955,9005,0.0045351473922902496,315.89580774864226,999.0406720979736,-4.361668245021036,178.38905581464263,-1.8784923646665508,49.072534259827584,0.0,0.0
filtered_BP0803902_segment_1.wav,PSW,9417,9498,0.007346938775510204,-2681.382288090864,2215.1431309288487,141.95270468791927,506.5295245594043,13.05341188175781,141.09398997323478,-2.284972200666132,49.899504563490474
filtered_BP0803902_segment_1.wav,PSW,9498,9602,0.00943310657596372,-2584.9543845969056,5089.338944575611,-113.92453813942508,1234.6576193409098,-5.854972989631779,281.06536968043133,4.124360042347262,54.812370389391376
filtered_BP0803902_segment_1.wav,PSW,9602,9670,0.006167800453514739,2319.552317245138,1112.399929325765,8.15596871429004,174.41404385162906,-12.524014456725952,83.78756088890896,-4.434348515763474,33.13753812455866
filtered_BP0803902_segment_1.wav,PSW,9289,9329,0.0036281179138321997,-2079.520264728368,921.7574266190923,-20.747362162050973,196.88698748086512,-0.5289754737489696,34.53874677190187,0.0,0.0
filtered_BP0803902_segment_1.wav,PSW,8995,9053,0.00526077097505669,1386.8727267601425,599.5966272678771,43.825248401656644,262.57319752845115,26.134804294777712,68.15823209752381,-4.5548236661894705,34.90469028035797
filtered_BP0803902_segment_1.wav,PSW,9842,9903,0.005532879818594104,-1404.2516200580956,677.2991011106099,-24.630648995543144,198.1250912571557,28.53536419350744,105.72293605630959,2.8115951086880897,41.35055713959174
filtered_BP0803902_segment_1.wav,PSW,9953,10021,0.006167800453514739,-2360.746615922424,1591.396440269685,-26.046510923871118,296.50916675641554,-6.957343126813978,97.83484738620841,-2.636424470423131,53.83631317507423
filtered_BP0803902_segment_1.wav,PSW,10021,10091,0.006349206349206349,-1771.8898571353996,2053.56975587268,-55.638542445252135,740.148281998733,0.5115029259068037,119.52082050554503,-2.9243341776190492,41.505415809285594
filtered_BP0803902_segment_1.wav,PSW,10118,10193,0.006802721088435374,-1052.3427739117217,3451.3262388239555,55.54617580424671,184.6097466823272,8.649462956253775,132.03728287683683,-7.631473505218287,36.207094577659156
filtered_BP0803902_segment_1.wav,PSW,10206,10277,0.006439909297052154,965.2766763930075,2009.910259834006,44.30173213710881,226.7756314125764,25.559181973282797,78.79057057159432,5.509386056872868,35.24321994396913
filtered_BP0803902_segment_1.wav,PSW,10344,10388,0.00399092970521542,838.4161321102738,621.5248929320325,-3.8062645741331824,143.99477921486087,-6.5218181070851315,62.113212950643906,0.0,0.0
filtered_BP0803902_segment_1.wav,PSW,10378,10463,0.007709750566893424,397.62257457731545,1732.6456604431253,82.67176769684663,485.767539549658,-25.70017772199839,162.49783255814936,0.4538075235450454,48.75132257122189
filtered_BP0803902_segment_1.wav,PSW,10466,10584,0.01070294784580499,2733.5387065304376,3311.4520990730066,-93.45730759497921,832.6033923898108,17.438037050750417,302.6596573526173,-7.641702863153836,76.47208135950845
filtered_BP0803902_segment_1.wav,PSW,10628,10695,0.006077097505668934,2327.013433354337,1647.7497902337984,54.7907243002,344.8644222946215,-4.362127365831764,225.01256760553034,3.658051504410199,50.25192454349115
filtered_BP0803902_segment_1.wav,PSW,10695,10756,0.005532879818594104,1740.747794046796,1517.1811317779832,84.15059175514861,246.42130264729713,-7.450953206053936,109.87648490147537,-6.855154113479641,59.591418938711605
filtered_BP0803902_segment_1.wav,Fibrillation,10756,10817,0.005532879818594104,616.3008465452147,1151.233460727349,-28.291917312875423,310.4318059223908,-3.7359964451814927,131.80534811367326,5.487749078262122,47.4108323227276
filtered_BP0803902_segment_1.wav,PSW,10776,10867,0.008253968253968255,-320.83482925521497,1505.8293330807837,-9.460235367253187,397.5847669238659,-10.235007184966625,105.44743880116657,1.508017968044547,40.032409250636995
filtered_BP0803902_segment_1.wav,PSW,11077,11137,0.005442176870748299,-1260.3952202020373,1716.6914571399834,-8.643266185257138,256.1264962950627,3.0728936934014115,158.64055038984054,-1.6325229765473142,47.78445581438082
filtered_BP0803902_segment_1.wav,PSW,11137,11232,0.008616780045351474,-3300.9061235772997,3066.8188249892114,-5.5528848041513434,140.38219292304663,30.79497927106715,230.66286339802224,2.2885708283558994,51.32784958677548
filtered_BP0803902_segment_1.wav,PSW,11232,11313,0.007346938775510204,-1452.7484253194623,332.43788694417003,16.622668636780396,153.78582597471168,-12.65476137849737,65.11846645215024,3.062066547005881,48.27223018451094
filtered_BP0803902_segment_1.wav,PSW,11370,11515,0.013151927437641724,-3912.1282700025636,5457.678549638879,359.9024612648464,1253.793911350505,32.892654464984524,727.0948567611539,-10.733678958247149,338.87132148759446
filtered_BP0803902_segment_1.wav,PSW,11562,11677,0.010430839002267574,2450.6702241386915,2660.4230442627286,-95.88571869726447,864.0424363475507,-19.833368195397128,296.3137719283519,-3.395700425109983,91.37216443740384
filtered_BP0803902_segment_1.wav,PSW,11937,12014,0.006984126984126984,996.2038799748293,938.5003422014724,-28.367901454396154,263.56348314913276,-2.4036141791218273,73.29186818521033,-1.2625554154494236,50.697464897900254
filtered_BP0803902_segment_1.wav,PSW,12055,12126,0.006439909297052154,998.1493057793057,3240.405132773775,-59.840618790882324,640.2319580764887,-4.659707307964583,148.0367524547755,7.8950781259289515,48.8871058932257
filtered_BP0803902_segment_1.wav,PSW,12126,12173,0.004263038548752834,2944.401790703082,781.6140708588516,-5.052323501726037,42.20596133607508,-2.26662344490642,42.9486806586771,0.0,0.0
filtered_BP0803902_segment_1.wav,PSW,12156,12217,0.005532879818594104,5627.814221201169,1232.7088932213383,14.44374441450558,423.3646565772623,-4.3846515621622455,95.20099514840577,3.6985093065470873,33.778295281135335
filtered_BP0803902_segment_1.wav,PSW,12217,12341,0.011247165532879818,9214.656454996792,2695.5136285365256,-181.1974587889419,1118.0603680940312,-61.60533539130018,673.86252815956,-10.117300291356123,124.10444934029266
filtered_BP0803902_segment_1.wav,PSW,12399,12453,0.004897959183673469,4526.1845247163,1385.802882525399,-20.697494109247558,329.36465181804505,-2.445557952396525,68.5620195189583,0.0,0.0
filtered_BP0803902_segment_1.wav,PSW,12446,12517,0.006439909297052154,5395.188694932421,1497.7255233692256,97.62362144633742,283.5033691205804,1.4308811798661891,118.65323846194781,5.657421931822068,42.16798294268523
filtered_BP0803902_segment_1.wav,PSW,12554,12635,0.007346938775510204,3007.485600791269,1475.0398494001854,-3.9791356052173095,92.93630573267728,-14.423932739685117,53.21626909500841,5.230983387133385,36.41020850388843
filtered_BP0803902_segment_1.wav,PSW,12760,12861,0.009160997732426304,-3749.317125818843,2363.4666687616873,-30.926742799300655,353.03078097968114,-7.453232168600056,99.54884709786512,1.6537891399121858,48.42003165061514
filtered_BP0803902_segment_1.wav,PSW,12861,12976,0.010430839002267574,-5835.08440035012,2490.721798394223,-59.78200508840438,1113.764514750064,-74.17573113821716,977.612435517089,7.4182665548142195,101.69410090770474
filtered_BP0803902_segment_1.wav,PSW,13074,13144,0.006349206349206349,-2471.355006782986,1672.2332294488026,-74.89537924669138,336.9475824307887,-21.818028549878747,152.04060111013055,-2.028295958465455,41.672841011590116
filtered_BP0803902_segment_1.wav,PSW,13205,13296,0.008253968253968255,-483.64581615777195,2118.9186644207975,35.170493674804966,256.26687038771615,1.533427746713642,107.6204587583866,0.4312031952089128,46.50366404462111
filtered_BP0803902_segment_1.wav,PSW,13296,13374,0.007074829931972789,350.73249659700207,4288.07380828625,-15.634309853609409,931.2325597546989,-24.898893942180436,461.4919753232444,-8.427327868518843,85.09656705339953
filtered_BP0803902_segment_1.wav,PSW,13374,13468,0.008526077097505668,4928.53183448725,2257.8520864828392,23.091194096162667,318.76750771091935,-4.001487948511159,108.06931857871467,7.964994065499386,41.29574971930596
filtered_BP0803902_segment_1.wav,PSW,13913,13984,0.006439909297052154,-631.6961743612812,1147.665240866654,16.78914708088542,267.08817134720647,4.711146967444281,78.26821902677632,-1.0910388085433425,50.968892518264575
filtered_BP0803902_segment_1.wav,PSW,13984,14133,0.013514739229024943,-868.8878791167949,3958.1907778523196,193.68731600873977,782.9816242047556,-5.23287788477225,376.48641527885314,4.28946606119365,123.37467882382832
filtered_BP0803902_segment_1.wav,PSW,14207,14305,0.008888888888888889,2035.921286266135,1360.2075420218446,64.89321461837827,369.3799629668823,-0.9544312407822702,175.0878605855269,0.05860612148291701,56.175180992953536
filtered_BP0803902_segment_1.wav,PSW,14305,14396,0.008253968253968255,1139.780422887597,1266.9580736254534,-49.86906101868231,564.3481717172078,-11.976991329081864,104.31621777160093,-6.065172957813536,52.08052134654978
filtered_BP0803902_segment_1.wav,PSW,14588,14699,0.010068027210884354,-621.6344966229142,2951.5261365125684,-44.32014833944104,480.49423047369993,39.42658257928447,275.0165857105173,6.967660353695249,68.53138127648374
filtered_BP0803902_segment_1.wav,PSW,14504,14581,0.006984126984126984,1422.4989626836953,583.2262008019072,20.50253464435556,121.74366936955494,-13.736680982685234,66.21596656036311,-7.845623523476527,35.797406104896844
filtered_BP0803902_segment_1.wav,PSW,14895,14986,0.008253968253968255,-1005.2164291519034,1305.8658246937662,-12.805313476975876,363.8211089388374,-3.584277030769372,60.23615956043003,5.791697505267442,46.782446870229265
filtered_BP0803902_segment_1.wav,PSW,14804,14865,0.005532879818594104,-483.9056748402391,906.9488883194152,-12.436429792079432,215.93442811862843,-17.02306159542921,110.26484626723303,0.4918501694196364,49.37944306603577
filtered_BP0803902_segment_1.wav,PSW,15084,15165,0.007346938775510204,-2198.8382703193847,1130.262285888267,7.197711129903105,206.8124600160222,4.317102260778481,54.7900527145199,-3.6641200316069873,30.207598147144232
filtered_BP0803902_segment_1.wav,PSW,15165,15229,0.005804988662131519,-3215.951451253593,1576.2584924196897,4.664483820277583,273.48839475812684,0.04465723020010075,97.41827108779765,5.254909951050386,40.90292500323357
filtered_BP0803902_segment_1.wav,PSW,15229,15337,0.009795918367346938,-2237.3132142703666,5824.983820746786,-21.58403760672879,968.8140578373709,-27.421968693970427,476.14109863630824,5.375878214819736,59.10337794105879
filtered_BP0803902_segment_1.wav,PSW,15418,15499,0.007346938775510204,4669.612198634057,1471.0002168649894,-5.774343909643687,172.08235418978128,-13.282821204903593,59.98942613158547,-1.8501051952656165,39.50255238557249
filtered_BP0803902_segment_1.wav,PSW,15499,15556,0.0051700680272108845,5033.006690553124,1180.9636020037776,28.31060084751041,237.17314283711903,-8.997048829267749,91.31069992330151,-7.877333552555452,41.3618823746329
filtered_BP0803902_segment_1.wav,PSW,15553,15630,0.006984126984126984,5935.602355927119,594.7099631554516,-50.96092211462997,158.4398126983823,10.24569734411907,71.81235065629458,-8.554726746436273,45.06009698955705
filtered_BP0803902_segment_1.wav,PSW,15725,15806,0.007346938775510204,3853.0625894214145,1450.7747963469897,-37.18474446165159,234.1329423712946,8.751873241107283,68.98629751924216,0.44438743998567143,45.17039758293472
filtered_BP0803902_segment_1.wav,PSW,15829,15867,0.0034467120181405895,3632.2260539581184,439.3243339129533,13.179598915447645,73.18756951508476,3.8850346038544306,40.81354745224043,0.0,0.0
filtered_BP0803902_segment_1.wav,PSW,15867,15907,0.0036281179138321997,3939.7237500144142,488.312607391636,4.952880647143532,102.35945124962736,-12.173452314993432,42.225494399219066,0.0,0.0
filtered_BP0803902_segment_1.wav,PSW,15985,16059,0.006712018140589569,2096.742771487074,3039.1538010800714,-18.718999275518517,599.8557058825776,-6.755594601372183,101.00768888303877,1.7481732905606322,61.926303269831756
filtered_BP0803902_segment_1.wav,PSW,16059,16143,0.007619047619047619,4789.005814451789,568.1886307239047,55.20579643871399,288.7110466536831,-13.111924119351954,118.5554494209901,6.14413863932715,47.872014081641694
filtered_BP0803902_segment_1.wav,PSW,16190,16278,0.00798185941043084,2470.230581684247,733.4723391447299,12.478824301968846,105.50699600899978,20.721804803398687,73.32359728902966,1.2789293214528412,39.97500547654813
filtered_BP0803902_segment_1.wav,PSW,16416,16528,0.010158730158730159,-4374.026869772953,3001.386973357317,27.41524467051711,874.4109964063998,65.62664641434496,376.5212499037607,-51.55980712663176,314.5194230332865
filtered_BP0803902_segment_1.wav,PSW,16595,16676,0.007346938775510204,-1290.502056342119,1988.0846667310716,25.220781607851457,288.46847887045874,4.096697343138872,66.58800431285476,-4.210617078502031,46.14068045460906
filtered_BP0803902_segment_1.wav,PSW,16902,16953,0.004625850340136055,1496.258655292743,1057.7311916660792,-3.4454413744417094,115.88840494393547,8.79542564167226,37.774632973889524,0.0,0.0
filtered_BP0803902_segment_1.wav,PSW,16953,17010,0.0051700680272108845,101.87135613872722,2711.645510187283,-170.94885618109294,891.0835297038349,-6.646864421082547,306.9300689303022,3.9508955584655094,50.53791585439416
filtered_BP0803902_segment_1.wav,PSW,17017,17074,0.0051700680272108845,2198.475362164449,757.1744794507066,6.106830512012346,154.61824575192415,16.519606569389804,76.49645601484582,-1.8201635374767382,29.76443145757021
filtered_BP0803902_segment_1.wav,PSW,17071,17132,0.005532879818594104,2797.4289498913236,827.8680315784441,24.474078353766785,192.65304901103391,8.57393273276933,76.26199979704607,6.313623263397798,52.79381762557148
filtered_BP0803902_segment_1.wav,PSW,17132,17236,0.00943310657596372,-699.5385142648248,4990.089509286612,-73.00973886987144,866.8537036709585,-3.786272573405429,343.1110883286789,0.21518385290677855,57.697346553145024
filtered_BP0803902_segment_1.wav,PSW,16511,16578,0.006077097505668934,-2896.685508161175,419.36072068692613,-10.103808627837513,65.56528257654371,1.2138088365219124,70.92786932828497,-0.036225078880577556,33.04782525670391
filtered_BP0803902_segment_1.wav,PSW,16656,16727,0.006439909297052154,203.75785875783507,1393.2954257308218,27.545156214936636,231.22283760955918,3.7152603954685337,93.53925993611239,6.028141907851297,43.59452303527833
filtered_BP0803902_segment_1.wav,PSW,17273,17354,0.007346938775510204,3904.7131349017136,867.0276548045105,-20.115962865847315,238.0376605840503,0.06513049980675419,66.25783292508353,4.5835146530369135,37.25304199002446
filtered_BP0803902_segment_1.wav,PSW,17213,17277,0.005804988662131519,2953.942672014095,1515.126597116298,1.1855252989846312,147.31465792968086,5.412608810270783,73.34212715431923,-0.8609552904933435,44.95306574786329
filtered_BP0803902_segment_1.wav,PSW,17553,17688,0.012244897959183673,-3041.3301607392436,3556.026929407759,-112.77430659931639,570.051546351928,-11.358734105839169,260.5191145506373,-1.7479592679361862,104.19192038265184
filtered_BP0803902_segment_1.wav,PSW,17965,18012,0.004263038548752834,-390.84500874555533,421.23863979394605,-1.7144196244722938,102.87096428103933,-1.912007030784943,47.74931337514129,0.0,0.0
filtered_BP0803902_segment_1.wav,PSW,17712,17779,0.006077097505668934,-366.82261992354285,542.7472221178353,-10.558757483202438,118.16647105184614,-35.906039298214914,71.19872793214086,-0.9944099661057988,44.00079935453111
filtered_BP0803902_segment_1.wav,PSW,13758,13839,0.007346938775510204,-704.4718672476581,2089.3475039759533,24.221243988521138,181.49587370046936,-7.680597239527799,133.90661670065498,-5.045746139370078,31.163461779572106
filtered_BP0803902_segment_1.wav,PSW,18004,18120,0.01052154195011338,-1091.5160182035631,3980.876212234294,157.26929104472342,745.4121582955672,-23.36604717322445,498.16302517646426,12.148928989802371,120.64234581132835
filtered_BP0803902_segment_1.wav,PSW,18203,18312,0.009886621315192743,1607.3707589303879,3522.572096520524,-48.43467701329429,761.676773228956,25.931294104637246,175.10198743193845,-1.8370027015779566,99.00811020298615
filtered_BP0803902_segment_1.wav,PSW,18743,18851,0.009795918367346938,-4124.988398498113,1035.126316834724,-18.79128168595297,149.9508323281146,0.4561350698513298,83.03504647541108,-0.39083757710562067,42.80520201208021
filtered_BP0803902_segment_1.wav,PSW,18851,18990,0.012607709750566893,-6223.040403770488,921.135052300158,-61.89133149492156,536.1054270602592,4.1129026097201,264.6861032169524,-11.502994281657507,243.11064667288545
filtered_BP0803902_segment_1.wav,PSW,19065,19189,0.011247165532879818,-5200.168273331502,7030.154315786527,-457.61889813713566,2936.042309953857,104.91379556749742,501.99155692070246,-16.796826734720977,121.40137939785252
filtered_BP0803902_segment_1.wav,PSW,19249,19346,0.008798185941043084,2638.4321451533024,785.9565790179369,-4.71166335551555,186.6603548610869,-11.547358495631734,74.94921586877057,-4.4588994449649455,44.811658786013695
filtered_BP0803902_segment_1.wav,PSW,19616,19684,0.006167800453514739,415.3192423963479,853.2170835907856,0.6412728337213888,110.68099420488049,-1.3439332298471114,61.21998316332546,-8.858602980338421,40.159754530831876
filtered_BP0803902_segment_1.wav,PSW,19680,19740,0.005442176870748299,352.1659450501132,746.164288993088,15.318559747494684,112.9546183933812,6.106485878520344,73.03072618975908,0.7970037472624021,48.32278532795478
filtered_BP0803902_segment_1.wav,PSW,19736,19819,0.007528344671201814,-470.0459595205465,1170.6793095129378,19.537829924919937,115.47312363547685,-8.023317392251876,64.06698367429485,-3.6447990271878847,30.717904306139772
filtered_BP0803902_segment_1.wav,PSW,19939,20029,0.00816326530612245,-1925.4113023959321,1520.5452622501844,27.641449376145736,262.3881560676542,-0.3071846055307777,98.02004263432934,8.519835545090789,41.332550682368456
filtered_BP0803902_segment_1.wav,PSW,20119,20167,0.004353741496598639,-2407.8662890547957,2846.537203918694,-28.357050811126882,136.03344231195328,9.59703169979806,43.06658524808884,0.0,0.0
filtered_BP0803902_segment_1.wav,PSW,20167,20242,0.006802721088435374,1109.8979980649772,1859.3444470476065,-57.00038823955719,558.2043271701142,-13.095514224439134,81.75596355200094,-0.5265434502432922,51.66087594984138
filtered_BP0803902_segment_1.wav,PSW,20257,20332,0.006802721088435374,2965.6254246744584,1650.0657241764488,-27.100093921972768,528.866034543115,-0.0412013359363718,144.5448227113468,-1.8037578414823676,58.20401033303113
filtered_BP0803902_segment_1.wav,PSW,20850,20958,0.009795918367346938,-827.2110797185957,671.4925253143881,-30.234620926018682,248.56196699061718,0.781069251050873,95.15028183246248,-1.0998855899710116,41.48868416610191
filtered_BP0803902_segment_1.wav,PSW,20958,21093,0.012244897959183673,-1232.1727280915095,4923.853129638513,-358.3220400955108,2093.9016837904305,-1.29224972192524,756.5978788442162,-1.1795195886583545,353.6307980264159
filtered_BP0803902_segment_1.wav,PSW,21228,21344,0.01052154195011338,1859.7274873966912,1325.6188328171986,2.7331962836493346,218.48848393382053,-29.109756361784218,208.7246780883131,-26.841129338592406,76.25525143510082
filtered_BP0803902_segment_1.wav,PSW,21509,21607,0.008888888888888889,-598.3442811375517,952.2508100089942,-13.544277517635273,160.1420346489892,3.3211868488488765,53.10885737733654,1.471601239251031,48.851535408321034
filtered_BP0803902_segment_1.wav,PSW,21659,21723,0.005804988662131519,-384.242172647531,1926.6243523465384,-21.108998188507876,342.7278376868817,-9.247947284796727,157.29666595789692,0.7183811424838513,43.63099554269176
filtered_BP0803902_segment_1.wav,PSW,21715,21787,0.006530612244897959,196.02041217823054,1079.4413152035831,9.79829697203233,261.0749072690105,-0.1530970773379428,123.70676109241643,0.07156761468671008,38.44917025166402
filtered_BP0803902_segment_1.wav,PSW,22192,22293,0.009160997732426304,-1921.037545336202,3307.8919631907847,3.731275585796104,340.39824613240404,1.4437731927548378,105.85962420844245,2.087299925792556,41.76237222248032
filtered_BP0803902_segment_1.wav,PSW,22281,22368,0.007891156462585034,173.68158850720843,1614.4642342406544,-15.83725719844992,120.60366130837234,-6.501291034567625,63.294067461233006,2.28694963547549,40.55118870876838
filtered_BP0803902_segment_1.wav,PSW,22349,22469,0.010884353741496598,3423.8595124996605,975.7152205623862,-87.9803159996108,376.9426861043487,20.626108962613692,184.56198346405301,0.3432290226950742,83.75349824305617
filtered_BP0803902_segment_1.wav,PSW,22072,22143,0.006439909297052154,792.5796481519577,656.3306858796788,52.8614372394108,206.04608848695182,24.579964319686145,178.63414715651066,-3.833467411394333,57.99267964733948
filtered_BP0803902_segment_1.wav,PSW,22656,22701,0.004081632653061225,583.9262166875126,419.16088281835783,1.4154981604700385,66.02391459360393,-3.324671367954498,42.17737165463738,0.0,0.0
filtered_BP0803902_segment_1.wav,PSW,22701,22776,0.006802721088435374,195.77246217134947,1061.5726251442675,-29.909700335655835,216.87484180021383,26.31903749378988,75.24147976993267,4.007770610218921,41.574542759582414
filtered_BP0803902_segment_1.wav,PSW,22761,22889,0.011609977324263039,338.09791467432206,1666.789770294058,-13.170609135926084,406.18398372323105,2.5708141640047204,138.28471828191329,2.0990119285296083,76.44151890870717
filtered_BP0803902_segment_1.wav,PSW,22926,23031,0.009523809523809525,-269.27420229327396,3948.940617940242,-119.67556215404106,1193.7259817006482,10.798468664725393,170.64826152477787,-5.484889206519452,56.18050635291317
filtered_BP0803902_segment_1.wav,PSW,23414,23504,0.00816326530612245,-1351.0363295067941,1588.5618328841142,43.66246254563797,226.03248766679985,2.459447025161009,74.36761229362106,-2.0282327906381057,41.915609233320616
filtered_BP0803902_segment_1.wav,PSW,23950,24032,0.007437641723356009,-824.6322768347023,757.5200347249882,2.542459138264494,242.04854286484877,4.670326621657745,67.63682386264661,-4.406454327190646,37.02947554961976
filtered_BP0803902_segment_1.wav,PSW,24032,24145,0.010249433106575964,499.9733593375905,1579.910328053513,-71.36635217455796,297.33162142904905,28.540418939307358,172.04731045013884,-25.318090323448722,109.34223070825145
filtered_BP0803902_segment_1.wav,PSW,24167,24261,0.008526077097505668,1290.159786703244,1028.9543877285387,13.920419049209453,93.14022090449936,5.551551231828982,69.67982522832746,1.917429118221384,27.628903925398394
filtered_BP0803902_segment_1.wav,PSW,24261,24392,0.011882086167800454,2776.6556087274394,1477.3622056144197,17.58361579930202,224.73210528755098,15.56018901898313,100.46909505363091,-1.4543600893681716,50.10020074042233
filtered_BP0803902_segment_1.wav,PSW,24868,24977,0.009886621315192743,-2501.866734012042,4061.054583377006,152.8747924205925,442.8753708531758,-0.7941297083055128,107.36119068215837,-0.060495404314122175,43.44906089220373
filtered_BP0803902_segment_1.wav,PSW,24842,24913,0.006439909297052154,-3365.8097628374644,4648.1035860074935,-22.528023942893682,1187.7431736537567,28.662691577339512,505.8364383960782,0.750231046968393,47.901614338135914
filtered_BP0803902_segment_1.wav,PSW,25089,25149,0.005442176870748299,3654.2139379678974,869.5267495895753,-92.47601396239955,357.5992399332926,-25.012212496850633,242.68837301071179,-1.6864468118030291,52.84780195750934
filtered_BP0803902_segment_1.wav,PSW,25187,25295,0.009795918367346938,3526.2052222560974,1478.2670467202206,13.054955186935967,131.90990847299736,10.291249095711912,73.8501294318178,9.316565223794703,42.964327331333855
filtered_BP0803902_segment_1.wav,PSW,25374,25457,0.007528344671201814,2002.91119118732,1612.652523140317,40.616130138322404,180.9354002075995,1.1019210023945758,106.27620444970412,7.070408454202275,36.26999621844396
filtered_BP0803902_segment_1.wav,PSW,25790,25925,0.012244897959183673,-1812.3746820807464,3215.0347077971965,-42.87791254484706,693.2969621474642,-30.38804317841498,146.01244535361843,-9.118620406270868,68.53765974209063
filtered_BP0803902_segment_1.wav,PSW,25929,26056,0.011519274376417234,-400.77106689770443,1179.7306686214447,-29.5519044155011,459.75333612266246,-26.00616388055727,222.44992602604802,8.980670653257638,65.97607609070502
filtered_BP0803902_segment_1.wav,PSW,26056,26195,0.012607709750566893,545.1097892615778,844.1479846944322,-22.814926600844156,148.62476154065007,-10.30090974647661,98.73989243874759,-2.1635368639431283,90.72683165421412
filtered_BP0803902_segment_1.wav,PSW,20366,20418,0.00471655328798186,2172.8098379469907,313.7521923541422,9.753781573513571,70.9131852874969,3.2578660906303103,40.578423251278146,0.0,0.0
filtered_BP0803902_segment_1.wav,PSW,20418,20482,0.005804988662131519,2142.6337313267895,757.9970161222265,-5.418343458527411,96.22500058038429,-5.120199893679789,47.9964426717345,-11.633682380620153,58.19477791229081
filtered_BP0803902_segment_1.wav,PSW,20482,20565,0.007528344671201814,1453.379047060406,592.2078964206571,-1.6388900791965142,92.48607347180283,16.20792244965136,81.9486771945707,3.5468454604555797,41.35662150574589
filtered_BP0803902_segment_1.wav,PSW,20565,20670,0.009523809523809525,877.7856937962567,1527.9612962147214,-17.968647361050014,152.9676835009098,12.560032762325228,65.63330239347087,-0.0774949508425615,38.2473388516457
filtered_BP0803902_segment_1.wav,Fibrillation,23046,23136,0.00816326530612245,3099.106750801187,539.2305796759101,13.132247120049215,324.8087509674531,-2.254623714587663,162.68860568492602,0.02491649246149012,41.830475676353
filtered_BP0803902_segment_1.wav,Fibrillation,24718,24816,0.008888888888888889,742.5909554769956,673.7526840380215,-2.24263000435727,245.72266446484863,12.881792976080858,157.21182184237628,8.306955433737455,49.5821865458008
filtered_BP0803902_segment_1.wav,PSW,21573,21629,0.005079365079365079,-942.6942423237687,416.3086823302543,8.274762335244255,89.82043594890258,-5.819855155866843,87.98592819190921,-5.540362018189779,54.735462103803314
filtered_BP0803902_segment_1.wav,Fibrillation,21431,21494,0.005714285714285714,398.1710236185534,793.1873749185644,-44.23531715367132,342.2452176735451,25.27195697113428,96.92019788661352,7.354295392799949,65.55794450150555
filtered_BP0803902_segment_1.wav,PSW,24488,24590,0.00925170068027211,2069.155924299619,976.1768133902798,-5.84659187422358,155.95825607561187,-6.6315405598792365,69.14980958385674,3.6227931469892716,44.02222226167816
filtered_BP0803902_segment_1.wav,PSW,26340,26408,0.006167800453514739,-259.1672555370612,1063.8898955271673,19.26829165620922,93.26281207606762,-3.858786176599321,75.28338396245492,-4.3381913846129105,29.969315972458276
filtered_BP0803902_segment_1.wav,PSW,26473,26552,0.007165532879818594,-53.02320253393407,1618.6497271206085,8.581040926685375,194.7701212548269,9.258495952872929,139.1524178876029,-9.673300921653766,77.42167973809954
filtered_BP0803902_segment_1.wav,PSW,26825,26943,0.01070294784580499,-1511.5412126167046,5003.789482439044,-312.80352904502075,2145.4594578894194,53.23458977781952,648.3205311772721,-11.019404987491608,320.86558711402995
filtered_BP0803902_segment_1.wav,PSW,26943,27033,0.00816326530612245,2392.3446250666175,1446.9296127554007,12.83116511617166,272.47905639125236,-16.804589471210857,119.0361294796949,4.098148397411265,45.09804425364998
filtered_BP0803902_segment_1.wav,PSW,27371,27477,0.009614512471655328,-1957.69889345734,1628.2322000148863,-14.575122617826606,162.10673893028098,-4.011720966083664,84.0480035570653,-4.1231191272970635,39.51358101393709
filtered_BP0803902_segment_1.wav,PSW,27556,27674,0.01070294784580499,-502.0735379644905,1724.2809286057675,-45.949335781146445,475.5823595211816,-9.988825386368784,138.40268120417485,1.471611066559229,66.0228749796751
filtered_BP0803902_segment_1.wav,PSW,27674,27738,0.005804988662131519,398.56118632950813,448.6283492743164,-19.87689899876521,144.059592857445,7.563160809346897,73.20332472093605,-5.393633386338278,48.482433326036
filtered_BP0803902_segment_1.wav,PSW,27738,27855,0.010612244897959184,-37.96106207995065,715.7549310395058,-63.30473527689434,314.5907089311163,14.19883527800945,112.2272881809212,10.421630456467119,75.95434611123243
filtered_BP0803902_segment_1.wav,PSW,28015,28064,0.0044444444444444444,-74.6866632812446,559.4707811280085,12.962344302097506,66.4022938466779,11.50643170341564,41.982970374456876,0.0,0.0
filtered_BP0803902_segment_1.wav,PSW,28064,28128,0.005804988662131519,901.2115544875684,641.2036752975241,-54.844415293826685,382.30472786745105,-7.293715326897474,191.2152828991105,7.729539292991474,49.20214427479261
filtered_BP0803902_segment_1.wav,PSW,28128,28177,0.0044444444444444444,1051.1555911390658,376.06074269064766,-2.9381916162647266,46.03312649875574,5.326041612347942,32.083810181029044,0.0,0.0
filtered_BP0803902_segment_1.wav,PSW,28177,28234,0.0051700680272108845,654.7533890366965,875.3192509773086,-124.84436634999217,355.15790359689316,0.39112948830659183,72.56469194437064,4.266478631101657,36.648535098248125
filtered_BP0803902_segment_1.wav,PSW,28761,28821,0.005442176870748299,-3435.6501450374108,1492.7799283070756,-16.01310414911078,309.44769256410274,12.253198233384008,146.98320516303266,-0.2541678668132565,31.789397658226328
filtered_BP0803902_segment_1.wav,PSW,28810,28908,0.008888888888888889,-2841.134700491715,3857.698556342039,-65.41370447845972,1215.2496683675672,-0.3806857773710343,236.29258016806264,-6.063249845152199,66.98313543484812
filtered_BP0803902_segment_1.wav,PSW,28897,28988,0.008253968253968255,1932.8756166962942,1234.134231546433,28.654922268815472,159.66454879429406,10.991665997257675,66.90605717421576,-2.0104243519032985,34.6878434576995
filtered_BP0803902_segment_1.wav,PSW,29371,29477,0.009614512471655328,-531.7317837781347,955.586692339352,-3.0319935167683063,93.92843301130631,0.08740608333370575,81.48964847037018,2.3375918686033224,41.100362942964736
filtered_BP0803902_segment_1.wav,PSW,29552,29636,0.007619047619047619,-1900.4675927741828,1144.4035321144795,-19.951939359643895,269.9605737093342,-7.221484698574172,123.27599270630476,-1.0956639163197888,46.647850608679946
filtered_BP0803902_segment_1.wav,PSW,30003,30105,0.00925170068027211,-1292.8306536666648,926.5941675953036,24.70006674057495,119.07049317153785,7.9131397746114995,69.4122846852362,3.1448658117718202,40.79635691816106
filtered_BP0803902_segment_1.wav,PSW,30431,30533,0.00925170068027211,1100.8473264535207,1345.730699266043,-13.971502529521587,115.75088983106747,14.9259208921918,80.21145069098557,6.644772820983044,51.009199661730165
filtered_BP0803902_segment_1.wav,PSW,30568,30659,0.008253968253968255,2876.1897498914855,1488.2549664239746,37.074607910846844,129.53367221086216,-10.441262838600448,82.58834064626716,-0.633499189309864,41.74215411191169
filtered_BP0803902_segment_1.wav,PSW,30708,30890,0.01650793650793651,1924.6372090134105,4614.934978804204,276.9845332419008,1077.5848524277842,98.5668234615703,429.9663367662415,2.5527348675742427,138.58707429416694
filtered_BP0803902_segment_1.wav,PSW,32454,32549,0.008616780045351474,-980.8152770506638,1990.4653732460786,61.20953136754417,235.92332503561718,-4.254125850464854,105.89179609213076,3.375437181731848,49.39181569375417
filtered_BP0803902_segment_1.wav,PSW,32643,32761,0.01070294784580499,832.16599257263,1132.9273569879836,-35.37927723399487,187.1703310146022,11.634168767562139,129.23201494312383,-8.224612201975926,68.66065841348265
filtered_BP0803902_segment_1.wav,PSW,32761,32897,0.012335600907029478,1541.3970746235184,5325.575473816342,153.93279711529928,874.8986531846564,-48.22071253824396,850.6360890612854,-7.367733869809078,306.19013965197564
filtered_BP0803902_segment_1.wav,PSW,33041,33140,0.008979591836734694,1155.2596179716666,1254.1930284305831,33.51761312465458,121.3874178504867,6.6382803390029235,55.949699357480455,-8.299138482075355,30.65939009888239
filtered_BP0803902_segment_1.wav,PSW,33174,33299,0.011337868480725623,828.5930054208922,1319.3213017497114,84.93263244531242,252.56425468596518,-14.112953830673556,109.59631584636634,2.980582577845291,70.43474206675675
filtered_BP0803902_segment_1.wav,PSW,33598,33662,0.005804988662131519,-2273.65192570253,1177.273932769531,-4.28990899280442,129.08581688055017,1.9333975595823378,79.77062023244953,-12.543064318247193,40.762016756384625
filtered_BP0803902_segment_1.wav,PSW,33662,33731,0.006258503401360544,-1561.4671324671904,1181.3210471160571,-30.7325817421359,375.74104291025645,-3.6116550266026413,119.36182753847886,1.2148406332080603,42.72735880643799
filtered_BP0803902_segment_1.wav,PSW,34117,34212,0.008616780045351474,-138.00121832353696,948.2439113725766,78.49170879366234,361.95451499771843,0.7109158548812137,97.91823831426686,3.8882176037804967,48.836938589185785
filtered_BP0803902_segment_1.wav,Fibrillation,32295,32374,0.007165532879818594,-113.24973494225463,627.2197542758431,-70.09136563498762,270.15763212033113,-0.051273679995282234,169.02518139802547,-6.6851645299348625,54.093468938539225
filtered_BP0803902_segment_1.wav,Fibrillation,30321,30378,0.0051700680272108845,1706.4844910300255,491.04008078365285,-110.09769727364257,387.1785053513302,-40.35555072837848,164.87069692665753,-18.719689858171357,52.017569032824234
filtered_BP0803902_segment_1.wav,Fibrillation,28367,28435,0.006167800453514739,246.94318763724564,802.5417586884904,-0.4712286541742919,286.06834993829034,1.4771314176140735,224.20790893478974,2.211207525672786,49.802275821977446
filtered_BP0803902_segment_1.wav,PSW,32007,32117,0.009977324263038548,689.1412845933286,1419.5551269176026,13.940891378626723,220.47533953251883,0.1674125139441358,73.53138725896537,6.701658641800267,35.96116831083207
filtered_BP0803902_segment_1.wav,PSW,31840,31927,0.007891156462585034,764.4505656153042,1000.3065243621481,-34.97465025864464,300.89943400047275,-5.563729182193271,71.74679717022951,-12.442580700530572,48.80813094437902
filtered_BP0803902_segment_1.wav,PSW,31541,31613,0.006530612244897959,1812.8629858657478,813.045677270269,57.35061784612803,130.54149255945057,2.1011355673858976,78.88237552900468,-2.649506493005942,49.73668628791235
filtered_BP0803902_segment_1.wav,PSW,31363,31446,0.007528344671201814,126.7401323491011,887.0375619447642,-64.45804316205182,295.39444153069485,-1.1530442989414218,83.42925856875557,-8.386075403373342,46.86466287991388
filtered_BP0803902_segment_1.wav,PSW,31196,31265,0.006258503401360544,143.02673111081398,1051.4067031469579,9.698439414150773,186.5317756430053,-1.180556260403369,84.38206140678699,-0.6929949273949451,46.776104720344925
filtered_BP0803902_segment_1.wav,PSW,31265,31348,0.007528344671201814,1016.6389691265399,377.1174306237987,10.639491870593474,119.00218635574976,0.20741155025690006,74.15526224830771,-1.7044134586437272,37.39095967918459
filtered_BP0803902_segment_1.wav,PSW,31041,31128,0.007891156462585034,664.695127906493,1283.3757236826384,9.646959009643389,289.2249343764101,10.764544610099666,211.60839056631752,-5.950750446883927,66.92584147491914
filtered_BP0803902_segment_1.wav,PSW,33549,33609,0.005442176870748299,-2098.843010954187,524.0199618217022,-36.12494977250821,199.5593097837821,-2.0392164683487444,112.26760567032338,1.613877608661327,46.36424015316989
filtered_BP0803902_segment_1.wav,PSW,33473,33556,0.007528344671201814,-1818.4068808820243,495.98272682450505,6.405343363720641,85.5238772646096,-8.041744942148103,48.0483722299481,-1.6747177961595021,42.476616613411544
filtered_BP0803902_segment_1.wav,PSW,38784,38838,0.004897959183673469,-2377.9554150312715,3342.7357625423224,19.56860269321765,100.82292084376266,-12.133402874753894,79.47291089752548,0.0,0.0
filtered_BP0803902_segment_1.wav,PSW,38838,38914,0.006893424036281179,98.75615507144813,1078.9639255421328,38.84434228656139,252.263278817379,-14.422499459010915,98.06298728456913,1.5769804069533135,44.33996183438877
filtered_BP0803902_segment_1.wav,PSW,39938,40062,0.011247165532879818,-2235.9119729434324,1634.6837747409822,17.87261733000889,257.80833713066363,5.008160427578109,143.22770137923993,-5.061825578440432,58.086651126922604
filtered_BP0803902_segment_1.wav,PSW,40149,40221,0.006530612244897959,-300.78308742993954,1791.342353430931,45.746187749231574,387.45432498802376,14.601556724182167,150.31087888828435,8.415372458937904,34.22559458134764
filtered_BP0803902_segment_1.wav,PSW,40817,40926,0.009886621315192743,-2948.7148302368155,3697.7967556841177,173.05852164201735,526.2726503286304,22.258754446796427,101.22861312092596,-3.420172911369793,63.56683356164906
filtered_BP0803902_segment_1.wav,PSW,41020,41063,0.0039002267573696146,567.3091748716915,1127.754709119006,-7.402561113412954,261.49804192853935,4.87239423572651,55.132811766030756,0.0,0.0
filtered_BP0803902_segment_1.wav,PSW,41056,41125,0.006258503401360544,1442.0864884235032,1081.781155829206,-16.071434785644026,296.88962728781,9.134329694880352,102.04857119309354,-6.864791604087139,45.61126342202445
filtered_BP0803902_segment_1.wav,PSW,34707,34860,0.013877551020408163,-3563.723508857529,4449.5412392719,409.1666592453862,1119.770121218182,54.20559576787059,643.3843326337995,11.18522122820502,300.7369227435999
filtered_BP0803902_segment_1.wav,PSW,34889,34958,0.006258503401360544,897.8567395449255,1068.0015982988325,-0.4641711268433113,118.04147862609798,-5.8936340559022,76.25321061428558,4.18019461626029,34.943361196729896
filtered_BP0803902_segment_1.wav,PSW,34965,35019,0.004897959183673469,1414.6238665375492,341.92521094960483,-12.65522380383266,41.99729537939253,-5.341202690490962,39.58930284276862,0.0,0.0
filtered_BP0803902_segment_1.wav,PSW,35019,35136,0.010612244897959184,1140.61778039119,2124.092255244774,-90.9156901872788,525.7288772579806,22.767101014222803,186.0002126247742,-14.956715813011286,79.59956903432021
filtered_BP0803902_segment_1.wav,PSW,35139,35190,0.004625850340136055,216.73318887164274,482.9308039605781,-3.073617163053347,36.674651916774124,4.69131256875209,48.016802689029184,0.0,0.0
filtered_BP0803902_segment_1.wav,PSW,35190,35263,0.0066213151927437645,-28.292850070024876,1378.0857577257725,-41.7993538465731,180.70910305476502,-9.76026551734406,51.744606741631266,-5.55199791787399,34.2539862436096
filtered_BP0803902_segment_1.wav,PSW,35473,35575,0.00925170068027211,1122.9028511936729,989.7844182825929,-3.5720279492856495,234.11696720986703,-1.1381029110950138,63.06702253656526,-0.6165787701857752,33.8101416249311
filtered_BP0803902_segment_1.wav,PSW,34206,34279,0.0066213151927437645,643.2107354057026,392.4269932245767,16.054355856768872,103.62911539517319,4.7321046055077085,69.17682073837015,-5.839007050671109,39.31872518176777
filtered_BP0803902_segment_1.wav,PSW,34279,34333,0.004897959183673469,873.304338042426,401.2250329504752,29.839324309091133,81.76564991462556,-0.268218780108005,38.91604856694711,0.0,0.0
filtered_BP0803902_segment_1.wav,PSW,34333,34384,0.004625850340136055,995.393236029711,604.5632080058494,26.1053828219015,243.0789143212289,6.083120432563453,36.68964476142663,0.0,0.0
filtered_BP0803902_segment_1.wav,PSW,34384,34504,0.010884353741496598,278.9432387246321,2476.3511165936557,222.56638528469426,588.4506854726037,-76.84139058357852,583.4499831123909,-2.53082374387249,108.26510259250033
filtered_BP0803902_segment_1.wav,PSW,38228,38323,0.008616780045351474,-861.6308544237356,1723.752148214747,20.30431494987277,178.85588734165387,-2.1389644269492383,127.55178104936482,3.7838725877391033,53.19992317824023
filtered_BP0803902_segment_1.wav,PSW,38352,38439,0.007891156462585034,-188.17605006805877,1377.258811205758,-14.634611682123294,116.69208472414553,-11.450554068076755,54.54798080305265,5.640149780920306,45.94931965969373
filtered_BP0803902_segment_1.wav,PSW,37350,37412,0.005623582766439909,76.30191272228132,1068.919792010149,-44.70504957237904,336.03047486742463,3.3176758195070897,98.93323812061058,10.730021641394627,37.46353598870023
filtered_BP0803902_segment_1.wav,PSW,37412,37473,0.005532879818594104,323.7844514095272,881.0315228658178,-90.74684393898686,549.6783282358533,0.5894609152463659,253.05253868317126,7.8879198398618255,58.12394308055702
filtered_BP0803902_segment_1.wav,PSW,37473,37560,0.007891156462585034,1403.2919839590209,628.643330546389,18.65395280263627,180.70219328431062,1.6260044419309159,64.83520519227052,5.436082537020352,45.319646149248754
filtered_BP0803902_segment_1.wav,PSW,36751,36860,0.009886621315192743,-3459.104312836206,3934.972702163944,-56.16593278751515,896.8202577370223,17.923088707888358,364.46201204927223,2.530155868426347,59.00921674088211
filtered_BP0803902_segment_1.wav,PSW,36860,36961,0.009160997732426304,3253.2516818308795,1184.6381453812319,16.553247198098106,205.30985538492118,3.4598140066370564,77.77120330043962,4.591217238839237,44.335024513803916
filtered_BP0803902_segment_1.wav,PSW,36250,36337,0.007891156462585034,196.3787366885503,1727.3015642066491,40.826630967333514,223.61116390711842,12.621344123446379,59.41635372474656,1.4667181302410977,41.354281149950744
filtered_BP0803902_segment_1.wav,PSW,36435,36490,0.004988662131519274,-871.1214585065425,691.6662720223798,-9.17978505680014,61.783999047847765,-0.7258054449562971,42.66163185972113,0.0,0.0
filtered_BP0803902_segment_1.wav,PSW,39179,39252,0.0066213151927437645,-2345.7024249387387,1318.69545135583,35.95710976152255,299.6735614918551,-4.807482088311835,135.77760071499844,-3.7574026424186173,51.25594826631248
filtered_BP0803902_segment_1.wav,PSW,39252,39321,0.006258503401360544,-3172.951326019931,722.4186421026491,-24.61826585886996,296.07785227296705,17.781626529745186,94.83281264952392,-4.322766256918553,38.63507025870046
filtered_BP0803902_segment_1.wav,PSW,38697,38784,0.007891156462585034,-2106.7103387445522,1293.1513761999793,1.3375265272217112,159.42820875753003,-9.74532963343353,83.0951379758911,1.486789738617492,47.179658449416216
filtered_BP0803902_segment_1.wav,PSW,35949,36000,0.004625850340136055,526.2832394457614,561.6961662319989,-2.3338560548037233,45.1359367544801,-0.7585187148933478,47.6177254372845,0.0,0.0
filtered_BP0803902_segment_1.wav,PSW,36112,36163,0.004625850340136055,488.9499448667077,328.9555418653976,-21.076585039801092,51.80920768977239,-1.371043413579985,56.504280966990265,0.0,0.0
filtered_BP0803902_segment_1.wav,PSW,36010,36050,0.0036281179138321997,552.4664199902219,517.2255080855504,-4.140185618927362,109.29119131055019,8.4969966113642,32.339021170912105,0.0,0.0
filtered_BP0803902_segment_1.wav,PSW,36050,36094,0.00399092970521542,509.168815991377,425.7337726127801,-12.985189554392914,104.6687127050777,13.424552752023331,53.305801194559756,0.0,0.0
filtered_BP0803902_segment_1.wav,PSW,40599,40697,0.008888888888888889,-4227.938753084908,1523.6108670679803,-96.85252587845468,351.2938909064097,15.94939763706094,151.21139050088834,-0.4505351127472727,46.056071063847845
filtered_BP0803902_segment_1.wav,PSW,40523,40570,0.004263038548752834,-1247.324928473558,750.1756301912058,17.997862464326776,52.02958137495574,3.2634609731376654,52.640843221611924,0.0,0.0
filtered_BP0803902_segment_1.wav,Fibrillation,38588,38675,0.007891156462585034,-76.45336409811466,737.6626194762939,-0.9982354659439712,238.28519473229312,-2.1510155461151337,192.18724562473253,-3.408589320252911,52.34692532439821
filtered_BP0803902_segment_1.wav,Fibrillation,36464,36537,0.0066213151927437645,-1742.769242917378,740.6647346440203,-99.17149611586457,409.719448647614,-10.28547671096083,63.62461552960247,-1.2012901116194772,39.14689395334823
filtered_BP0803902_segment_1.wav,PSW,37089,37147,0.00526077097505669,2352.3896480633252,759.6205025744998,-12.425047289399458,108.29718596709722,-7.3804142737006195,46.45179745589804,-3.1198151645993746,41.00632484249391
filtered_BP0803902_segment_1.wav,PSW,37147,37219,0.006530612244897959,1607.8948395518576,359.892085242825,-33.11342364415232,127.46753668076704,13.008945785825409,86.73341912273379,-1.1814887393493518,45.08892681867514
filtered_BP0803902_segment_1.wav,PSW,37234,37299,0.0058956916099773245,574.7311242923666,447.8917145156243,-2.7579773122226814,148.87744264591734,-14.740525013427352,80.19488119436306,-1.6563736652173975,32.38886906501585
filtered_BP0803902_segment_1.wav,PSW,37586,37666,0.0072562358276643995,1226.6290129313586,639.7959200753354,-10.023689431348146,91.5930286415974,-19.771495451576392,82.16341336033335,-0.29247572891595364,35.90528420989558
filtered_BP0803902_segment_1.wav,PSW,32377,32438,0.005532879818594104,-121.14736756959351,602.153748233481,36.04044065315653,192.63722215767282,-5.417478388783976,78.40040686532483,6.614259681258665,36.92449213464277
filtered_BP0803902_segment_1.wav,PSW,43968,44043,0.006802721088435374,-2108.768768001488,1826.6098542630896,-25.42326117055578,484.23892986367633,-6.891833891767239,165.14213368858285,2.858416468269518,29.932294206962904
filtered_BP0803902_segment_1.wav,PSW,44270,44389,0.010793650793650795,-2573.978424176477,1668.5443086316845,93.17048274632933,343.75440190209105,26.69229183006367,122.8177403307159,-2.8725491373853607,85.70530477808943
filtered_BP0803902_segment_1.wav,PSW,44436,44562,0.011428571428571429,12.781026963783429,1724.4191446903044,13.52750586606928,480.274810652184,16.858794800462768,130.64851272552812,-10.986126388679216,71.70828563594529
filtered_BP0803902_segment_1.wav,PSW,44759,44854,0.008616780045351474,-1919.5577058896986,834.8921483068252,5.391619280979764,166.6289982641462,-0.06869292942809138,84.77911349125651,-1.6828445151704554,46.75264418528241
filtered_BP0803902_segment_1.wav,PSW,44827,44908,0.007346938775510204,-2148.836967566346,2022.0155322380854,62.79767636975454,374.40548450617246,-7.864845320198216,118.63727774483235,1.6968934970858216,39.66492944654432
filtered_BP0803902_segment_1.wav,PSW,44908,45051,0.012970521541950114,-139.3917053670015,3828.286139985893,117.64145015170838,1434.1060342100177,-96.41785731250305,1118.1457316713875,6.928270220438689,178.24517154442069
filtered_BP0803902_segment_1.wav,PSW,43205,43306,0.009160997732426304,-860.9940243483211,1546.9287955237282,28.675082266809895,155.0279208764491,-3.806229511611074,82.96536094099939,-4.793215383213631,40.05712284034079
filtered_BP0803902_segment_1.wav,PSW,42858,42957,0.008979591836734694,-3764.436123560719,3522.4524617161687,119.34495597252615,535.120218148341,-10.329347234501522,222.88004637755964,7.685425314993402,67.0012128859282
filtered_BP0803902_segment_1.wav,PSW,42404,42502,0.008888888888888889,-1397.4672869916462,1143.3349322531951,50.98520060545573,153.61162806916423,8.479730756105155,56.346074835050274,4.40280704410203,37.70514192714225
filtered_BP0803902_segment_1.wav,PSW,42533,42624,0.008253968253968255,-2628.743196780092,751.0172854123236,-8.488146680244727,89.34639073336702,5.155425185098423,72.99301030134664,2.5308246253677464,35.98526480472199
filtered_BP0803902_segment_1.wav,PSW,42054,42163,0.009886621315192743,-2552.6200309211927,1700.8975903453666,98.46563181514072,222.57452003993444,2.4211871785204875,82.87890675032028,1.4533914335340687,39.70510546609648
filtered_BP0803902_segment_1.wav,PSW,41555,41677,0.011065759637188208,-1292.4202714805185,1857.1694223052366,11.950594217605637,263.8412270576703,-1.3471893749148143,146.51797092440944,13.330386455127389,66.03131042890446
filtered_BP0803902_segment_1.wav,Fibrillation,45197,45275,0.007074829931972789,1285.8311882253179,638.249434995443,63.0701150464358,512.0032349667069,3.473934696028323,179.15997943286422,-0.8303555018286329,38.53502468574768
filtered_BP0803902_segment_1.wav,Fibrillation,42953,43048,0.008616780045351474,693.883089949577,882.5875348119453,-63.55474141885299,384.94978496475767,2.1638924822930745,61.015419996563764,-2.8255323462677153,55.32549197192586
filtered_BP0803902_segment_1.wav,PSW,49122,49246,0.011247165532879818,-446.4580134932001,3505.042291162336,37.70469518387099,1476.3355197707917,-137.77605307314332,1163.773676654977,6.174885888074126,69.93285781525091
filtered_BP0803902_segment_1.wav,PSW,49764,49864,0.009070294784580499,-2927.191816321705,1140.828001546396,4.487914120106109,127.19534551000953,11.672828862424634,80.97115756206242,0.02616665498822759,41.80502006538528
filtered_BP0803902_segment_1.wav,PSW,49991,50047,0.005079365079365079,-307.72500055385467,1649.2444334256104,-11.702427241834958,188.91303921217337,6.141946434060106,133.2934657990818,4.8785925440824265,33.21972342977752
filtered_BP0803902_segment_1.wav,PSW,50288,50336,0.004353741496598639,191.64106650310518,632.6455572664976,8.099855964397529,86.99694022381777,12.283134864377532,45.93017097908235,0.0,0.0
filtered_BP0803902_segment_1.wav,PSW,50327,50382,0.004988662131519274,650.9527889154894,548.4325423797649,-5.422047968932704,37.228467724250436,-5.81168022370456,44.45307677296686,0.0,0.0
filtered_BP0803902_segment_1.wav,PSW,50535,50603,0.006167800453514739,-78.63467640885858,909.9117595633436,-8.934299856024163,121.6806436650281,-4.511712290158796,78.65033430303815,4.807811819359931,37.54773027529022
filtered_BP0803902_segment_1.wav,PSW,50949,51056,0.009705215419501133,-546.7886959640458,1083.5696094125562,23.660666149669265,98.36025804556925,15.21387722235192,63.08367599346643,-2.482255915141446,45.10057701107795
filtered_BP0803902_segment_1.wav,PSW,51228,51287,0.005351473922902495,-2282.7706248323198,942.2487705404099,31.179036644162583,106.31847273607927,-12.544238791513823,90.18747294357422,4.833095172431714,48.47383437534593
filtered_BP0803902_segment_1.wav,PSW,51287,51385,0.008888888888888889,-3549.8513540924932,3264.29153235586,67.06283637541279,594.1832870952984,-18.83599426072795,341.3249104576379,-6.199515917274714,50.73739112409338
filtered_BP0803902_segment_1.wav,PSW,51437,51531,0.008526077097505668,-580.7451182584269,1222.0636893942835,5.28773263288542,96.48875450698137,4.207700787257138,74.44471452664637,4.321842229841866,33.82876317865886
filtered_BP0803902_segment_1.wav,PSW,51932,52029,0.008798185941043084,628.5210837020561,2734.9953391289023,45.207978847449425,206.51472806377154,-8.152625918789358,149.69733446786827,4.420881016821801,41.24668076089006
filtered_BP0803902_segment_1.wav,PSW,46069,46130,0.005532879818594104,-377.44071912648354,1773.1015248630333,43.464540314307825,387.5487649160449,-2.779435549913881,154.48480115367082,1.0692902638194748,37.09457643812664
filtered_BP0803902_segment_1.wav,PSW,45974,46049,0.006802721088435374,-1384.372706719202,581.9298731045238,-6.218561622809806,76.41120568668215,-18.200896421350592,54.211182393083256,6.364451677231388,43.857320310674694
filtered_BP0803902_segment_1.wav,PSW,46202,46267,0.0058956916099773245,-479.78323200299485,1024.974919516368,-20.631868455167794,303.3827677220167,-16.336050608914395,92.43945276685768,7.109626624021578,47.26567135941226
filtered_BP0803902_segment_1.wav,PSW,46479,46570,0.008253968253968255,-899.7881568140156,1299.4665021281762,30.515195600503656,121.2393691416645,6.15780691487593,64.83532983845537,-5.642322093450703,40.18096474329609
filtered_BP0803902_segment_1.wav,PSW,46570,46671,0.009160997732426304,-211.620831493659,958.4273139248729,5.636220418420227,96.27779397571756,5.3365175422879645,55.88598543421773,3.235335958933885,33.239031266182984
filtered_BP0803902_segment_1.wav,PSW,46690,46759,0.006258503401360544,-516.9999919086242,1459.9530793842264,30.766251339153616,124.99669455183567,-7.705524957318548,73.6638616589165,7.051997577299132,43.188792377268676
filtered_BP0803902_segment_1.wav,PSW,46759,46830,0.006439909297052154,-1643.6225761545186,832.4022145296792,-8.596855348355925,309.942159587587,25.07693295749682,91.83070208856404,-4.542821395144816,67.98703572649764
filtered_BP0803902_segment_1.wav,PSW,46983,47091,0.009795918367346938,-4133.636532903418,2914.7653523582103,53.89105420853019,835.4811726884056,-13.215546272255038,441.95719321179155,1.2277021321234711,55.29504921097258
filtered_BP0803902_segment_1.wav,PSW,48806,48914,0.009795918367346938,-37.055921261573424,979.8081545726629,-6.713125747270488,168.0957337616608,3.114269399422694,69.42050404535976,-1.7467611043651545,34.49370694300914
filtered_BP0803902_segment_1.wav,PSW,48605,48686,0.007346938775510204,17.382842799933854,974.9151324264409,44.21633239904662,103.49295580183507,-12.995511165151788,64.02355642137303,1.9671642494941854,40.44300581537158
filtered_BP0803902_segment_1.wav,PSW,48100,48220,0.010884353741496598,-3043.3471707897324,1794.352000554117,-96.09590276218819,601.9592871862176,1.2772866474746063,146.52356039594397,-11.199724046482242,44.40022346630439
filtered_BP0803902_segment_1.wav,PSW,47566,47638,0.006530612244897959,1135.7782891424106,672.0366076269922,-12.743105477085821,176.29676465080405,12.48408360397949,89.64327501491613,1.9574146249415325,41.61938487802342
filtered_BP0803902_segment_1.wav,PSW,47638,47719,0.007346938775510204,1811.6597833349988,425.5022008925559,17.761487257797313,134.6009452328761,-11.024564628518386,56.60196302027433,-3.7569948364485297,51.48738082857927
filtered_BP0803902_segment_1.wav,PSW,49291,49357,0.00598639455782313,1226.7554459442395,353.22019896096134,-30.273299203111304,70.23042820947688,-5.009572487205872,77.01303534210534,2.883264106456301,36.87040340158207
filtered_BP0803902_segment_1.wav,Fibrillation,47495,47547,0.00471655328798186,463.1835986719537,552.0142265824906,2.9903852066920953,273.1948658250883,-2.970092274968563,65.42315856677696,0.0,0.0
filtered_BP0803902_segment_1.wav,Fibrillation,49877,49943,0.00598639455782313,-1393.9506459184045,1031.2619638105687,23.02196919651512,326.4456737107874,-3.157166384040203,245.08011377037158,9.603484641861717,61.877063897860126
filtered_BP0803902_segment_1.wav,PSW,49920,49962,0.0038095238095238095,-397.06327781270085,402.8910555444853,8.073687489948227,125.24454253689225,-1.0252519277930947,36.07566408105123,0.0,0.0
filtered_BP0803902_segment_1.wav,PSW,49946,49995,0.0044444444444444444,-73.03164703404747,248.28734211662493,-1.5777653423638236,87.07068510765805,0.4113033545319418,48.320708909345086,0.0,0.0
filtered_BP0803902_segment_1.wav,PSW,50037,50083,0.004172335600907029,318.12508376720155,568.2825620745145,2.5537428798596427,69.55746919092377,5.439513576194878,35.61528633134811,0.0,0.0
filtered_BP0803902_segment_1.wav,PSW,55608,55707,0.008979591836734694,-1224.3543693323338,2941.352292925969,-4.99126007011114,729.467287366546,-19.829572404049426,398.699480459191,-3.059035156950925,67.6677095905331
filtered_BP0803902_segment_1.wav,PSW,55785,55866,0.007346938775510204,-393.5379441954276,3006.7261280608313,-57.850888619042806,557.1318086425736,11.712467117749686,143.45441721453042,1.4978718314908936,40.564916329145724
filtered_BP0803902_segment_1.wav,PSW,55866,55951,0.007709750566893424,1379.2973778798018,1244.638122978737,49.847060048716706,203.51148742738096,-6.262505843366343,80.62190862594419,-5.777571229877699,44.42358335895912
filtered_BP0803902_segment_1.wav,PSW,56361,56456,0.008616780045351474,-1580.292478075281,660.1299953128258,-25.197592724209184,120.19357876367084,-3.6109985055368776,63.13555625706068,-3.177841060029215,39.921075780245815
filtered_BP0803902_segment_1.wav,PSW,56460,56602,0.012879818594104309,-818.4007490134085,1454.6584132639575,36.90778605048333,317.0220920792668,33.09243772960503,146.47068896378053,6.285279036180117,72.52580266855796
filtered_BP0803902_segment_1.wav,PSW,54746,54882,0.012335600907029478,-971.6269498272524,1433.9376979971676,5.970645604539559,313.8201279837153,-5.7533342578245135,124.32170932486821,3.834835998583063,55.48235585799162
filtered_BP0803902_segment_1.wav,PSW,54438,54502,0.005804988662131519,-609.7345224971219,902.6560684997845,-19.314921722163856,290.71962455593666,-3.1942603092085284,86.76614259850777,-4.541742632535535,48.920189236913494
filtered_BP0803902_segment_1.wav,PSW,54115,54204,0.008072562358276645,-177.76091920272648,1635.0296853537488,71.61430778279771,222.9035888313894,5.142723851394191,152.87462505100683,-4.352020072818569,43.7747061677034
filtered_BP0803902_segment_1.wav,PSW,53905,53976,0.006439909297052154,-702.0815314433398,843.7952946796241,-35.83700378065992,245.66731062163623,-4.460195262319424,49.03986645506594,-0.3495213376013065,46.47742811115768
filtered_BP0803902_segment_1.wav,PSW,53454,53528,0.006712018140589569,-2892.89170840288,3053.937624266514,-204.0337434065361,1329.9331653027361,-0.44567556285430315,179.2661701996254,-3.3142854068718934,58.086565160860815
filtered_BP0803902_segment_1.wav,PSW,53097,53203,0.009614512471655328,1001.0901513969578,1080.9610477150904,-4.964250588862108,87.77455324137235,2.9442427510325175,51.53646074165487,4.120968764516886,42.447720058871695
filtered_BP0803902_segment_1.wav,PSW,52453,52551,0.008888888888888889,-1110.0312020671395,1577.4028486180755,69.0606256316609,313.8490518055825,-8.780589620112687,139.87142939467418,-3.1009513815798013,55.7987911467603
filtered_BP0803902_segment_1.wav,PSW,52633,52683,0.0045351473922902496,-588.9299153329694,468.4006282288099,-8.395506329671738,168.9719469821092,1.4260493584434575,28.631103365662508,0.0,0.0
filtered_BP0803902_segment_1.wav,PSW,53203,53291,0.00798185941043084,1935.6611582015514,468.5719607948761,4.103052341352191,76.21554907085893,-8.392105756600413,56.305644993630196,3.7767724396249855,41.07172305045241
filtered_BP0803902_segment_1.wav,PSW,54353,54424,0.006439909297052154,-22.78907580851888,543.7865920499074,11.1741715180891,98.80066959033691,10.947002634571637,83.85940805568552,5.188372769096291,41.36910348568431
filtered_BP0803902_segment_1.wav,Fibrillation,52297,52368,0.006439909297052154,1642.7105431561524,641.3480023220886,-111.5993049163785,366.16301702150616,-0.07680406017517458,59.68698001672731,1.441739454690071,70.2023302086194
filtered_BP0803902_segment_1.wav,Fibrillation,54923,55001,0.007074829931972789,456.3556866526563,523.0301022012693,35.26866022597967,485.94985433270483,-5.445398385105553,236.56483450370172,-1.6642656357686962,45.09411541650302
filtered_BP0803902_segment_1.wav,Fibrillation,57634,57695,0.005532879818594104,-165.72229096701923,698.4310588359127,29.231293591090136,367.2761425290476,-10.019979513343381,257.5283168352386,8.344427113190667,76.31772460411561
filtered_BP0803902_segment_1.wav,PSW,62198,62274,0.006893424036281179,653.2236708196384,3067.255888478488,-165.41009209102563,1300.9453626122381,-3.43730326096007,91.5447772173592,-0.14787716285414168,62.619362848454365
filtered_BP0803902_segment_1.wav,PSW,62263,62367,0.00943310657596372,3030.443382831954,3032.9964312791035,10.78766581422927,621.4775353035294,22.280124297194835,199.13561345489603,-3.286994787777174,40.35368899159688
filtered_BP0803902_segment_1.wav,PSW,62338,62442,0.00943310657596372,6224.017930216842,1418.6903161310431,-72.43357462014576,719.8069587168725,-12.966892161181747,75.46800333243658,7.434842523449003,68.91492147582144
filtered_BP0803902_segment_1.wav,PSW,62539,62629,0.00816326530612245,3869.813225841052,1636.9462626357774,-51.652883632513856,735.7847685399053,13.680420805435974,154.68473612769108,-0.04261524458314566,49.170924348327155
filtered_BP0803902_segment_1.wav,PSW,61695,61792,0.008798185941043084,-871.9919178933202,1353.67834246617,-9.504371220805703,108.11394294409669,-4.749449659510401,36.398955673734605,3.7897597964625303,33.86320779626832
filtered_BP0803902_segment_1.wav,PSW,61563,61631,0.006167800453514739,-10.17176424472123,698.8906110857614,-5.717458029360697,289.64671213437725,10.013611545119609,89.60565120279503,-0.39676848562775063,38.27900185015705
filtered_BP0803902_segment_1.wav,PSW,61419,61466,0.004263038548752834,-722.6245077540547,768.9416500710694,18.184783350046516,94.0004947583997,-1.20616069748369,50.202604372389374,0.0,0.0
filtered_BP0803902_segment_1.wav,PSW,61455,61512,0.0051700680272108845,-1412.1566125914267,708.3754638622086,16.4251878867855,165.50163668273066,-9.965561393595445,83.92874268362398,3.9449407632112674,37.329458304192414
filtered_BP0803902_segment_1.wav,PSW,59889,59979,0.00816326530612245,-578.358659899336,1142.6098043678248,-22.342613511793814,85.35183171716508,-5.053516789836253,73.44478524771762,0.02472639196823397,38.02208804539876
filtered_BP0803902_segment_1.wav,PSW,59979,60072,0.008435374149659863,-329.7653825431096,2758.7726636609973,68.72019547353393,590.1699330503488,16.140803501977324,345.57002525652683,-4.708226558011247,54.26638869864056
filtered_BP0803902_segment_1.wav,PSW,60072,60112,0.0036281179138321997,-953.7691254570329,2346.5386948888286,10.917517757797066,175.62458691239004,-1.0319092991468828,48.89294226177968,0.0,0.0
filtered_BP0803902_segment_1.wav,PSW,60108,60180,0.006530612244897959,1372.7376947028508,2804.785486398563,11.406671923939347,578.3444212988038,2.537943147091375,103.84246544093287,-4.233248030675251,45.682551328349895
filtered_BP0803902_segment_1.wav,PSW,60187,60284,0.008798185941043084,3831.357101756332,1464.2085242753371,-30.708328362936022,307.3674869981029,-4.3683573243341245,69.52152464102936,-1.9295361819256185,42.792360508738334
filtered_BP0803902_segment_1.wav,PSW,59660,59746,0.007800453514739229,-912.6403470483317,1070.8734291385201,12.480571208643017,205.35003443519423,11.467697197451944,95.66429313706695,-1.5304992132748232,33.01820905013662
filtered_BP0803902_segment_1.wav,PSW,59814,59882,0.006167800453514739,317.53245805526467,510.29064363831424,-12.516799849231308,122.00368902578805,3.9589700855035814,66.87455409605167,-1.1208117722192081,44.618845748845295
filtered_BP0803902_segment_1.wav,PSW,57807,57889,0.007437641723356009,-3578.832469032552,3320.3102150327804,-189.99731332397965,1536.4097194359363,-2.3193437102111134,141.6017225766063,5.25390168644697,65.82148357022879
filtered_BP0803902_segment_1.wav,PSW,57875,57936,0.005532879818594104,-3249.968226488808,2721.0591292576355,-100.46623389181809,937.5333230845347,13.685594969712799,150.63855112427137,-3.4674396860756005,51.54408368461582
filtered_BP0803902_segment_1.wav,PSW,57918,57997,0.007165532879818594,-763.495983040787,1867.4649176719481,46.238665919617056,187.02710125427845,-14.589512490470822,77.46940130931092,-1.2699346925654416,31.168644112146318
filtered_BP0803902_segment_1.wav,PSW,58184,58234,0.0045351473922902496,-686.2141144684407,826.473731479166,-5.502456698655669,50.77226886452832,-4.4773347981363525,43.545912269347916,0.0,0.0
filtered_BP0803902_segment_1.wav,PSW,58234,58309,0.006802721088435374,1195.636203504194,2219.087686945962,5.95070962541127,305.922319354734,-3.0387561422034346,145.04774952647253,-0.9095948026106725,36.763777603270626
filtered_BP0803902_segment_1.wav,PSW,58514,58579,0.0058956916099773245,2827.715110525452,945.4518603657757,67.24126212331295,214.6399913485984,-9.457129862587058,101.38060379218321,1.1283193320511395,42.28696750825645
filtered_BP0803902_segment_1.wav,Fibrillation,60421,60500,0.007165532879818594,1578.4362857183637,442.64742592419594,108.02892581284755,531.7372813662558,3.038165906118545,49.88042989802978,2.438980876059615,75.01886540434025
filtered_BP0803902_segment_1.wav,PSW,55412,55465,0.004807256235827664,-753.7116534901056,335.0246393929447,7.518990155460155,61.77588478651834,-3.5892521528030037,33.48821052319073,0.0,0.0
filtered_BP0803902_segment_1.wav,PSW,61871,61976,0.009523809523809525,507.8749089091189,631.8519078084104,4.871463394418025,155.0859638930164,1.7168138812042866,74.38235081905512,-0.18457473293758447,44.50219587022074
filtered_BP0803902_segment_1.wav,PSW,70836,70972,0.012335600907029478,646.8263038533964,2233.8253385479807,50.73837176752819,259.0527496020175,-17.017086590855143,97.46657430188456,12.21186996118302,74.0471479116649
filtered_BP0803902_segment_1.wav,PSW,65300,65431,0.011882086167800454,2828.60664405056,1562.8561786947457,-47.047918077816576,433.0548187686752,22.196109920011853,133.3597147433765,-10.916000220929671,60.263690349160804
filtered_BP0803902_segment_1.wav,PSW,66670,66755,0.007709750566893424,-2002.049492616381,3842.9317565087517,16.47518248106462,939.4379212286957,10.520436201612362,617.4848441982186,3.1990485642249213,94.91955889714848
filtered_BP0803902_segment_1.wav,PSW,66731,66815,0.007619047619047619,-971.2771396054866,6553.529536485378,-9.759179130225434,526.1208652382887,14.886413665279887,287.7901854108813,3.439866456940182,64.2576191003297
filtered_BP0803902_segment_1.wav,PSW,67101,67208,0.009705215419501133,1211.6611397631716,1209.1426401263968,21.201878797825266,149.9978069263149,2.7878492788886065,56.97935514440391,-1.0810080618497866,42.44097952134595
filtered_BP0803902_segment_1.wav,PSW,68064,68143,0.007165532879818594,-1086.54062546355,598.9093282275984,-27.90198494946305,94.46598610184978,-20.27844055694719,60.64796540619443,1.329851045576182,40.37854705030118
filtered_BP0803902_segment_1.wav,PSW,68414,68489,0.006802721088435374,-924.284684461656,700.7542782319565,1.109378948057955,234.42645375209003,-17.289443121049953,74.61266291185042,-3.77563445917065,42.270630436990174
filtered_BP0803902_segment_1.wav,PSW,68489,68583,0.008526077097505668,205.83018834626247,843.2619102941043,28.726561790258984,159.47489307628905,-7.913935714824937,103.74625281538718,3.8734126698799205,35.899599927518146
filtered_BP0803902_segment_1.wav,PSW,68915,69097,0.01650793650793651,1760.9449169031573,4780.237220710955,242.4701218884702,1744.0028783572743,58.281390502450925,707.5348140966616,-5.917890313501777,194.35644653675757
filtered_BP0803902_segment_1.wav,PSW,70172,70308,0.012335600907029478,229.45624394045853,1003.2759367089824,-4.378787587451939,601.7740391500876,14.048158690725474,154.37304045920803,-0.11363809434158147,84.01948190281018
filtered_BP0803902_segment_1.wav,PSW,71290,71453,0.014784580498866213,3349.9180488256916,3745.690787589603,21.78769703665469,1913.8594294905208,32.73902866745177,809.6699529402661,-6.097581263782172,379.3263355096975
filtered_BP0803902_segment_1.wav,PSW,71042,71103,0.005532879818594104,4337.64757542616,1849.019949053415,-4.887282490291691,445.6244066546495,15.860020148062627,300.37972002317804,-4.852472880735445,69.16382363751634
filtered_BP0803902_segment_1.wav,PSW,71103,71206,0.009342403628117914,5804.795246053186,1248.9946566586868,16.489056912751334,238.44899650481992,-6.931132833915064,111.78342734640705,2.1152173024495555,50.70871521143381
filtered_BP0803902_segment_1.wav,PSW,63472,63603,0.011882086167800454,2142.0018032164853,1701.2590294658723,-13.015353983359663,389.5469473908928,9.95977445892332,194.38262558609551,11.120560766072009,71.72269998078765
filtered_BP0803902_segment_1.wav,PSW,64440,64492,0.00471655328798186,-807.7918438091948,2632.9278959233097,-6.979203182993792,512.260066859928,2.3112605634299355,87.14964785218501,0.0,0.0
filtered_BP0803902_segment_1.wav,PSW,64492,64566,0.006712018140589569,909.2238645021215,2694.053757331026,-18.224740371091944,734.4465428028582,2.6257096607891546,229.78861563993246,0.4771103106361657,57.881290474944315
filtered_BP0803902_segment_1.wav,PSW,64543,64608,0.0058956916099773245,3391.5804333495403,2073.2718681901993,-126.13209756702273,855.2400825349209,18.37013984409537,177.6641777036528,-0.6550769937550869,51.038251732560454
filtered_BP0803902_segment_1.wav,PSW,64594,64683,0.008072562358276645,5147.159118822444,1516.9749868926183,53.38096005559532,292.4930904985698,5.3912912770679675,157.1638919469855,-3.1061985799134644,43.509660770150575
filtered_BP0803902_segment_1.wav,PSW,64936,65057,0.010975056689342403,2389.906961426139,1502.2924615247614,-70.06838043546459,580.2039762293186,59.082637658432475,220.8977083571048,-10.711309367990278,162.01313934781365
filtered_BP0803902_segment_1.wav,PSW,71944,72038,0.008526077097505668,256.9640297598527,799.7721026581548,49.68498907749314,168.67648070834753,-9.621804042514997,103.3857800186797,1.7064983755037766,46.79724473203291
filtered_BP0803902_segment_1.wav,Fibrillation,63309,63384,0.006802721088435374,3452.7713809224933,555.3841369368832,95.40094154856511,423.7311122194345,-5.962669180181146,192.43154343196863,-6.879149822438891,32.48919706822578
filtered_BP0803902_segment_1.wav,Fibrillation,63393,63468,0.006802721088435374,2405.9564216364047,907.937922778847,-114.29812724908328,457.0437219699963,-13.911008523021664,123.76843149702964,1.4010014285170422,55.52064441161496
filtered_BP0803902_segment_1.wav,Fibrillation,69953,70046,0.008435374149659863,603.6162313984962,613.5543782612457,-77.43674140590298,425.2238400407405,-20.303283695270874,160.76266681841096,-5.181808952320681,39.5264014946643
filtered_BP0803902_segment_1.wav,Fibrillation,66502,66619,0.010612244897959184,-826.5258903085271,638.3671437389379,-125.84981184381382,349.06880574750886,20.06174983935437,287.2320725565621,-16.481711334578375,173.52067763314682
filtered_BP0803902_segment_1.wav,PSW,62953,63098,0.013151927437641724,3081.20199172567,1249.9155720132644,-20.122404916142965,273.42598635503657,17.3999596521716,114.42951923695588,5.70588433746879,62.6424777893465
filtered_BP0803902_segment_1.wav,PSW,63173,63234,0.005532879818594104,3489.473353284683,890.7623965956316,25.492123089351956,207.08802577198531,-11.263483673600224,97.90250182438167,7.379103373607074,33.98369312590737
filtered_BP0803902_segment_1.wav,PSW,63234,63309,0.006802721088435374,3324.2932135798737,544.6583816470004,-33.96831295088604,222.16707096191936,-1.0867130054718939,63.99741215823719,-4.704684452063518,43.684233466470296
filtered_BP0803902_segment_1.wav,PSW,72837,73029,0.017414965986394557,-966.5561941491524,1711.0204254670655,-43.204536590319876,252.52864546904456,-14.76981395258358,106.52904645252623,-0.5853366308710767,72.05702295232516
filtered_BP0803902_segment_1.wav,PSW,73272,73372,0.009070294784580499,2257.5160170893805,1965.639922612564,-70.66173819843372,763.4351415076053,11.143581510148634,227.6150363958672,11.535916906343271,54.13327109299105
filtered_BP0803902_segment_1.wav,PSW,73632,73728,0.008707482993197279,-504.70725779929603,2652.3380276690073,74.14788241310548,516.66787509916,-5.168712195435109,207.12281861965954,1.0443077402639978,49.5705479269333
filtered_BP0803902_segment_1.wav,PSW,73728,73786,0.00526077097505669,-1288.2750599873796,3312.2235217239195,17.890953213991274,382.85089059948,0.9134918714421507,304.48832706522006,8.5213449376154,57.591442241384016
filtered_BP0803902_segment_1.wav,PSW,72297,72381,0.007619047619047619,3670.5993438785513,742.6354376691564,-44.262893472827685,368.1153427719673,7.011761176543582,97.89299343559351,8.698848605866951,59.09553438052412
filtered_BP0803902_segment_1.wav,PSW,75957,76045,0.00798185941043084,-1063.011369173682,3061.772190125496,183.67762177253158,651.3803901649719,21.18276434937284,123.06273087642046,7.327214721249146,57.49755117217815
filtered_BP0803902_segment_1.wav,PSW,76045,76112,0.006077097505668934,342.4337616251531,3159.661759697762,98.63519408745633,325.2994029335171,-7.771983538519924,150.09906048441192,-7.409983493859571,59.22373864440565
filtered_BP0803902_segment_1.wav,PSW,74757,74903,0.013242630385487529,2165.2532703578245,1703.9566304991538,-0.7905338553707338,138.77306962972492,12.734955872653089,87.07244053400508,7.417304651555679,61.79463062484432
filtered_BP0803902_segment_1.wav,PSW,75459,75555,0.008707482993197279,680.9247783121156,805.6917240032329,38.452432548100994,126.71178758999986,-23.221077304301396,63.23841342690032,3.989818087924384,36.441564998676675
filtered_BP0803902_segment_1.wav,PSW,75543,75614,0.006439909297052154,673.6020722477475,807.6023206572322,24.840263531117714,145.22101711347466,-20.509252138313787,47.45565655977166,1.1151981478395425,34.88623627516453
filtered_BP0803902_segment_1.wav,PSW,76827,76915,0.00798185941043084,-639.7237595081199,1523.799969408586,21.436554033605336,123.39236905581159,11.026280440965502,59.70505222375973,-8.84525913762892,38.34195917242481
filtered_BP0803902_segment_1.wav,PSW,77232,77354,0.011065759637188208,-1973.311793697131,1737.8495502016126,-30.514289724552214,554.389650094995,13.975465799521043,279.02241594361,-11.045852069122073,123.21024317647627
filtered_BP0803902_segment_1.wav,PSW,78027,78094,0.006077097505668934,38.04201058258731,2080.320122875416,71.33483048246259,366.1744325360778,-13.026060023047954,183.40280895510895,-2.8027704283261583,54.853559623213926
filtered_BP0803902_segment_1.wav,PSW,78090,78194,0.00943310657596372,658.7198952755195,1531.4853376392582,24.665027910984392,153.92963440821117,7.004980452168616,91.401968388806,-4.595425147945152,50.22264506595565
filtered_BP0803902_segment_1.wav,PSW,78261,78383,0.011065759637188208,-3063.9536624633133,3481.66693742487,-6.923122144261275,1809.9280936981695,43.96819112020799,795.7575245808339,-28.057957373741182,407.88846069145063
filtered_BP0803902_segment_1.wav,PSW,78383,78454,0.006439909297052154,-882.5108244977013,2839.9657925934985,-93.28197481738117,880.7533301120919,-10.748686037290645,224.78944457530417,2.727449860196505,52.64555248910966
filtered_BP0803902_segment_1.wav,PSW,78976,79081,0.009523809523809525,358.74865214991445,1340.1280176243815,36.53513395439053,172.85520511145657,5.0323324861379355,76.49633038634192,-9.062363206219274,56.621493878172934
filtered_BP0803902_segment_1.wav,PSW,79064,79148,0.007619047619047619,1413.2050444089793,779.1119302509604,55.40897483459844,122.82345389027618,0.14198656754394096,79.50509010101099,2.4421824779504897,41.85347336514983
filtered_BP0803902_segment_1.wav,PSW,72210,72293,0.007528344671201814,3542.2560396276967,469.1391663116152,-6.947181548816701,160.01864375271393,-10.910825939002596,80.0192204544795,-3.11885082858445,45.32274002457514
filtered_BP0803902_segment_1.wav,Fibrillation,77362,77433,0.006439909297052154,-836.1870716902699,695.3734411419147,-16.24864854753824,234.41505276167192,5.718471983428992,237.4104687915596,2.2444238186788468,48.434181603057056
filtered_BP0803902_segment_1.wav,PSW,80114,80213,0.008979591836734694,-194.88534563275462,1862.4078109555614,-118.14381906636206,731.9326769299073,12.364164701295065,279.7901524276476,3.2197799082931446,74.58364947783926
filtered_BP0803902_segment_1.wav,PSW,80665,80722,0.0051700680272108845,-1031.9942584090966,3325.9072738606187,51.11559159778788,771.8378710513125,-18.6249663432835,500.8748399138163,1.4385666319680137,51.764411852450884
filtered_BP0803902_segment_1.wav,PSW,80722,80787,0.0058956916099773245,417.31217305478424,2849.0514261413296,48.259766975321476,490.64972148407,12.005802774512853,268.4153959554176,1.5950085702840555,56.92449023186541
filtered_BP0803902_segment_1.wav,PSW,80787,80845,0.00526077097505669,3472.49145867886,905.5448955219808,-32.679610599060375,307.00653590514486,-6.262217126348139,105.8992690991045,-2.7159263173095356,45.15734971643523
filtered_BP0803902_segment_1.wav,PSW,80829,80894,0.0058956916099773245,3583.5449972638175,600.2069703511669,21.717580983642048,157.24690468819384,5.953897955156136,75.08185148618932,-2.156632527017181,34.843378582320504
filtered_BP0803902_segment_1.wav,PSW,82509,82643,0.012154195011337868,-785.140867177078,1335.3601535534942,2.6970516183581004,442.892039842642,6.787933615201613,170.56234936822514,10.70495005559353,96.52231302447605
filtered_BP0803902_segment_1.wav,PSW,82995,83122,0.011519274376417234,2782.892179397913,3829.872239200491,-170.2934202910185,1854.887080708982,-34.00124495214636,1107.1088145439785,-3.8954769297961223,245.2952548979862
filtered_BP0803902_segment_1.wav,PSW,84205,84281,0.006893424036281179,-364.47072786470585,479.4000477537715,15.563136014018815,158.72680247929898,8.899353896238113,94.97459011288194,-8.353740799063802,37.17867114135584
filtered_BP0803902_segment_1.wav,PSW,84281,84339,0.00526077097505669,110.43276395660597,973.629147289841,30.897689924163654,171.06307996155073,0.6929587569671312,78.80640718812757,-0.3623494374349474,46.47180761188124
filtered_BP0803902_segment_1.wav,PSW,84320,84392,0.006530612244897959,575.0400944575794,866.3504665990247,42.66062808525508,127.8563105864215,-3.040184421903102,84.94416157762514,5.7388641628338855,45.05212534949217
filtered_BP0803902_segment_1.wav,PSW,83784,83899,0.010430839002267574,-2238.443636005835,599.2491940831044,20.03554529619693,110.16065079759598,27.557736374318303,92.106194494897,-5.967923693201156,60.804174050167774
filtered_BP0803902_segment_1.wav,PSW,84071,84174,0.009342403628117914,-1030.0989599249324,567.3724697617297,-3.2589894118462275,160.4503926203826,3.2308233513446543,93.44748107377447,-0.3280851472213192,37.919275998051674
filtered_BP0803902_segment_1.wav,PSW,82796,82884,0.00798185941043084,2651.0344034660125,975.1944305805627,77.99395632712705,228.63294212350695,-3.840103622928504,106.77060031310806,4.439308482584866,57.241265615396756
filtered_BP0803902_segment_1.wav,PSW,82701,82800,0.008979591836734694,1914.6206163706415,684.0693492042865,9.017471349259285,98.2067719518704,-3.207672745126636,65.83002224121894,-6.247000728308173,34.809562620835266
filtered_BP0803902_segment_1.wav,Fibrillation,81036,81147,0.010068027210884354,3267.0739485341587,833.4950404836262,-44.6566805600029,326.0654765734694,-8.441046359815298,61.730007729824045,-0.726850252380857,34.29319008653952
filtered_BP0803902_segment_1.wav,PSW,85347,85443,0.008707482993197279,-2904.269552413291,2530.862468966622,-22.787722632581144,971.9690696018959,1.7122721203747806,399.55486480686966,-0.5641089191561716,55.71314636411061
filtered_BP0803902_segment_1.wav,PSW,85443,85539,0.008707482993197279,-783.7080191089593,2863.6927444497883,69.96929695537693,393.4343475634995,-7.042832439420187,223.0886865770281,1.0140916735281316,55.74339755516196
filtered_BP0803902_segment_1.wav,PSW,83305,83376,0.006439909297052154,3733.374603910153,637.8907167586956,15.318268440152314,96.50066685206698,-1.6126309078132408,66.07468806808589,3.8967599415549286,37.980896504189914
filtered_BP0803902_segment_1.wav,PSW,83376,83436,0.005442176870748299,2913.46778760067,419.73839897636896,-26.78737793329983,156.41239156643607,33.16998711049624,70.65622817996152,-0.3453708653511935,51.02266134056313
filtered_BP0803902_segment_1.wav,Fibrillation,84916,85009,0.008435374149659863,-632.3910410254226,554.337279185224,90.05305628518272,474.71733230074875,11.175534615165004,88.40720984925896,1.7113853385784865,61.22327084843959
filtered_BP0803902_segment_1.wav,PSW,77428,77527,0.008979591836734694,-48.08392985948583,775.8136757442016,17.890490871177196,82.71565859925545,-4.410019643961645,57.86853266194032,-9.914811188870845,34.53710955405405
filtered_BA0803901_segment_3.wav,Fibrillation,1827,1879,0.00471655328798186,3788.7997357793843,4337.555503502371,-517.6599287796506,2365.9297150734387,-4.655502656552239,1520.8030310411445,0.0,0.0
filtered_BA0803901_segment_3.wav,Fibrillation,3322,3394,0.006530612244897959,696.2350583902625,1808.8756572671425,1257.3975125986801,4587.260597425966,491.9962846805736,4245.752727387656,-75.52684319623975,1265.3847309403868
filtered_BA0803901_segment_3.wav,Fibrillation,4835,4905,0.006349206349206349,2595.0469224918643,1432.9154463925252,1796.4526429230757,5985.765796075751,-374.15477274351485,2721.0401352547215,75.59920875768857,1927.313388254863
filtered_BA0803901_segment_3.wav,Fibrillation,6380,6455,0.006802721088435374,-107.17443503829908,3363.1807616014876,-150.38467849101826,3469.2708929358114,424.90648934270786,4570.610984616462,64.6748008705878,1831.8229635521793
filtered_BA0803901_segment_3.wav,Fibrillation,9481,9571,0.00816326530612245,-9135.944709436757,3090.512910483836,-340.4712558609817,2843.0684494143143,181.17186280837302,3623.3075340647283,81.39415865495036,1284.1487455579381
filtered_BA0803901_segment_3.wav,Fibrillation,8315,8382,0.006077097505668934,6257.981694372624,1620.278771581077,-268.0043470859537,1131.6682190714098,-41.14549975423725,414.86556222850567,14.631842123039139,153.9315455797077
filtered_BA0803901_segment_3.wav,Fibrillation,7922,7979,0.0051700680272108845,5336.668658660637,4337.775703491995,-1753.0390386334354,4842.891613245963,-529.0423397720027,3410.0960928543955,-137.02279969068024,766.7570976428188
filtered_BA0803901_segment_3.wav,Fibrillation,3703,3777,0.006712018140589569,5174.830594985807,790.7516767870378,-136.0038907835495,475.3176447782998,-1.8283909288229931,123.51281181159361,12.295646975811504,127.07857410069504
filtered_BA0803901_segment_3.wav,Fibrillation,7518,7611,0.008435374149659863,8414.702160279341,1113.9987528737615,89.96656665551102,865.5041546776116,11.228080625759432,464.31456900967925,13.00120477560524,89.36667499914218
filtered_BA0803901_segment_3.wav,Fibrillation,4173,4240,0.006077097505668934,3071.9725801967434,952.9236655538333,147.2475074735825,887.4284434337668,68.31465775756554,482.76672726773614,4.093820162088857,64.11432963742115
filtered_BA0803901_segment_3.wav,PSW,1000,1082,0.007437641723356009,1885.5458161063784,628.9999648480488,40.19937677329533,174.4254967680302,19.762671568023972,58.71760184001343,0.7065784987857793,36.29133827128531
filtered_BA0803901_segment_3.wav,PSW,735,780,0.004081632653061225,-274.70409081532796,615.2260457707279,17.92266143779139,189.84772816208033,-3.1113388505316495,52.34717127780677,0.0,0.0
filtered_BA0803901_segment_3.wav,PSW,765,821,0.005079365079365079,114.23100760421491,463.3843844485587,23.940433940758112,85.6621982443836,-2.7052040153260695,57.62020706062337,-9.20100446218652,40.381358935604474
filtered_BA0803901_segment_3.wav,Fibrillation,8877,8940,0.005714285714285714,3538.573317623536,1489.6626195485921,-201.43203130231876,605.4444440476213,-9.990116316284068,281.34533023820927,4.15188131690414,127.95697332677526
filtered_BA0803901_segment_3.wav,Fibrillation,6099,6170,0.006439909297052154,-4434.392125471148,924.9165740284091,299.1416231002547,1359.704966319841,-37.45323252922208,282.78595077014586,-22.137207104237365,202.7788386711445
filtered_BA0803901_segment_3.wav,PSW,6129,6178,0.0044444444444444444,-2551.698145102342,2412.7758528773643,-5.195828411847252,984.5896972971125,1.6779883266551074,130.11528080659022,0.0,0.0
filtered_BA0803901_segment_3.wav,PSW,6193,6256,0.005714285714285714,-2353.663330437497,575.7989623488207,0.5190920722125532,149.7839379515721,6.917389859372425,53.20653166202886,5.026272898010174,35.938493854609135
filtered_BA0803901_segment_3.wav,PSW,6021,6096,0.006802721088435374,-5466.085089435812,500.1446593188728,5.37628288349445,75.39897613606168,6.626564082751501,65.70747526442742,-4.634264948838529,43.62989920275554
filtered_BA0803901_segment_3.wav,Fibrillation,4744,4815,0.006439909297052154,2601.1479720812576,1461.2832543366512,-78.17235825392056,589.9843271664205,19.726113952073266,452.24498230060925,-8.288810234835463,85.87056986262063
filtered_BA0803901_segment_3.wav,PSW,4778,4845,0.006077097505668934,4791.6828120626815,3399.3503448118463,135.16759025712796,550.2164085427875,-83.0719164223878,480.48079726592744,-3.6946424493242582,59.57257283283635
filtered_BA0803901_segment_3.wav,Fibrillation,3008,3057,0.0044444444444444444,-125.02120643724653,1501.2511192138265,-85.94815598889758,590.6341726093435,-10.789716521748119,161.45019724491138,0.0,0.0
filtered_BA0803901_segment_3.wav,Fibrillation,3098,3154,0.005079365079365079,-1011.057023503885,1869.300489275518,386.21601526427344,1410.2692767224148,-44.87518807532997,759.1485225323308,33.649285106137015,239.16451235690374
filtered_BA0803901_segment_3.wav,PSW,9108,9172,0.005804988662131519,2371.384218802851,615.7611362788517,-14.729494439250868,168.12338084017793,-11.936002483435296,50.43645277986747,-3.6781293755406703,39.98992479578954
filtered_BA0803901_segment_3.wav,PSW,1896,1967,0.006439909297052154,6373.247549497134,741.6668797853434,17.18220731639123,286.05621886019475,-34.96702916357338,190.09211428039504,-8.776294761548186,36.968287395477624
filtered_BA0803901_segment_3.wav,PSW,362,433,0.006439909297052154,1543.482914244088,526.1327474942002,-1.885399396558429,266.73793377999107,15.781856416538092,80.90340698844058,-0.7183877741167151,28.685789399256873
filtered_BA0803901_segment_3.wav,Fibrillation,5622,5746,0.011247165532879818,-28488.988127196902,3407.186677291286,-70.02780722161005,1349.890160665882,-74.324706657215,459.3210746909281,28.579958737598115,439.74481399621595
filtered_BA0803901_segment_3.wav,Fibrillation,10098,10196,0.008888888888888889,-14647.862376694968,1351.953467435165,-154.31414613001323,585.9212490623235,-11.417266968822128,153.36072922171687,-6.865299814394714,72.67972591235682
filtered_BA0803901_segment_3.wav,Fibrillation,11353,11451,0.008888888888888889,-12420.499581017486,1667.578775110993,27.079921931548775,936.456109561134,17.109057616856397,361.56186882758396,6.85496065881673,81.21700718634483
filtered_BA0803901_segment_3.wav,Fibrillation,11469,11571,0.00925170068027211,-13558.367955504735,789.9363814553928,82.98648097962733,678.5394952726105,28.28538061531734,375.08393338950134,2.3865159790185597,59.557144446976004
filtered_BA0803901_segment_3.wav,Fibrillation,11781,11861,0.0072562358276643995,-10531.97506573861,1364.5852365643257,-67.55481343101484,613.4870418251044,1.8430060055116257,306.7998036511437,-0.8185751012094051,95.97391707269341
filtered_BA0803901_segment_3.wav,PSW,11741,11814,0.0066213151927437645,-10406.597672911183,484.2381698148493,-8.941565070296857,127.80025833692305,-0.7311864949023545,61.56774672825176,3.529887855347789,37.01394738206607
filtered_BA0803901_segment_3.wav,PSW,12017,12090,0.0066213151927437645,-7291.337898287022,1185.9841784105192,-11.900719228313523,277.34562542096035,15.188245825049547,129.70906577330408,-0.23718503898622406,47.615029574277784
filtered_BA0803901_segment_3.wav,PSW,14987,15045,0.00526077097505669,2820.4447244592666,1365.2422879367004,20.444410824339336,441.423496407471,2.5406030424746815,95.94391802796329,1.6082526954673932,45.67580015139628
filtered_BA0803901_segment_3.wav,PSW,15045,15107,0.005623582766439909,6182.228908714867,4354.139818299661,-143.37798785098283,1075.0305874796275,-84.02722641526695,339.24076873620265,-12.500972885694006,73.1725471635638
filtered_BA0803901_segment_3.wav,Fibrillation,12195,12260,0.0058956916099773245,-1815.625343841423,1920.3371432940621,-297.6429145649549,961.6760578775016,-35.57534486433852,491.2006850248823,-14.598104831473908,153.59209765961955
filtered_BA0803901_segment_3.wav,Fibrillation,12891,12978,0.007891156462585034,7227.737999436234,873.2119116173337,5.358299713422224,547.4899712124508,21.61927859742711,459.0469058928547,0.9298018778326945,116.82379378531431
filtered_BA0803901_segment_3.wav,Fibrillation,13090,13188,0.008888888888888889,5376.981569060141,957.1895996092825,75.64730761799575,778.216224561338,4.830743482958256,206.90426038526732,-8.40097519868872,70.88608125194915
filtered_BA0803901_segment_3.wav,Fibrillation,13286,13381,0.008616780045351474,3805.624171162485,745.4458170099185,-8.59841624575673,262.55860723379186,-7.713860021952807,135.95549148441395,1.8216716502797101,46.42789490777762
filtered_BA0803901_segment_3.wav,Fibrillation,14730,14795,0.0058956916099773245,3352.5882600610917,1234.266300042892,98.36550039466151,768.8066181602721,21.26675604700394,404.96247362857173,6.41817497227823,78.43757146827669
filtered_BA0803901_segment_3.wav,PSW,14762,14820,0.00526077097505669,5019.023684014588,2846.670608368668,-149.49398781682947,655.0628175819953,-10.38044806632451,127.25821301191237,-3.105891946194105,43.679708528263305
filtered_BA0803901_segment_3.wav,PSW,16293,16376,0.007528344671201814,5209.709654759851,541.2545029372378,6.332784009947904,122.40655777803795,-13.300531713372632,66.35388998472772,1.9429018939025393,29.011528844652236
filtered_BA0803901_segment_3.wav,PSW,16967,17051,0.007619047619047619,2835.67470928722,564.1066125035636,20.940723787679257,200.47929209627975,-11.22946650113611,70.74744828238711,0.8834144584301048,47.55761385837005
filtered_BA0803901_segment_3.wav,PSW,17595,17660,0.0058956916099773245,2261.0790522984466,573.8026529524415,39.2309504810088,102.52178109479502,-11.080003592732563,50.36088754845237,-0.7913581515104894,38.35251437745449
filtered_BA0803901_segment_3.wav,PSW,17551,17620,0.006258503401360544,2364.8533637010764,340.47567161781905,7.077817071473411,78.80601474450907,-0.06064284672914123,66.25082524837381,-4.728360941540418,32.81356757898375
filtered_BA0803901_segment_3.wav,PSW,17903,17961,0.00526077097505669,2313.1898029464833,2009.0641273249705,1571.9556125134482,5767.246407640391,-61.922953984608455,2797.1181818674495,121.4241923155855,1652.1176908817224
filtered_BA0803901_segment_3.wav,Fibrillation,18280,18353,0.0066213151927437645,3291.633922213927,833.2163647945459,138.63559174575843,792.714423250073,-31.545136646577085,268.946629904818,9.411066791506169,72.57361398921257
filtered_BA0803901_segment_3.wav,Fibrillation,18375,18443,0.006167800453514739,2379.16086248273,936.4442982007497,148.24578727751086,959.315499210865,5.514506711673935,257.12231449746054,-2.876134689603653,66.68214586272062
filtered_BA0803901_segment_3.wav,Fibrillation,16163,16213,0.0045351473922902496,1795.2029844861763,5760.915438798035,-429.534764000939,2581.572426864455,51.343878126703316,1581.9015314875428,0.0,0.0
filtered_BA0803901_segment_3.wav,PSW,10530,10606,0.006893424036281179,-19275.853144861005,595.7257519137967,-12.082371006376576,142.75990954417745,10.390702160016232,68.434364159164,-8.148553313605968,41.26009825811637
filtered_BA0803901_segment_3.wav,PSW,10972,11070,0.008888888888888889,-14164.555500467113,450.0364253109467,12.427177320291525,58.65286241981612,21.49194489522031,44.46396293927163,-4.7318526360038655,40.031840993822875
filtered_BA0803901_segment_3.wav,PSW,11118,11183,0.0058956916099773245,-8454.449382429708,5855.0998428200755,2112.202363269454,6307.289037836936,-737.5237276593914,5170.668769284274,146.84119349141832,947.9795424251073
filtered_BA0803901_segment_3.wav,PSW,12753,12818,0.0058956916099773245,4829.166467664375,3365.8942909253155,-827.6735874553764,3574.866523327518,-48.863792293475896,3519.253018865952,77.60625738885611,1496.3353857787886
filtered_BA0803901_segment_3.wav,Fibrillation,15746,15803,0.0051700680272108845,-325.85713635595,1297.60014840944,-116.20567374067258,486.7560520885202,8.738820943476574,389.89910651927823,-7.216373964461557,65.21150297433648
filtered_BA0803901_segment_3.wav,PSW,15843,15915,0.006530612244897959,427.6165972201837,432.24615445146895,13.774544608961241,139.2555001025525,0.6499056406523185,92.74855455518092,-2.111424616937785,44.80256585462531
filtered_BA0803901_segment_3.wav,PSW,17333,17391,0.00526077097505669,1624.5945838909101,314.0753761531709,1.0527108881897542,48.269942627962784,-11.119245240516284,38.55621294834225,1.7950426855663062,33.67252065946154
filtered_BA0803901_segment_3.wav,PSW,17391,17470,0.007165532879818594,2036.153692550248,760.9214551007301,62.25704245098799,396.0648485024721,-11.80976186841482,69.31199225977663,-6.895061966535829,36.66852220125233
filtered_BA0803901_segment_3.wav,Fibrillation,17045,17110,0.0058956916099773245,2530.982799245958,1372.5670705964992,-78.47680393035452,501.17006258419974,6.43889705996382,370.79950274457207,-5.766155197682668,54.90583928623215
filtered_BA0803901_segment_3.wav,PSW,19199,19296,0.008798185941043084,-927.587093350064,727.1521130377438,-7.847896693914659,83.93598006503208,3.5019478526523486,44.77546420457565,2.4122204453240617,37.18221386700768
filtered_BA0803901_segment_3.wav,PSW,19592,19643,0.004625850340136055,-136.31109993523413,7029.594451277069,507.980270070628,2885.7797728662076,-6.260377488456548,1105.492642376742,0.0,0.0
filtered_BA0803901_segment_3.wav,PSW,19650,19715,0.0058956916099773245,2973.1709870258496,1781.415507899877,-108.92647463908484,566.0864084339693,5.33309584966586,118.41134738657364,-2.5585750647968606,36.77505924511115
filtered_BA0803901_segment_3.wav,PSW,14465,14537,0.006530612244897959,2064.438439236413,1376.9310136396725,-47.25725217635704,447.3711717493294,-37.90286658271177,145.82337474024752,-7.876261506967283,29.07827566399969
filtered_BA0803901_segment_3.wav,PSW,14125,14208,0.007528344671201814,861.8367840155305,313.28791118837813,7.198506438258551,82.97768944194702,-11.147780756914157,66.04847010767944,-6.381049132396087,40.94788188961455
filtered_BA0803901_segment_3.wav,PSW,16489,16565,0.006893424036281179,4257.13381411753,637.8412486905968,2.2485058713196326,142.17838748255974,-10.475005218723451,75.73363191676472,-2.0695825244643253,33.14803207889187
filtered_BA0803901_segment_3.wav,Fibrillation,12740,12790,0.0045351473922902496,3048.997170536141,3768.802285975956,602.9401726358229,4970.886480524216,-98.061321114659,588.4726975813778,0.0,0.0
filtered_BA0803901_segment_3.wav,Fibrillation,19743,19835,0.008344671201814058,2361.691932616054,982.8672649431387,-94.53303108570162,395.5171199567134,-11.075789907097397,76.44506900581347,2.598819460021486,47.83656492689494
filtered_BA0803901_segment_3.wav,PSW,18868,18963,0.008616780045351474,877.4337341284752,546.5914643799076,-35.149485757692496,117.23416630209466,0.3867494441695272,77.80398811854346,-7.876822127414596,38.68250540154689
filtered_BA0803901_segment_3.wav,PSW,21453,21528,0.006802721088435374,-253.34629625639124,2252.1032315332354,-632.4929842082726,2091.2871423244405,-144.86778243119164,669.6402720717925,-17.817843845735368,83.20906129264108
filtered_BA0803901_segment_3.wav,PSW,21532,21610,0.007074829931972789,1949.3928857560236,372.56771302645893,35.94155391961342,127.11136079518614,-6.266856830653829,62.394537600639566,2.808508133185471,42.650036598038945
filtered_BA0803901_segment_3.wav,Fibrillation,21433,21494,0.005532879818594104,-806.784384521221,1333.2768810903888,812.3777353755607,2876.1719946016597,-186.90794395777542,728.1337170133218,-19.84881234442051,91.11492837162712
filtered_BA0803901_segment_3.wav,Fibrillation,21355,21416,0.005532879818594104,-1156.305953116223,1134.0291748509035,-79.43458415176559,486.7707751825062,-50.037784073753144,354.4149853476163,-4.424990232413556,41.41161930358924
filtered_BA0803901_segment_3.wav,PSW,22234,22305,0.006439909297052154,4062.0816884609335,229.94615558083564,20.418797433202307,49.91834320571631,-5.959230803687989,40.2281642517275,2.554594009230665,31.25528846878683
filtered_BA0803901_segment_3.wav,PSW,20167,20252,0.007709750566893424,2681.403727791744,583.7693969329684,-3.290226935685345,55.63603660407185,2.425269943921789,62.961435892772776,-1.2085089403702507,28.755609563644153
filtered_BA0803901_segment_3.wav,PSW,20866,20934,0.006167800453514739,852.2957084023009,861.8061212023003,2.421816801619408,116.58642966653633,-12.569485421275813,86.87373047681776,0.6208861591893877,38.89261838022676
filtered_BA0803901_segment_3.wav,PSW,20931,21016,0.007709750566893424,361.0569402867534,291.80451913315426,-16.429177173361552,73.35278655321896,4.240626125643167,53.80047383702997,6.529086015564332,28.60816073320007
filtered_BA0803901_segment_3.wav,PSW,17951,18026,0.006802721088435374,3174.709358773035,548.6999077165234,-13.360159204779603,127.33469764224108,16.889318316359844,125.32803471113795,1.5784945535761192,48.38072175545803
filtered_BA0803901_segment_3.wav,PSW,23233,23288,0.004988662131519274,2366.4272169668534,269.13835196800346,-1.3192962983596062,54.097697708789035,1.4096774672300072,36.38532412020476,0.0,0.0
filtered_BA0803901_segment_3.wav,PSW,23274,23329,0.004988662131519274,2533.289734993774,403.2228798647143,19.294282896864118,66.01093289706061,1.3246568241659584,35.67034272185227,0.0,0.0
filtered_BA0803901_segment_3.wav,PSW,23803,23912,0.009886621315192743,3502.7427273587764,365.34224696085516,-1.4874486496364778,54.59441638513568,7.655576636444699,45.986909531023194,1.5755912736045319,38.06994057992172
filtered_BA0803901_segment_3.wav,Fibrillation,22396,22465,0.006258503401360544,4099.178780187213,786.1503284598798,-58.41825256743102,280.7889373128578,8.022247019580547,156.28071631817735,0.039343566362053876,45.125812517612744
filtered_BA0803901_segment_3.wav,PSW,22331,22420,0.008072562358276645,4035.0959229986365,587.6597433224084,49.361229946870274,124.89839955350355,-9.543439806102485,58.94327741865167,-1.2084311191034778,30.621940444080106
filtered_BA0803901_segment_3.wav,PSW,22997,23065,0.006167800453514739,3367.941042009443,697.6368815557923,38.76778155573856,471.6266481958423,19.170435546032298,202.25943263443313,2.454373840189324,52.433834100712296
filtered_BA0803901_segment_3.wav,PSW,23631,23720,0.008072562358276645,3829.584645552394,2002.6612112153673,-177.39819362706837,651.6905134412201,-18.9484830520115,237.72968842900707,3.2608098733332356,79.92134876168629
filtered_BA0803901_segment_3.wav,Fibrillation,23737,23799,0.005623582766439909,3830.0485637051042,666.6586274534209,56.443842437846875,600.7559227675227,30.15382200407036,227.39029071875348,-9.938735073906756,29.728203027298843
filtered_BA0803901_segment_3.wav,Fibrillation,23518,23587,0.006258503401360544,3103.2771614757703,2033.6386980442742,-249.48882392698275,1386.508219374705,167.58216706582468,1727.8035328983945,-42.41445477169341,164.574364913178
filtered_BA0803901_segment_3.wav,Fibrillation,21281,21340,0.005351473922902495,-1374.4308143812148,735.4782906082019,9.467557408576042,388.5313227307041,21.51005359237092,296.40472493585276,9.32098395605481,108.43129411255369
filtered_BA0803901_segment_3.wav,Fibrillation,21072,21134,0.005623582766439909,-610.6887272518815,754.6476492003799,-26.9689155931759,455.2851707954629,-3.904810889712478,238.76822723088495,7.833718710944235,85.23206516058703
filtered_BA0803901_segment_3.wav,PSW,21902,21988,0.007800453514739229,3873.665193704722,2075.254304553507,28.63083012355574,952.4775742587822,37.40302881286464,570.7184948376837,7.57217177384645,90.80719829591813
filtered_BA0803901_segment_3.wav,Fibrillation,16431,16493,0.005623582766439909,5293.595553198424,1158.5435540457438,-210.4823336080594,603.9343289810646,27.470463183140158,436.3905929506794,-2.977173182371411,67.36223312524838
filtered_BA0803901_segment_3.wav,Fibrillation,25466,25583,0.010612244897959184,4217.4122984577,849.1271427636487,-53.12942299912386,996.0985024373521,406.8630985649664,2343.515204762758,11.662872648862653,847.6731115116985
filtered_BA0803901_segment_3.wav,Fibrillation,26696,26779,0.007528344671201814,1668.5646374717862,717.4715664812385,-114.56335344068815,325.0754440997748,-13.920476209629129,100.43784408788481,-6.779343345650802,63.015054377724795
filtered_BA0803901_segment_3.wav,PSW,27046,27142,0.008707482993197279,1558.9161404835127,1843.8559630766629,187.21436384153264,1113.4920843260263,-24.99097928499138,325.1140536282006,-3.337227876635114,162.1077556796237
filtered_BA0803901_segment_3.wav,PSW,26505,26588,0.007528344671201814,652.0519420588328,327.485869918516,-28.451390385903952,88.51941549184488,-15.039775562377056,55.142772853151314,4.577291745475455,35.2077531820301
filtered_BA0803901_segment_3.wav,Fibrillation,26436,26518,0.007437641723356009,1197.3259203743314,698.4873151293139,80.89369712443772,679.6051440403348,-3.299303703577717,119.1173412476853,-2.4023808890815683,52.29207827613258
filtered_BA0803901_segment_3.wav,Fibrillation,25278,25345,0.006077097505668934,2727.0123463907976,442.7760477434702,50.352654311184956,578.0880495625993,37.63969647059102,331.44143265860686,-10.424087226411745,49.65189600825203
filtered_BA0803901_segment_3.wav,PSW,25335,25446,0.010068027210884354,2282.330606316927,1943.1017440292483,-148.3984877326591,503.7801890320836,-2.671274519115209,328.83648015705734,17.203356857373134,236.76531665198235
filtered_BA0803901_segment_3.wav,Fibrillation,24429,24524,0.008616780045351474,2397.901604638484,535.447137429706,-24.90850325506777,311.0374678965725,-3.0424841763355017,239.22675128628467,-1.4877012463431336,53.652469297999474
filtered_BA0803901_segment_3.wav,PSW,26782,26855,0.0066213151927437645,984.2417557191955,546.4942122494436,-19.50198222019797,85.2658621639646,-1.035327205442735,58.57544796930604,-3.235014912121746,33.469715094375864
filtered_BA0803901_segment_3.wav,Fibrillation,25074,25163,0.008072562358276645,2901.33956204464,813.6604782951347,-56.90678226810035,284.80652334130787,10.035892464765418,108.96073512813936,0.07105356166056283,47.66909195416392
filtered_BA0803901_segment_3.wav,PSW,24028,24098,0.006349206349206349,3978.7799462082803,532.6972553375671,48.32395740493984,205.01171400262336,-15.080168306098534,67.56215506295446,-3.9686517236439713,27.752971310189103
filtered_BA0803901_segment_3.wav,PSW,26111,26187,0.006893424036281179,2056.984260882995,280.08565492083966,-0.8498227513873161,84.61196925425976,-2.925802122529364,62.3766179445328,1.5303418382974006,24.606499428063234
filtered_BA0803901_segment_3.wav,PSW,26296,26362,0.00598639455782313,709.3421150591031,272.2599735575311,-6.009372294665744,71.45982361366269,-3.527535435927406,57.225518535854256,0.21596631412819653,37.470441698134735
filtered_BA0803901_segment_3.wav,Fibrillation,27432,27501,0.006258503401360544,1474.9884135705547,1501.8600506535877,189.941383317372,2273.760078285938,194.67119173706442,1840.3983697790802,-29.95890612873585,206.0867703863092
filtered_BA0803901_segment_3.wav,Fibrillation,27797,27855,0.00526077097505669,2062.801722383106,941.1545076226283,7.797053016875539,517.7452981716383,-8.630209747040803,174.5823369190834,6.369481295499897,62.89998935067209
filtered_BA0803901_segment_3.wav,Fibrillation,29168,29243,0.006802721088435374,403.06206325405424,1219.1226987692542,-75.08641003740935,643.0250276916053,-25.264819863578932,280.2975223700129,-2.3494996103242385,58.53088308228195
filtered_BA0803901_segment_3.wav,Fibrillation,29337,29406,0.006258503401360544,1071.5123063000908,1638.2878695541706,692.5376212656566,3051.376757159973,-164.87565792672788,1013.604225132418,-61.492099626935286,297.44892918821887
filtered_BA0803901_segment_3.wav,PSW,28224,28290,0.00598639455782313,572.6000240946851,643.8366198078388,4.472393855748306,93.90633621838462,9.193554206647201,66.5459614234669,4.238771942078976,41.31192960878061
filtered_BA0803901_segment_3.wav,PSW,28572,28647,0.006802721088435374,1053.9661778846291,338.1274104730733,-18.39614215518707,76.3951130709192,-3.9420578337330325,40.09117932491405,-1.186786534273123,32.05408034942284
filtered_BA0803901_segment_3.wav,PSW,28791,28869,0.007074829931972789,835.7684092510069,1865.6222126720195,103.46415316455254,1032.3832268498386,26.557520961105766,504.52184667921796,-1.4042511611746054,198.36679365727753
filtered_BA0803901_segment_3.wav,PSW,29478,29525,0.004263038548752834,1131.7970508230328,331.33226632100553,1.2302166582146492,48.76569221566793,3.3528540639134015,26.642150453585234,0.0,0.0
filtered_BA0803901_segment_3.wav,PSW,29542,29586,0.00399092970521542,1716.707521170029,730.9713929971829,-13.11570591459446,252.19798219547638,-0.6400257268824439,40.280351226776666,0.0,0.0
filtered_BA0803901_segment_3.wav,PSW,29688,29763,0.006802721088435374,1152.5477809376812,438.9128880381713,17.25196524606182,67.19568491248135,-8.049830926961691,62.79375679934697,-2.326218885543625,29.476456251797394
filtered_BA0803901_segment_3.wav,PSW,27866,27908,0.0038095238095238095,805.7707362325782,419.4570700703772,-16.837489139387124,79.82896252214229,3.5172874537523633,27.722844195062333,0.0,0.0
filtered_BA0803901_segment_3.wav,PSW,27894,27947,0.004807256235827664,1342.486557537176,996.986106316211,-39.71179912034116,134.32147547539427,-10.194709518448553,51.2298315067683,0.0,0.0
filtered_BA0803901_segment_3.wav,PSW,28348,28423,0.006802721088435374,1376.255018936216,300.655975690259,-15.724699418227313,71.96724079196414,14.477367970854994,50.00391140688996,2.0577237443680967,26.606937905161438
filtered_BA0803901_segment_3.wav,Fibrillation,27263,27326,0.005714285714285714,1307.8974375105768,624.8973041831422,30.320770818239925,491.28272889094734,-14.761126710803287,76.07077980995733,6.321257575880706,36.77067000373532
filtered_BA0803901_segment_3.wav,Fibrillation,30527,30615,0.00798185941043084,-574.7991345238105,794.1284490245225,-27.958367000553036,375.1807232554667,9.890039683662947,288.44237880674234,-4.664169856850074,38.65575313034454
filtered_BA0803901_segment_3.wav,Fibrillation,36611,36708,0.008798185941043084,564.9741012032331,2114.450528004173,257.91295722959285,2510.992499817937,-80.4771327963319,370.10774837204576,-3.2639951294450946,124.22510444922663
filtered_BA0803901_segment_3.wav,PSW,36665,36739,0.006712018140589569,3804.47388840989,4595.454422414941,768.7062489901997,3361.420646768419,36.03478008274978,1356.8516068422311,11.199628871157104,149.93275781073652
filtered_BA0803901_segment_3.wav,PSW,36804,36854,0.0045351473922902496,663.7678961975591,293.1464243216451,21.510173209256735,66.5063154447784,4.771340572292725,25.365705766415925,0.0,0.0
filtered_BA0803901_segment_3.wav,PSW,36851,36905,0.004897959183673469,565.9266348024574,407.87489467868,-4.373925990288247,64.64805230448482,0.5455146334123872,37.7782324478032,0.0,0.0
filtered_BA0803901_segment_3.wav,PSW,37746,37815,0.006258503401360544,-331.0996200435091,420.5288170519252,2.539678532133839,95.10075370130714,-8.20732502334049,47.23645247739922,0.6253528288681052,24.43732239870963
filtered_BA0803901_segment_3.wav,PSW,35415,35485,0.006349206349206349,1720.8822025510774,380.27880179391497,18.889043653434033,131.5542187632635,16.32754250258056,49.46371288967409,-3.9423549733305716,38.34351699305289
filtered_BA0803901_segment_3.wav,PSW,36144,36222,0.007074829931972789,1027.8627017631209,708.4613173402552,-27.328921204067395,125.51742768878528,-1.9947542294336078,61.08547276141391,1.6817396103435174,30.687638442614944
filtered_BA0803901_segment_3.wav,Fibrillation,36094,36160,0.00598639455782313,1207.9862421778942,986.7353808411981,124.97765279113261,739.7053703902534,0.03734402395826572,207.73406130235827,-2.646192795595465,69.8309742859006
filtered_BA0803901_segment_3.wav,Fibrillation,35589,35654,0.0058956916099773245,2114.0949902583716,1039.8610543382008,-151.84635109576993,456.1365121999227,7.93215905980024,197.11653541292785,-7.844581162635846,79.28270620923013
filtered_BA0803901_segment_3.wav,Fibrillation,37117,37221,0.00943310657596372,1172.2870143824282,772.8251009157852,68.23779163066094,624.4681133277583,-8.532022128807396,219.4806952960945,-6.149411184438785,51.56645216796138
filtered_BA0803901_segment_3.wav,Fibrillation,33914,33995,0.007346938775510204,1707.670075666495,2979.6001138524102,-240.35639931599923,1510.648335743461,-9.339330100088125,792.2711086813157,-8.014393815478794,186.85567773798834
filtered_BA0803901_segment_3.wav,Fibrillation,34690,34763,0.0066213151927437645,231.6507292554312,957.6861317851219,23.05645277207509,546.8397017193276,-19.835934359684394,216.96853820177705,3.2710816767576203,66.74087485118383
filtered_BA0803901_segment_3.wav,PSW,34752,34813,0.005532879818594104,-608.9296557638686,466.1919722921692,-11.848757833632977,96.03279984844015,13.46470159281765,64.7797399660189,8.104449807766734,35.51906593394346
filtered_BA0803901_segment_3.wav,PSW,34898,35014,0.01052154195011338,139.20613943656724,1471.3573782112933,-344.98051189139966,1283.5746994289957,-131.71854837122902,577.0297685271646,7.295505855447038,310.9854145299028
filtered_BA0803901_segment_3.wav,PSW,35110,35176,0.00598639455782313,753.8613629120124,290.94380762956223,-7.548037374280029,117.55560425068023,7.53545990940627,57.188304524838465,-3.6174944010698584,36.01800902824312
filtered_BA0803901_segment_3.wav,PSW,35296,35369,0.0066213151927437645,717.2969945920426,3236.3306210031105,-317.87309927550143,1342.826958613064,-53.21646560249711,298.05348561723866,20.89728427019568,252.76008320763927
filtered_BA0803901_segment_3.wav,Fibrillation,35280,35338,0.00526077097505669,634.0619689687435,3471.5761904936444,-56.09461137022019,2039.368124392255,-58.379941091798806,327.4490621299799,23.78105916489599,281.4919807863651
filtered_BA0803901_segment_3.wav,Fibrillation,30808,30882,0.006712018140589569,107.11698078149496,2896.290088790246,431.00608820684903,1819.877595140039,-21.253453564070227,635.0739945560803,-8.309400677309252,192.19812876512117
filtered_BA0803901_segment_3.wav,Fibrillation,31927,31997,0.006349206349206349,109.39348152409873,925.1009598850387,-97.06559752163729,459.9052574741204,-12.296422448884814,156.952367836004,-2.379740455984099,52.031385366852426
filtered_BA0803901_segment_3.wav,Fibrillation,37456,37564,0.009795918367346938,685.7732866974417,745.5648393944749,-11.324418773010494,387.07427476529693,5.946989339731231,241.94661306988493,4.361096527499389,62.81297944071383
filtered_BA0803901_segment_3.wav,Fibrillation,33305,33386,0.007346938775510204,171.2059045807444,761.2621285390403,62.751784249445066,708.6823471632667,19.287437460723055,244.8342348209676,-5.078654385413963,45.29588923599822
filtered_BA0803901_segment_3.wav,Fibrillation,32510,32572,0.005623582766439909,355.7803341955682,2357.211082237234,150.49303931528414,2627.1313043139976,90.83531559303454,1551.6642122172045,-49.19132266045231,373.90115728068633
filtered_BA0803901_segment_3.wav,PSW,33177,33262,0.007709750566893424,135.96052190457823,563.1249000472765,-6.182286568231091,61.97898461398526,-0.17345430232316858,61.02996907158095,0.5921987888486253,29.488054692090227
filtered_BA0803901_segment_3.wav,PSW,32768,32842,0.006712018140589569,1739.6613926144325,1900.1826250064485,-212.7195006024121,649.7908096675773,-43.188303492106044,233.91779462484396,4.851776401293536,75.68140754180344
filtered_BA0803901_segment_3.wav,PSW,32834,32884,0.0045351473922902496,913.1473129734469,745.6331212375109,7.394973030413975,86.90466437936713,3.338515334304006,49.22072595061397,0.0,0.0
filtered_BA0803901_segment_3.wav,PSW,34373,34439,0.00598639455782313,660.2984289509087,348.440294078801,13.61288637170467,59.94099494283651,12.309605914233108,35.78668274758792,6.402793096700518,29.838643680549016
filtered_BA0803901_segment_3.wav,PSW,34470,34547,0.006984126984126984,346.9561496640674,347.4490385848983,1.9074818781780303,73.88870997872336,-13.181151071743258,62.31628758648298,2.662487326417114,37.75823571108053
filtered_BA0803901_segment_3.wav,PSW,31117,31179,0.005623582766439909,1295.136832782113,490.76749995217267,-3.1072492167465535,120.70404775879928,13.532092003928014,52.1673867641757,0.29397528328671935,26.21166487726066
filtered_BA0803901_segment_3.wav,PSW,31179,31244,0.0058956916099773245,2126.13607770984,1272.7891990512378,-16.78257980343316,284.72047416671705,7.560040670649947,207.05155540156474,-2.239443519814795,43.449634524048015
filtered_BA0803901_segment_3.wav,PSW,33694,33799,0.009523809523809525,972.6891596985745,327.38017214734623,9.426313974013732,66.23453431595004,7.503280919933717,58.315732519939885,-0.7438085788221296,24.289127138678644
filtered_BA0803901_segment_3.wav,PSW,32687,32772,0.007709750566893424,1895.0190569695567,401.6411973800814,2.0104434553364934,59.35870703247996,-7.65072295228408,65.73005573602386,-5.154131053742494,44.86791013598956
filtered_BA0803901_segment_3.wav,Fibrillation,31005,31082,0.006984126984126984,-109.3563230027859,1452.9717175885744,630.7645690793469,3069.8827334780294,-140.8511838118383,718.8707871614198,1.7288820583635411,420.001391081711
filtered_BA0803901_segment_3.wav,PSW,31036,31098,0.005623582766439909,-209.28649765283535,628.0471110429037,-78.42631270130104,260.0475032300626,25.804484592767437,162.37005706149498,5.091450683434041,42.05057349410215
filtered_BA0803901_segment_3.wav,PSW,33992,34057,0.0058956916099773245,901.4106128592363,729.4771130501572,12.528832025265753,362.89475097012973,-14.25980075401923,73.26948966062307,-2.0529632921607086,35.86215289202851
filtered_BA0803901_segment_3.wav,Fibrillation,37946,38041,0.008616780045351474,-513.3282653211487,3041.1248803876692,-203.90635272025355,769.3303151720879,8.156445402460596,450.8852535687211,-2.878945782884181,189.04702642250663
filtered_BA0803901_segment_3.wav,Fibrillation,39317,39395,0.007074829931972789,-217.63300229676238,2406.083372626922,235.278844889971,2364.707421659634,-7.0163554116196325,449.679119694068,-4.165769406890538,236.4834938998546
filtered_BA0803901_segment_3.wav,PSW,39354,39419,0.0058956916099773245,776.5410029019324,2265.162437117184,-354.7317940743529,1286.879203670493,54.185919034010176,470.8075219322301,-1.0593317857290057,44.615057194526315
filtered_BA0803901_segment_3.wav,PSW,46950,47003,0.004807256235827664,1577.3041987862662,1663.247819308919,-3.8766779702993546,344.7700154280921,-0.6734732832864051,70.36818880804145,0.0,0.0
filtered_BA0803901_segment_3.wav,PSW,47012,47098,0.007800453514739229,1684.4966493308384,714.8330590332286,-38.29613937325428,98.61135312786715,-6.388157673363017,57.57427232929809,-2.8767597817162813,38.0118329170678
filtered_BA0803901_segment_3.wav,PSW,48468,48562,0.008526077097505668,1887.3614507292557,461.77651406110203,-1.683504852443445,134.1680829536157,-7.94081550505266,57.66702763270382,-2.7385128696668475,31.173642960986513
filtered_BA0803901_segment_3.wav,PSW,49249,49323,0.006712018140589569,1901.1154655486996,1278.761258276745,-0.2806515559483875,282.18127019109704,1.6658629972113796,128.0535602880871,-1.2852224147880649,44.814581448039206
filtered_BA0803901_segment_3.wav,PSW,49303,49364,0.005532879818594104,2417.9079696072604,761.3548084798585,44.348340457949604,207.7737359870469,-17.715635721750466,63.58198584572556,0.32668117330746826,42.347891319982125
filtered_BA0803901_segment_3.wav,PSW,48889,48959,0.006349206349206349,1245.4884814833592,327.769653926398,-4.162312089635476,107.28915949359923,7.511131866628116,67.22965893146247,-3.729896789078894,32.29324698702887
filtered_BA0803901_segment_3.wav,PSW,48959,49028,0.006258503401360544,1617.0099737600162,375.83858906180586,-12.45197189113823,67.12904861010236,15.771134849635644,42.29955722414499,-0.8564377795695632,31.948641489158142
filtered_BA0803901_segment_3.wav,PSW,42577,42647,0.006349206349206349,1328.5267643477093,485.99042974395496,11.896489635911971,100.57596371419817,-15.614703478820605,48.94570277280243,-2.5211986547194494,33.542554895836766
filtered_BA0803901_segment_3.wav,PSW,42647,42720,0.0066213151927437645,1798.0999700560483,457.23256126907273,9.406603103185166,91.12490853296121,-7.576781333849661,61.00655817720585,0.7161786962056599,37.13915780586798
filtered_BA0803901_segment_3.wav,PSW,45543,45633,0.00816326530612245,1582.0576485310783,451.3109879140093,15.367144676633249,84.70202364504203,4.5237740974218275,48.498212138180186,-0.28472559691733146,33.99569750763879
filtered_BA0803901_segment_3.wav,PSW,45760,45825,0.0058956916099773245,1052.4820897958114,637.5973602740887,-12.906994332540718,136.24907799781232,-4.498675570739012,77.50991884797595,3.868350021087644,30.526976852078448
filtered_BA0803901_segment_3.wav,PSW,44099,44164,0.0058956916099773245,1987.8315035088276,451.4069429101355,-20.965864125378364,64.71256054397352,9.823071266996298,58.38909492646614,-1.5762279667148842,33.994241440389445
filtered_BA0803901_segment_3.wav,PSW,44164,44250,0.007800453514739229,2323.6897521401656,379.0275537245394,10.93064802382747,68.96035103491873,10.311819028875963,57.164328596257775,1.3638280877024014,33.28844691951748
filtered_BA0803901_segment_3.wav,PSW,44038,44099,0.005532879818594104,2075.472895171619,342.5417931018515,4.449922409283274,79.22279789334405,13.263892916142558,58.09524036420416,-0.9274947431453715,42.87720687045279
filtered_BA0803901_segment_3.wav,PSW,38838,38900,0.005623582766439909,-4406.778990409699,349.50162953997767,6.201558522657141,100.60916909764724,-15.290928807897597,54.31021256223176,4.591108984745803,34.82905837993808
filtered_BA0803901_segment_3.wav,Fibrillation,46484,46554,0.006349206349206349,1831.8300104642833,887.3690324706206,133.29010984539948,886.4821848431491,-9.231756698262718,151.6181504235366,4.080833881691967,93.51402603546484
filtered_BA0803901_segment_3.wav,Fibrillation,47318,47404,0.007800453514739229,2149.924119635547,581.6268087982322,15.430807788753782,400.72382079154556,16.552214088144094,231.83334657183815,-4.798865012605202,58.99741430970341
filtered_BA0803901_segment_3.wav,Fibrillation,48734,48808,0.006712018140589569,2039.1908984147135,658.4060096638946,50.14498650315385,809.3093555347616,17.270916678220285,257.49516565121667,-4.373330028623114,45.18799632849543
filtered_BA0803901_segment_3.wav,Fibrillation,49364,49438,0.006712018140589569,2306.9017959789903,1206.3834727698004,121.00958269655652,1066.2835865615607,13.622495032367073,584.0063566226682,13.267436306071184,117.53125959044087
filtered_BA0803901_segment_3.wav,Fibrillation,49679,49736,0.0051700680272108845,1856.4882110518474,1198.0605748744108,-153.3106388878919,429.5237019837656,15.37229804611506,221.22283274287318,3.5522404324500068,60.704535836425336
filtered_BA0803901_segment_3.wav,Fibrillation,43068,43166,0.008888888888888889,2144.7471805491623,764.862177643389,-42.92629110708467,497.7255953460573,4.79292546196275,245.07065026604133,3.5166598808817335,71.60435232025813
filtered_BA0803901_segment_3.wav,Fibrillation,43199,43301,0.00925170068027211,1784.965084299299,2504.3867200655895,37.34243037382619,1359.7469345535744,43.69256170766378,636.414559096007,1.0058987319123238,49.900909485187476
filtered_BA0803901_segment_3.wav,Fibrillation,43363,43449,0.007800453514739229,2419.059547745989,935.0223923172424,-16.58257121277363,535.1416357055698,-14.138670339898948,303.99758602640793,-1.4619249398110452,61.5839532109118
filtered_BA0803901_segment_3.wav,Fibrillation,41673,41771,0.008888888888888889,2683.9023189253257,862.2677586147486,20.124401994188347,453.7243563761741,6.749631662739176,256.2946991772108,-1.3159332675170425,56.73052243733691
filtered_BA0803901_segment_3.wav,Fibrillation,41792,41874,0.007437641723356009,2169.2254177410978,1038.985528872346,-98.49654246392879,442.63281352355034,-21.179566024846448,143.23814958880266,6.305427915452813,50.406915785857514
filtered_BA0803901_segment_3.wav,Fibrillation,41910,41996,0.007800453514739229,1653.2666288725623,3090.990198120486,-352.6839630847769,938.0593536899368,-38.97387634404892,274.548985073877,-10.277444912792898,112.09836416302137
filtered_BA0803901_segment_3.wav,PSW,41870,41939,0.006258503401360544,1209.2963858231324,231.9255328533776,-15.985812803671651,37.83176899203351,2.5865003559065154,47.59788424476566,-0.6693256821362226,30.091581244129646
filtered_BA0803901_segment_3.wav,PSW,41968,42025,0.0051700680272108845,5482.168210844854,4574.5837555050375,567.5896998844438,2821.5415422021033,33.06571193531007,1003.9331886360494,-10.011381445164846,131.60690276313676
filtered_BA0803901_segment_3.wav,PSW,40965,41043,0.007074829931972789,4284.689587171402,349.84644084108857,21.49066820454194,75.54086542105968,-6.20263682072144,46.04033245789392,2.4617239755832205,25.10445448745432
filtered_BA0803901_segment_3.wav,PSW,41199,41293,0.008526077097505668,3961.7743262903764,554.6712700469409,2.5843735980874585,112.18357372201696,-7.013156491274748,53.786926552780045,3.4207019825041924,38.740910053542166
filtered_BA0803901_segment_3.wav,Fibrillation,40626,40716,0.00816326530612245,4320.274744381198,2559.7514624037944,297.3923547176343,1842.450990917616,-48.16493340499932,471.7832740826687,-2.4459035398710154,161.0012957850221
filtered_BA0803901_segment_3.wav,Fibrillation,40786,40867,0.007346938775510204,4291.771266320711,1151.1571157326084,14.64726657320061,695.7633947268514,-11.9065430804025,571.8599172494518,9.174493177717101,108.2897204684404
filtered_BA0803901_segment_3.wav,Fibrillation,45919,45993,0.006712018140589569,1784.315507516523,666.7799601094973,92.82494885951597,765.0655369506154,4.260852887794305,137.28348625891434,5.305860248309715,44.171571840763505
filtered_BA0803901_segment_3.wav,PSW,45690,45748,0.00526077097505669,2659.134225687228,3961.0559534954377,-88.35431228284172,865.4383459540903,21.135385891830012,520.5419539790596,6.540256433847307,66.95680640295873
filtered_BA0803901_segment_3.wav,Fibrillation,44463,44533,0.006349206349206349,2640.619456104069,2755.0179614592976,205.73403077916447,1642.4742241018962,3.449664309876124,417.7621017124337,-15.683358684886151,143.30613143086106
filtered_BA0803901_segment_3.wav,Fibrillation,44520,44602,0.007437641723356009,1729.2738759757694,735.6498254338893,53.40996225095018,771.5624479099223,1.6258833868984945,145.04666978036775,-8.320578973023727,44.382684390533015
filtered_BA0803901_segment_3.wav,Fibrillation,44921,44999,0.007074829931972789,1865.6791553709065,1041.1370537895198,0.8281636916721321,515.509962591362,12.086589383472294,347.4837133297887,-2.887901337377746,41.50090787906624
filtered_BA0803901_segment_3.wav,Fibrillation,38695,38793,0.008888888888888889,-6234.183356148209,985.2775525770879,-83.48042732023298,347.8769019603215,1.7652817134647858,222.73589054408023,4.084800965088632,70.33507011392167
filtered_BA0803901_segment_3.wav,Fibrillation,40262,40311,0.0044444444444444444,3686.0137962394383,1189.644223907688,-9.091085941376312,240.36741882425713,-3.671298800972931,150.72171242491328,0.0,0.0
filtered_BA0803901_segment_3.wav,Fibrillation,40299,40360,0.005532879818594104,4066.3647121763934,1021.0757236214545,-171.4697940056766,446.88109319920926,-0.7374714613113433,170.8362404180097,1.8371739189144567,101.15386796367292
filtered_BA0803901_segment_3.wav,PSW,39726,39820,0.008526077097505668,3801.507664200827,659.5325166093655,-16.070626543730352,89.15877484938926,-10.065315227166542,51.658663178732496,-2.404111285675069,35.83982298546026
filtered_BA0803901_segment_3.wav,Fibrillation,39006,39071,0.0058956916099773245,-2110.8799248621367,391.9352217751296,85.1326854112973,464.72021512797187,8.097204719328037,133.08486451398196,4.040189101789124,49.98101996359618
filtered_BA0803901_segment_3.wav,PSW,38949,39010,0.005532879818594104,-2649.995107252634,280.95706459746094,-7.0513541331522145,99.08963794288458,11.575662743206447,66.8256241554142,0.5416179033820815,34.466360596120836
filtered_BA0803901_segment_3.wav,Fibrillation,38891,38949,0.00526077097505669,-3461.0100601650947,1001.8616558681233,-52.81895353460071,509.2812321496818,-3.5501399129053737,264.9094188086544,-3.3938749542965674,75.17058434208742
filtered_BA0803901_segment_3.wav,PSW,49925,50022,0.008798185941043084,1340.4620588712696,666.9135709522358,16.4853980929002,120.31623175086318,-0.6527205731931214,56.22745240429446,1.8483348839770686,29.023954872367607
filtered_BA0803901_segment_3.wav,PSW,46903,46959,0.005079365079365079,1984.0732051142159,3006.021886007785,31.33966724525752,472.91760035222575,-0.012886101239918296,314.1978407309537,6.052805191231522,65.20218337782283
filtered_BA0803901_segment_3.wav,Fibrillation,50122,50186,0.005804988662131519,1670.0171805182715,762.5097080910921,111.5042717812493,867.7481072833084,-14.88329722719744,148.80993500307173,-4.6898962261284565,58.37774088055881
filtered_BA0803901_segment_3.wav,Fibrillation,50367,50452,0.007709750566893424,1553.4512094894567,1410.7740845732446,17.59820625271763,685.4242688432751,6.602177243965103,193.39116042735924,-1.132366978116807,53.632633667533504
filtered_BA0803901_segment_3.wav,Fibrillation,51272,51332,0.005442176870748299,1236.4914944438283,843.3352217352166,95.09866062878034,832.9686507538785,24.860663691326074,341.3693994847096,-9.008085460028775,61.71420302050858
filtered_BA0803901_segment_3.wav,PSW,51324,51384,0.005442176870748299,942.587495203311,364.38382358905636,12.800350204224323,97.19250320289527,0.47642459375118057,71.12254376209343,8.859062890632506,35.29899319088402
filtered_BA0803901_segment_3.wav,PSW,52607,52668,0.005532879818594104,1554.740414350462,1409.0780934062082,-41.653415662559226,395.14960428201204,6.943612686907133,64.67796404375483,-0.4803295534671129,41.79857001704478
filtered_BA0803901_segment_3.wav,PSW,54790,54880,0.00816326530612245,1542.2627171348001,1165.292142473858,-24.550463620072865,360.2297301050205,1.8840678286538202,252.01698482135848,-3.782259574649822,81.33844227925675
filtered_BA0803901_segment_3.wav,PSW,55103,55178,0.006802721088435374,1935.6273703021327,450.7824900816865,-8.089117549833313,92.799435482933,-4.094407788518804,68.24655780870125,-2.99406365570923,39.69704004853449
filtered_BA0803901_segment_3.wav,PSW,55925,56011,0.007800453514739229,252.4960505255164,1251.4529899622976,-7.022499840980334,203.36823595650608,-4.577612181897526,129.07357704648072,-5.530146816875693,38.71651717517654
filtered_BA0803901_segment_3.wav,PSW,56995,57052,0.0051700680272108845,1491.8709411405637,1195.8678755008686,32.69006709508338,274.268078574351,-0.14616333142238846,80.13044210610772,-5.400590580726785,41.82093667543837
filtered_BA0803901_segment_3.wav,PSW,56920,56984,0.005804988662131519,1557.6495649430278,419.19572224839334,10.959480696877781,99.87703379512993,7.719395692546122,64.06971812210202,-2.9394360623973212,22.751052922205574
filtered_BA0803901_segment_3.wav,PSW,57049,57114,0.0058956916099773245,2804.2475694083237,794.1963886646048,43.515882056484934,230.3115260268046,3.2367215792584596,132.7609427751063,-4.3541440797992434,56.99581966480571
filtered_BA0803901_segment_3.wav,PSW,53735,53817,0.007437641723356009,1528.737978965417,912.2364575259461,17.060815420383406,313.8944471122967,24.775068223978316,68.50603610593227,7.258706348175337,36.464611170670395
filtered_BA0803901_segment_3.wav,PSW,53569,53666,0.008798185941043084,1815.603186828789,500.6923925553151,-9.043578356256415,116.21943382921809,2.902523814128752,63.03852392753237,2.8426122998811243,35.89677648041315
filtered_BA0803901_segment_3.wav,PSW,51950,52022,0.006530612244897959,1532.486844480106,284.76689284845787,-10.799344437515755,66.71799248402161,0.19882352930912517,53.688354408706665,3.8233538715675595,34.92543540980303
filtered_BA0803901_segment_3.wav,PSW,52022,52119,0.008798185941043084,1837.4828071011589,365.99590741226393,0.011883689495843126,127.69093710688767,4.042718442683096,41.69266373430615,3.865119759224211,32.650631838367055
filtered_BA0803901_segment_3.wav,Fibrillation,54485,54571,0.007800453514739229,1369.4929725259813,940.2711657600759,-10.626733007250472,589.7471054860753,10.758913472916866,343.50009795225526,5.266039474636797,90.06712397598474
filtered_BA0803901_segment_3.wav,Fibrillation,54349,54410,0.005532879818594104,1700.405722846784,980.6717253764729,-68.31566643746092,578.618814346116,2.4151636641946825,265.5850579253937,-6.631144236260504,40.57086891266887
filtered_BA0803901_segment_3.wav,Fibrillation,52955,53013,0.00526077097505669,1064.1601530314404,997.4209254178053,-37.410953809420704,439.4416097867796,20.00349303810694,304.7965982202956,7.731646612868496,43.528567068654986
filtered_BA0803901_segment_3.wav,Fibrillation,52880,52930,0.0045351473922902496,1310.5258151737753,1313.8609523533855,0.6964956839881175,330.47696438903324,-6.065300470768491,72.58036913277822,0.0,0.0
filtered_BA0803901_segment_3.wav,Fibrillation,55756,55832,0.006893424036281179,1454.2291552463066,985.5614944516346,-106.49924659231446,414.03746873111174,-13.42853864780569,118.77846461076773,-2.075039362595293,41.990152864258995
filtered_BA0803901_segment_3.wav,PSW,56625,56686,0.005532879818594104,1547.143852319901,397.22232251430603,1.42582116832574,189.19557309794484,5.636319955395421,68.06538259791756,-2.6235769284303947,41.31798056019683
filtered_BA0803901_segment_3.wav,Fibrillation,57182,57232,0.0045351473922902496,1295.237330969728,987.1683834045202,8.921888707024507,307.09070398588034,-4.281447878520949,49.08482160758444,0.0,0.0
filtered_BA0803901_segment_3.wav,Fibrillation,57225,57297,0.006530612244897959,1568.6769120052566,944.7737982442409,217.82813645613527,1293.2067572219594,14.305388807510173,399.74052584071063,-12.312576917600692,66.4021350830297
filtered_BA0803901_segment_3.wav,PSW,57254,57315,0.005532879818594104,2156.1973075395977,802.6960905664176,-98.74475735507018,433.25007611101955,-2.8670479081914166,151.19554357330688,-1.0271533979396725,33.944398863601286
filtered_BA0803901_segment_3.wav,Fibrillation,57749,57821,0.006530612244897959,1359.9008710596322,831.4184304741569,130.56242439340738,922.7801579781213,-7.173602370816888,111.53557615928418,3.3579125306403,113.34540259877986
filtered_BA0803901_segment_3.wav,PSW,59132,59193,0.005532879818594104,1603.188795960194,939.1605298396586,-5.131906367754717,199.9280385461857,-6.786373704389601,98.05339641331747,-0.6859391467288238,38.86632423043722
filtered_BA0803901_segment_3.wav,PSW,59193,59256,0.005714285714285714,2647.8013203716755,1305.238320558808,198.28591674973111,737.0530241257578,24.775822316174338,362.06059666473095,10.251330956286704,117.86106922613979
filtered_BA0803901_segment_3.wav,PSW,58070,58150,0.0072562358276643995,1158.6800923953008,1006.1071005807559,7.187012110122017,177.32606077544173,-3.9363909751377752,84.81955928260678,1.7084378561909606,44.071498499881756
filtered_BA0803901_segment_3.wav,PSW,58150,58236,0.007800453514739229,1091.6326972290135,633.2073182591743,-0.3411931513378388,80.26294771617886,4.844337813203316,51.94175541427912,0.2398955198373113,35.51434734133254
filtered_BA0803901_segment_3.wav,Fibrillation,58770,58859,0.008072562358276645,1593.3663259422115,1117.532743879782,35.58517629379699,554.9455938117576,12.81008690107261,216.1978192259241,5.730935616276745,76.21909105334517
filtered_BA0803901_segment_3.wav,Fibrillation,58566,58662,0.008707482993197279,1629.206835396336,689.7503744767813,55.47830547823525,697.3750855137724,18.882387034750344,230.5845913096977,-2.6761460104006045,45.7865911061566
filtered_BA0803901_segment_3.wav,Fibrillation,59380,59453,0.0066213151927437645,1703.1891615652507,980.8820591376648,62.91001251422294,677.1347361838486,-15.408100650825,363.7459710302548,9.205553654838674,115.93033208167145
filtered_BA0803901_segment_3.wav,Fibrillation,60010,60064,0.004897959183673469,1256.985957398391,1027.8704195398661,-3.7104829435878517,144.78493039923276,3.32181608410862,103.41618935022792,0.0,0.0
filtered_BA0803901_segment_3.wav,PSW,60121,60201,0.0072562358276643995,1547.837902983793,242.79623696611543,-4.875990900260224,64.38054346815755,20.846558825282695,56.810043871610794,2.4723982885159774,30.497478319881875
filtered_BA0803901_segment_3.wav,PSW,60080,60140,0.005442176870748299,1515.9534571499428,208.05741963120727,16.15184671877008,77.73118820331378,11.896492585468211,51.41399544473895,5.303572492057502,31.878929447427897
filtered_BA0803901_segment_3.wav,PSW,63378,63436,0.00526077097505669,992.5261136509835,943.4460187000112,-6.659536184930582,254.2004698981468,-3.4413500439880806,71.98277430357545,0.09694169710798284,33.851522491457516
filtered_BA0803901_segment_3.wav,PSW,63436,63519,0.007528344671201814,2043.1509678017828,1907.240563482498,134.93452267533843,620.6505078294857,-16.67877625610726,338.001208177019,-6.574744253351454,61.32362983471253
filtered_BA0803901_segment_3.wav,PSW,62310,62408,0.008888888888888889,1632.2338198235657,877.1602137569672,24.464903373810344,91.55717308596871,0.4443239037433678,70.66271440454699,-3.9028510029441463,50.88401372942097
filtered_BA0803901_segment_3.wav,PSW,62696,62765,0.006258503401360544,1194.986639169023,446.0843626109192,-16.582190596759162,118.8828208188074,-3.503421624953967,61.01552786700276,0.4697411120795231,32.989851567022335
filtered_BA0803901_segment_3.wav,PSW,61267,61329,0.005623582766439909,1352.6786065085446,935.9252425971706,-26.614888974551896,173.49011346292542,8.973357253319158,109.73727222000356,-8.811650432420453,41.1165673764763
filtered_BA0803901_segment_3.wav,PSW,61332,61408,0.006893424036281179,1845.2609820505102,1638.2327800887692,-166.84417794776041,1128.8004882907762,-10.200872818203726,63.49860680563312,-3.830995583616853,108.34202247479348
filtered_BA0803901_segment_3.wav,PSW,61206,61264,0.00526077097505669,948.152999269022,487.71381272524394,30.844527810884717,75.33558641567578,3.2588823478016136,54.00160925844578,-3.901179309514052,28.701038201866997
filtered_BA0803901_segment_3.wav,PSW,61899,62011,0.010158730158730159,1646.5071547753587,690.773123854199,7.03622218556085,198.3374931060923,-0.5044489168318769,121.20761177370339,-4.167439439580109,138.8285265322868
filtered_BA0803901_segment_3.wav,PSW,62054,62144,0.00816326530612245,1776.0977217547272,255.39542881882673,-18.30282555550798,119.98585349415555,-6.622590991242787,47.29207131767436,-3.9718239760800707,34.48312449884848
filtered_BA0803901_segment_3.wav,Fibrillation,61689,61791,0.00925170068027211,1784.19156510351,1211.5611997204874,-3.116855939071703,281.663224238098,14.378725610543912,227.60398541066382,-0.44221744371110605,42.63272446467892
filtered_BA0803901_segment_3.wav,Fibrillation,61422,61484,0.005623582766439909,1759.4843498352468,900.3194287097836,75.65020890402297,769.306815150783,-10.472148613636389,229.31389090642185,0.25507721782173576,57.894628523710715
filtered_BA0803901_segment_3.wav,Fibrillation,61011,61080,0.006258503401360544,923.4733716358961,1170.3797068456652,-95.59467925136731,451.4530195831503,15.086406658022993,319.71056880559775,-6.210564199955804,78.17088371986141
filtered_BA0803901_segment_3.wav,Fibrillation,62642,62703,0.005532879818594104,1804.075911821332,1152.020668274856,-85.07492915565672,506.8538924626388,-0.08333489365667238,372.40427964065697,3.5635433472125113,79.02655011553304
filtered_BA0803901_segment_3.wav,Fibrillation,62833,62913,0.0072562358276643995,1739.1541852925307,828.8305948824127,13.51451643495231,553.4984223874666,-6.263119885417364,261.6720923810901,-3.9661911641083125,53.11001063144609
filtered_BA0803901_segment_3.wav,PSW,59683,59763,0.0072562358276643995,1333.3445850669696,421.35954065028693,3.9879154435236295,90.82977398238454,0.3217727498213276,57.701741675413786,-9.845490141217482,36.901467579567736
filtered_BA0803901_segment_3.wav,PSW,69628,69715,0.007891156462585034,1759.5234552906325,854.1545782447556,-4.728395034773833,289.80677462185014,5.320044386033317,74.1714358174836,-7.483138866910268,37.323657152017404
filtered_BA0803901_segment_3.wav,PSW,69694,69770,0.006893424036281179,2063.783917703424,1896.0308473446205,126.27640228288764,760.9952245517442,-8.483334493203623,200.27935003340812,-4.814333120829295,59.36749695120428
filtered_BA0803901_segment_3.wav,PSW,64429,64505,0.006893424036281179,1454.1350862140253,1054.4949065938072,4.392471875243851,113.96487153215294,-2.897741747959371,58.95788443184013,2.799778577141458,34.58386468318802
filtered_BA0803901_segment_3.wav,PSW,68604,68680,0.006893424036281179,505.6162460683987,838.227667461057,32.022813716191685,112.49887275570497,7.188309705705,58.735591520263604,0.7151712060917321,27.825310541017796
filtered_BA0803901_segment_3.wav,PSW,68677,68746,0.006258503401360544,1158.197165727997,415.97167409199153,6.816241851514481,81.42519060378764,-7.705354660539027,58.594046122276616,1.9541506470670356,34.46084731966959
filtered_BA0803901_segment_3.wav,PSW,67622,67680,0.00526077097505669,1659.066934080503,1956.88924442897,-158.36358597425775,1084.2811310012746,-3.1054664168508417,155.92901758856016,-5.234244970028288,84.45966860989857
filtered_BA0803901_segment_3.wav,PSW,67574,67629,0.004988662131519274,1662.0557094975068,2186.1249160917155,-56.442209073741985,443.8919362188906,13.556661109584244,98.08588653657469,0.0,0.0
filtered_BA0803901_segment_3.wav,PSW,66512,66601,0.008072562358276645,1286.0650346976815,945.9231403150234,-41.3097363189396,221.72142959271366,-5.049205199687443,62.97640339016247,-6.903714067558222,40.91962416356264
filtered_BA0803901_segment_3.wav,PSW,65446,65529,0.007528344671201814,1025.5456276191253,886.2769594369181,19.867525381806715,86.62700933184165,18.662584640155895,69.25412867977629,-8.637736304491195,32.48609067381725
filtered_BA0803901_segment_3.wav,PSW,65529,65605,0.006893424036281179,1660.6620724469383,1939.0530142880436,2.5064900312483473,1132.749084276909,-10.769335861513047,415.4380637926397,2.478750511218873,97.83407932855384
filtered_BA0803901_segment_3.wav,PSW,65684,65763,0.007165532879818594,1028.2963226140182,410.8368184565501,-10.197452006279665,130.6707704431214,5.8735208598275594,52.30827930092206,-3.741638883856098,43.4517034123952
filtered_BA0803901_segment_3.wav,PSW,65939,66001,0.005623582766439909,3295.462469067345,2400.1345904935856,-81.90895717576763,415.9436788705859,-43.98727417558894,172.8805808521395,7.804696031993956,37.49838914260159
filtered_BA0803901_segment_3.wav,Fibrillation,65901,65960,0.005351473922902495,1543.617344828719,1265.9098301699105,-87.04629528029355,588.9824935848038,-12.348528715094906,297.67717183302256,-4.70470110185201,79.96962443336481
filtered_BA0803901_segment_3.wav,Fibrillation,67039,67105,0.00598639455782313,1463.1777374210646,881.1434747557164,1.4472567775919825,600.3665239556211,-8.734381071893015,270.932884078566,-0.8479092468390479,51.79923081182857
filtered_BA0803901_segment_3.wav,Fibrillation,67236,67291,0.004988662131519274,1391.7739550545703,1573.5721488958675,-5.03723002579767,473.98488084678974,-5.1508363043905945,107.67693456061123,0.0,0.0
filtered_BA0803901_segment_3.wav,Fibrillation,68418,68511,0.008435374149659863,1010.767656176757,948.6292047079069,-85.64768687488188,388.31615409525693,-20.816334205237606,126.7402084550248,-6.126745471699312,35.098588311649124
filtered_BA0803901_segment_3.wav,Fibrillation,69187,69260,0.0066213151927437645,1784.6274181166366,1127.2607933459153,-126.11585971897618,415.2877184872606,12.944249238258832,138.89476862660473,5.853232359161058,99.48381080360186
filtered_BA0803901_segment_3.wav,PSW,68491,68542,0.004625850340136055,647.7581157013121,266.38177980980686,-1.3476546089876662,55.47511173283454,-5.00892829430631,41.627182177442315,0.0,0.0
filtered_BA0803901_segment_3.wav,Fibrillation,64239,64291,0.00471655328798186,1157.4806079187624,993.6390413674941,5.180837768015985,211.23368194831605,9.203250890998232,70.7576459242714,0.0,0.0
filtered_BA0803901_segment_3.wav,Fibrillation,64277,64336,0.005351473922902495,1429.3012114580574,1187.9432373459463,-73.77896283976045,518.1677592095955,3.493537920825716,361.0104718859481,-5.298434499022586,83.23891724754279
filtered_BA0803901_segment_3.wav,PSW,64205,64257,0.00471655328798186,839.5081545584442,402.86238796581165,13.701297081558323,77.2411573273576,12.216482566332967,35.767404810301116,0.0,0.0
filtered_BA0803901_segment_3.wav,PSW,64115,64181,0.00598639455782313,1870.6057268341758,317.63688780255217,12.475401404717587,80.78631834695737,8.354276981415872,48.39077445604353,-0.3465654625648644,42.41170704054646
filtered_BA0803901_segment_3.wav,PSW,66219,66274,0.004988662131519274,710.2848526710155,361.4660826923272,6.3710227000749216,43.375554085552615,2.3211100992989326,40.91657955665536,0.0,0.0
filtered_BA0803901_segment_3.wav,PSW,76909,77040,0.011882086167800454,1935.4807023866463,920.4210350414971,53.015044103870004,208.63478859614276,22.176334212666834,134.36680376016113,-1.338483341241761,72.50370672861253
filtered_BA0803901_segment_3.wav,PSW,70691,70806,0.010430839002267574,2727.818381414441,1051.1792316288067,-8.93658977731211,287.62156047936315,-12.714264925126662,183.5003636148401,-7.636215707604288,59.16830902235887
filtered_BA0803901_segment_3.wav,PSW,70122,70249,0.011519274376417234,3308.1301649782113,449.24044637800074,-5.752090240514696,214.60833151823724,-25.88407974902369,68.6196373392757,-0.6567408622080096,60.49972366868807
filtered_BA0803901_segment_3.wav,PSW,75850,75944,0.008526077097505668,1509.070271992878,888.0280534647692,-6.166152544435602,78.42447145147904,1.7628998882617615,58.793203567710876,-6.4384351990040205,32.103673538138764
filtered_BA0803901_segment_3.wav,PSW,75927,76001,0.006712018140589569,1839.442375371558,2156.642279553783,127.81889760205073,569.4453359506408,-25.59349066186424,374.55457822847535,11.097814848885013,118.21177651872371
filtered_BA0803901_segment_3.wav,PSW,74872,74958,0.007800453514739229,556.9204092709085,965.480298847952,-16.916764856195222,199.47386255349105,-17.174894354446977,60.525591928845806,-2.5691858650392536,29.495115827199896
filtered_BA0803901_segment_3.wav,PSW,73796,73878,0.007437641723356009,872.248595736494,735.2032449368622,39.62869238959206,87.96289803321262,9.019907514568667,63.447355058791395,8.467930532130184,39.59762533407286
filtered_BA0803901_segment_3.wav,PSW,73870,73951,0.007346938775510204,1743.2698364765524,1874.4717039750908,107.27379900945544,740.6140949782973,-24.462854633798198,198.22214289894538,9.224530160560231,82.2824009400337
filtered_BA0803901_segment_3.wav,PSW,73133,73207,0.006712018140589569,1261.0546724136643,424.330770385663,-2.4627408942036015,105.83262871615422,5.733376468798844,72.03702350713664,4.381506333970309,38.369206510200655
filtered_BA0803901_segment_3.wav,PSW,72757,72876,0.010793650793650795,958.6915085098005,1089.4566548552348,8.81709794645431,288.1890445566291,6.195358475509382,215.6656757534559,-1.8591880606438906,51.1854108287219
filtered_BA0803901_segment_3.wav,PSW,71747,71808,0.005532879818594104,1170.6494701461963,1136.909250309418,-24.604746407380066,227.39779642233563,-4.792522064429902,69.74520527172477,-0.481950046446174,43.39160188125309
filtered_BA0803901_segment_3.wav,PSW,71787,71853,0.00598639455782313,1400.3873135103931,1868.8289883773757,-141.7093128427197,912.5668643588867,-11.607423790185248,136.1887376042995,-0.11515947437324196,91.87747911011756
filtered_BA0803901_segment_3.wav,Fibrillation,69820,69893,0.0066213151927437645,1812.9114059362753,856.2745926733784,-0.3332465058635762,542.6884629317744,4.801159827026034,242.4608366532355,-12.184096288202683,58.432032686446604
filtered_BA0803901_segment_3.wav,Fibrillation,70421,70507,0.007800453514739229,2524.993295381845,1063.0755645088211,7.273282123445218,341.15977817770454,1.40076618111769,231.76961405736776,4.657437840687275,53.21172279078127
filtered_BA0803901_segment_3.wav,Fibrillation,71247,71337,0.00816326530612245,1349.1972798379168,938.4053752246474,-84.5492824133905,352.11819102203674,-12.326833760775973,106.86399814744507,0.3597419251452341,51.57512576297907
filtered_BA0803901_segment_3.wav,Fibrillation,77412,77478,0.00598639455782313,1633.9812440128192,847.8776263383913,99.20986222379004,797.2869000065488,28.37410919828389,369.0447119516264,-11.878034455405237,55.3893460390736
filtered_BA0803901_segment_3.wav,Fibrillation,75408,75506,0.008888888888888889,1644.259143978826,869.236270050063,-53.52501350290406,353.77012909870325,1.8358702644944433,218.5023597871667,0.9928423803039064,51.86163930412938
filtered_BA0803901_segment_3.wav,Fibrillation,75727,75833,0.009614512471655328,1628.8566200404766,873.7812545526722,4.038833308054004,527.0244037744368,-12.399854627407528,294.47647283438835,2.112360765172809,47.59076838178595
filtered_BA0803901_segment_3.wav,Fibrillation,76823,76901,0.007074829931972789,1825.9597327676806,868.4817104548281,-22.20939428428633,524.4919819697152,0.3100013315021499,213.32075532515,4.725812842514775,81.25221600548828
filtered_BA0803901_segment_3.wav,Fibrillation,74017,74103,0.007800453514739229,1041.1825661342718,805.352622051926,53.27604988600749,603.1182498575026,-1.8027923195345976,223.26968908441933,1.954582225340212,59.80179586091503
filtered_BA0803901_segment_3.wav,Fibrillation,74103,74193,0.00816326530612245,522.9282924223089,730.4882236679665,124.96720522605926,852.7935136872798,-12.684427379309467,131.98759947423747,3.5232263643057755,109.04324941957995
filtered_BA0803901_segment_3.wav,Fibrillation,72147,72246,0.008979591836734694,1598.144269077541,1041.3281089809084,103.84625420624441,901.8039186576189,-26.611787671227454,403.5366579835904,-5.023004236443744,57.812916521099645
filtered_BA0803901_segment_3.wav,Fibrillation,72450,72516,0.00598639455782313,1538.7714607440043,917.96585623068,-42.027841727430605,1426.98595646053,19.334576856270463,165.83246488658114,-10.928717231425292,71.57290899802562
filtered_BA0803901_segment_3.wav,Fibrillation,72630,72696,0.00598639455782313,1649.5535105521772,844.621895192086,90.05684465356164,651.9218487581015,-19.125565518371417,201.12243720154237,-6.001458018713827,40.39891465402655
filtered_BA0803901_segment_3.wav,PSW,76111,76214,0.009342403628117914,1766.1782925037808,344.97668053764977,12.52161436143285,104.95842712390092,-5.296624888680695,36.16879191018994,0.7047485715646947,40.641411521718084
filtered_BA0803901_segment_3.wav,PSW,70855,70932,0.006984126984126984,1636.0206801709026,498.23559329493,-46.63846937794843,237.887842761238,19.27779530447176,103.36984717852042,-1.4871158551081738,33.44363794037809
filtered_BA0803901_segment_3.wav,Fibrillation,70814,70892,0.007074829931972789,1847.2768355810404,1007.1721770800092,-78.87994232789495,405.8034116089896,24.82567213580678,291.1645642877708,-8.920680189225536,42.88365034158246
filtered_BA0803901_segment_3.wav,PSW,74626,74712,0.007800453514739229,1118.8487995464945,408.74579185027005,-13.717558218833968,140.5032790286696,3.6964334124900495,65.68215713122409,0.38356162473379085,28.584593017662076
filtered_BA0803901_segment_3.wav,Fibrillation,74819,74892,0.0066213151927437645,688.9198277536357,1337.8038049057523,-17.181524445741154,684.8562210017614,5.990203811780561,202.58985077199006,-0.7814798885466565,52.84101906146352
filtered_BA0803901_segment_3.wav,PSW,74209,74271,0.005623582766439909,635.5702889877508,180.8686782973957,-4.799432615031346,62.02488092968148,-29.764517180287907,41.67360613524803,3.1744319683300772,43.26320207052734
filtered_BA0803901_segment_3.wav,PSW,74271,74336,0.0058956916099773245,1020.5356441324985,168.64348333517177,-4.542680710339647,59.07646969430028,-6.18029120496425,43.30009111763093,4.069319097936216,38.68198757170185
filtered_BA0803901_segment_3.wav,PSW,67721,67799,0.007074829931972789,1698.3127631571333,360.65940695946466,-4.520008021006427,71.81946004224912,2.008865935034161,62.162759749373635,4.68659524497424,42.05080528291069
filtered_BA0803901_segment_3.wav,PSW,77588,77695,0.009705215419501133,1342.788002325072,353.8998942978081,18.732017715089754,84.1361922647283,-2.43190515497057,43.564638829961154,-2.1806633908047495,39.155192104825005
filtered_BA0803901_segment_3.wav,PSW,77695,77756,0.005532879818594104,1472.2097136150312,1309.2213815982204,-81.13641756003918,900.1102643309117,-14.77005996189941,176.42000940300323,10.160095101073004,78.82064868323862
filtered_LI06056410_segment_1.wav,PSW,54,184,0.011791383219954649,9811.318943970738,2681.300761011082,19.82227544919764,280.3734639442341,-4.01998996504324,148.42934158993344,2.2550569864046954,60.86712838305419
filtered_LI06056410_segment_1.wav,PSW,184,302,0.01070294784580499,14366.831326497737,2697.019847296427,17.043871424389643,520.8285627836049,19.464828078739792,254.19397752199555,13.839700040030497,75.37480509708412
filtered_LI06056410_segment_1.wav,PSW,513,622,0.009886621315192743,8187.945126618208,1877.5594854573599,4.2009897903417635,187.99277329748034,9.515620725997326,132.5970028121682,2.1768193416130006,74.3750446895282
filtered_LI06056410_segment_1.wav,PSW,637,733,0.008707482993197279,10367.173577498068,1688.03344877568,4.4951095991821735,98.5145822344284,-4.837046881044179,79.35893486773132,5.478618587739368,43.50181384177228
filtered_LI06056410_segment_1.wav,PSW,934,1062,0.011609977324263039,10557.289508080112,1874.792142718523,-61.23867301057327,346.96384317551394,6.925661043891205,71.29987334579164,-5.60500054497565,56.82071296736212
filtered_LI06056410_segment_1.wav,PSW,1202,1333,0.011882086167800454,3996.4418711134267,3945.755538135823,-15.793822163712255,383.89394341135795,-15.066702660967373,260.42409340850094,-5.055998276152984,56.93750351884411
filtered_LI06056410_segment_1.wav,PSW,1659,1719,0.005442176870748299,6191.843611634282,959.8946017570368,15.604292196799694,102.50991444439383,5.673602955744327,57.57873341302642,-1.8843184770520047,46.158026796346235
filtered_LI06056410_segment_1.wav,PSW,1582,1675,0.008435374149659863,5664.0786080077505,1094.7616196773308,-7.809556192110881,75.0849427437614,-22.393365971913198,56.31171136427014,0.1231226159849809,33.55638145740351
filtered_LI06056410_segment_1.wav,PSW,1927,2099,0.015600907029478459,6094.309550869969,5158.3766587077,46.35018459825588,587.8310377518679,-1.6205494010606176,215.11853331870753,15.663184797332994,71.72275690207034
filtered_LI06056410_segment_1.wav,PSW,2093,2188,0.008616780045351474,8279.298527181156,1109.3353963069449,-2.4712865794904344,104.8716352289276,-7.694808575103035,70.89667928420778,5.2618651584630065,37.100351149970855
filtered_LI06056410_segment_1.wav,PSW,2188,2338,0.013605442176870748,9033.856883630246,3195.337499486473,-173.52180278303334,885.4467726372677,-92.10440221725389,550.1517364204967,-4.124678139349113,275.70190296306373
filtered_LI06056410_segment_1.wav,PSW,2747,2833,0.007800453514739229,555.8720439049788,1702.357516523711,-53.80961287486393,199.36118344383195,-10.776929309792921,73.37993818172168,10.723573020228207,58.42978800192107
filtered_LI06056410_segment_1.wav,PSW,3024,3111,0.007891156462585034,4582.2966554039795,3052.086514936566,-18.82132742181855,188.4319612817121,-14.23599777462533,68.71483409043894,-0.05711721917874257,30.687638413775616
filtered_LI06056410_segment_1.wav,PSW,3098,3197,0.008979591836734694,8567.465685153024,2960.9639021981197,19.483424890898206,214.86324855576305,-5.482008548200022,164.52968287999823,8.562644248522501,50.008781696067444
filtered_LI06056410_segment_1.wav,PSW,3241,3385,0.013061224489795919,17324.713536722804,3304.0855515681105,30.20666940919604,311.09302440503893,10.675913720768818,125.06291027238284,5.4976229004541155,57.22731853458672
filtered_LI06056410_segment_1.wav,PSW,3551,3698,0.013333333333333334,4245.187008860154,2690.322328702277,-57.451681161430706,567.3435788493318,-13.942025232532481,153.56728505630295,6.639385421280012,61.223851296542804
filtered_LI06056410_segment_1.wav,PSW,3723,3867,0.013061224489795919,2295.293908713974,2780.7544369697616,10.691541232260112,459.1908269298429,-16.625118009226632,207.2108914575444,1.3633184085217946,61.97764848325906
filtered_LI06056410_segment_1.wav,PSW,3854,3994,0.012698412698412698,6661.427337599272,1600.4726039262664,-25.880430433364307,208.01351711637605,-16.941512980171552,82.06070286931241,2.4678610395035108,50.799076142379505
filtered_LI06056410_segment_1.wav,PSW,4141,4269,0.011609977324263039,6494.340250477859,1827.9406253304699,9.917008859838417,234.33939886103832,0.5474829401719323,126.86197722324981,7.51835199908685,55.88784496694073
filtered_LI06056410_segment_1.wav,PSW,4444,4550,0.009614512471655328,6386.998799443386,638.6170679426267,-13.757368924265435,127.45585179152653,-17.521283280354204,69.4635737500993,1.2064520135633792,32.764818581450214
filtered_LI06056410_segment_1.wav,PSW,4550,4677,0.011519274376417234,5861.017131769549,2584.837821773686,66.64375570541337,302.6598045394886,9.22737819308641,159.65696494128696,9.641614205913461,90.88621905720728
filtered_LI06056410_segment_1.wav,PSW,4294,4403,0.009886621315192743,5941.381799386511,724.8460978312067,-15.969481528734258,106.72002561458397,-6.673478768295933,36.20939237805271,-6.367157724800683,34.29093710000012
filtered_LI06056410_segment_1.wav,PSW,4068,4125,0.0051700680272108845,5241.571825982605,1652.833419871643,-110.83938961291798,747.6411652249494,-28.40024792095297,228.073228654886,1.8684972394133146,134.1605483777527
filtered_LI06056410_segment_1.wav,PSW,2897,2973,0.006893424036281179,6737.643014748167,808.3505049364725,3.34586778232221,89.73121840603689,1.4706173460369,58.11359403024166,-0.5740005017929307,34.840707005413556
filtered_LI06056410_segment_1.wav,PSW,2973,3028,0.004988662131519274,5355.3989431533,506.68598429150296,1.5812701649592273,75.79982340692382,1.4968693680839915,36.17385300834201,0.0,0.0
filtered_LI06056410_segment_1.wav,Fibrillation,312,395,0.007528344671201814,13065.878897593419,899.8814503145716,-75.60982592408041,373.0797972819628,-3.860044542913635,387.97097513873086,0.36539674311147097,95.4599141704021
filtered_LI06056410_segment_1.wav,Fibrillation,839,931,0.008344671201814058,8559.702212246479,866.640930271347,-87.29937021584242,332.0179636999922,-6.093884824557148,177.47640191591725,-0.7632414487186736,102.61018676160919
filtered_LI06056410_segment_1.wav,Fibrillation,2498,2578,0.0072562358276643995,4529.687090262138,845.5587478903122,-85.08064968280466,310.18216884910856,-17.066957402955214,147.17903229780964,2.0574638400311813,49.80524384122391
filtered_LI06056410_segment_1.wav,PSW,4856,5057,0.0182312925170068,3092.0192006948187,6046.524376438584,-43.12768633461215,405.88354519016195,1.4717411602993244,175.0501118774141,0.2878101112636102,60.161303525251874
filtered_LI06056410_segment_1.wav,PSW,5536,5676,0.012698412698412698,2770.609699293654,2867.47608579415,-33.024268594645136,487.64958998968257,-0.10493757931062003,196.79134028839093,-9.170486921542134,66.29439554470433
filtered_LI06056410_segment_1.wav,PSW,5797,5884,0.007891156462585034,4902.7642261204655,1383.682300720186,-148.31484555227902,712.1717761230266,-3.1886802054193293,130.74304512158932,13.646680086351948,102.46218988977758
filtered_LI06056410_segment_1.wav,PSW,5884,6011,0.011519274376417234,5658.28552035809,2250.6039988589905,62.42630466826404,290.0867159376885,26.87796921865531,111.45275445737693,-0.7976947258502307,62.54004969465401
filtered_LI06056410_segment_1.wav,PSW,6081,6222,0.012789115646258504,7198.752333246351,2026.5142811559015,-9.540676863547446,109.44201916834231,7.742439290961336,78.08934244162022,-0.2374701726585869,53.161994231345325
filtered_LI06056410_segment_1.wav,PSW,6222,6375,0.013877551020408163,7396.342231713011,1973.8822168656225,-2.5776920700717127,408.1808594613962,28.798509820131184,95.29220941606074,-3.611099321924869,37.54167802612212
filtered_LI06056410_segment_1.wav,PSW,6557,6633,0.006893424036281179,1563.3967138517032,1193.8669375949953,16.955038872348204,391.77938320696575,3.367985817163151,80.30931726969824,-7.654001922122073,51.1257436701848
filtered_LI06056410_segment_1.wav,PSW,6633,6704,0.006439909297052154,928.3992612554692,629.0724178921537,-30.59565825680921,281.7612682397941,9.094025439788245,95.0934056099413,0.29093726504957973,32.047163403915896
filtered_LI06056410_segment_1.wav,PSW,6767,6895,0.011609977324263039,2572.5445831762668,3870.529179949169,7.400955781132593,687.2200348422333,17.462013416926712,252.66794445911185,-0.7469132599019835,81.13730469720424
filtered_LI06056410_segment_1.wav,PSW,6895,7067,0.015600907029478459,10382.182744958127,2008.160362212899,3.9700000723658615,165.27075339063086,33.09937148112885,191.9915044519036,-0.6509948626216696,122.54067026699933
filtered_LI06056410_segment_1.wav,PSW,7176,7332,0.014149659863945578,3887.619441604862,3894.679024357332,47.006925007099625,388.3881088981229,16.693946482392867,149.43031512419026,2.6069897626295786,53.488848386347776
filtered_LI06056410_segment_1.wav,PSW,7313,7447,0.012154195011337868,7500.37014753873,3431.970233379777,80.7699292318424,303.9952644547481,27.9282234440386,176.59800090738932,-13.5416131903482,54.7584825674656
filtered_LI06056410_segment_1.wav,PSW,7527,7610,0.007528344671201814,5229.410238602396,1391.3233072504631,8.492941392420988,86.03592488667596,-5.059317018646463,43.93350332984099,-1.0291942786841708,30.996994186110374
filtered_LI06056410_segment_1.wav,PSW,7604,7651,0.004263038548752834,3096.312217417578,841.8836618933672,24.332112904157817,366.4531423067254,-2.7431671557164004,71.8574259940372,0.0,0.0
filtered_LI06056410_segment_1.wav,PSW,8337,8500,0.014784580498866213,4447.888696085059,4265.351358117018,-73.06136166197912,362.03683561491425,11.75138657283702,113.92840785284268,-1.241246363455535,49.6436339198872
filtered_LI06056410_segment_1.wav,PSW,8497,8621,0.011247165532879818,10248.779621363323,2163.018858060198,57.752492440402385,315.23350718237344,16.523536831212247,156.08658728368894,-9.983593118545649,118.5870461210269
filtered_LI06056410_segment_1.wav,PSW,8644,8740,0.008707482993197279,5604.773907527366,1722.4875046460263,-16.76317278188371,114.47140576088528,8.25684250759686,129.85342278323378,-5.4166501889030645,43.40568498779063
filtered_LI06056410_segment_1.wav,PSW,8736,8851,0.010430839002267574,7334.5865200102035,2551.7963005783263,-45.747042915055914,525.6974621534331,-16.590929896543834,153.537325057978,-3.578947540937581,50.254514007579445
filtered_LI06056410_segment_1.wav,PSW,8851,8979,0.011609977324263039,9286.350653191052,1587.8316536268987,54.76084455467264,203.47668891805483,-10.376353700879411,78.88571610351171,-5.810218499121218,62.93810337708565
filtered_LI06056410_segment_1.wav,PSW,9008,9126,0.01070294784580499,6151.790623755312,1487.8623791446967,39.906021126668264,73.13431667613375,-18.092391299536413,89.69883938365749,0.36355873143542206,61.61453591141836
filtered_LI06056410_segment_1.wav,PSW,9087,9205,0.01070294784580499,3844.0840891734447,2206.7833017302037,-83.98538282446603,660.6244630883828,11.630835134382602,142.99651186775216,-0.5001522789468182,68.4074120247478
filtered_LI06056410_segment_1.wav,PSW,9384,9442,0.00526077097505669,3058.377778868696,1304.5154670950171,-90.87191043667472,454.53156835412904,10.950436136394373,366.6150581165585,-14.810696175866832,59.16127369434844
filtered_LI06056410_segment_1.wav,PSW,9806,9930,0.011247165532879818,4995.5115429898515,2519.559876007811,45.271213940555796,406.7460656626193,0.7527954448961357,170.45729736389845,-12.366144255786141,56.280705471620685
filtered_LI06056410_segment_1.wav,PSW,10198,10367,0.015328798185941043,1408.2144500557683,3704.396500282036,21.6377934067107,471.27949472417066,-9.172935161672743,113.39006716514008,-2.915732396909809,46.91077048672588
filtered_LI06056410_segment_1.wav,PSW,10444,10536,0.008344671201814058,4892.11511449358,1766.5252348083773,59.06656851892383,380.87097494732217,-21.352807800687483,110.10948606220437,6.8282910802618355,36.50496987445643
filtered_LI06056410_segment_1.wav,PSW,10536,10658,0.011065759637188208,4696.150133722514,2049.199637135713,31.110339924602645,310.8710550678544,25.41639443022397,140.0564195735715,-0.7284198934889778,76.3894625957505
filtered_LI06056410_segment_1.wav,PSW,10658,10734,0.006893424036281179,4799.522570806636,1949.336265141248,-8.908513412769903,158.7747598095292,-1.5284831620592711,37.2563987771774,-1.043402712394085,30.27198127696877
filtered_LI06056410_segment_1.wav,PSW,10734,10843,0.009886621315192743,5848.13600939202,1235.289033770028,6.707120703338883,74.46257756720229,8.819764461514614,70.17971358535331,-0.7525062653113624,31.655077671289572
filtered_LI06056410_segment_1.wav,PSW,10859,10957,0.008888888888888889,5786.693195570236,2174.1106874891616,-19.822373886012095,276.7837181560977,5.315414600279724,53.8984511735929,-2.755231570313769,34.842654601654615
filtered_LI06056410_segment_1.wav,PSW,11130,11235,0.009523809523809525,3778.6847842304774,2014.7894310589422,-115.17125596431367,564.1028597991584,16.359718254255245,150.96476829220572,-8.767423912689923,72.9060253382652
filtered_LI06056410_segment_1.wav,PSW,11519,11615,0.008707482993197279,932.9950015552474,1293.467136983658,-20.793031589795994,69.17194099253531,6.171202409920329,54.66323556873356,0.7749304566332961,27.970640686798312
filtered_LI06056410_segment_1.wav,PSW,12068,12129,0.005532879818594104,2458.8942299128844,442.17110610487697,1.1806247817170323,45.58115883204496,3.78961620717387,54.25445160519485,2.6021868776453836,31.43849885278683
filtered_LI06056410_segment_1.wav,PSW,12135,12196,0.005532879818594104,1589.5186925147175,398.7398323607412,4.867779824473288,70.3694026436697,7.592118092475116,44.80702043093654,1.9401297953372383,34.503008943081866
filtered_LI06056410_segment_1.wav,PSW,12196,12282,0.007800453514739229,2438.430461451773,1155.779288069609,0.9391959279120492,141.95209627631672,5.410699441806579,60.602989040188795,1.1737154490672579,33.87752889465261
filtered_LI06056410_segment_1.wav,PSW,12435,12556,0.010975056689342403,2555.5375295271074,3287.133358440169,50.657268315895735,549.9727305312563,-3.149425080205731,143.29485029204199,14.447228720045125,61.49161039761535
filtered_LI06056410_segment_1.wav,PSW,12585,12738,0.013877551020408163,6473.504113319085,3784.9893215295215,67.59222636795295,548.7946855699889,7.793760704008582,176.91922400494795,-3.9505106837375084,51.01217519576622
filtered_LI06056410_segment_1.wav,PSW,12837,12939,0.00925170068027211,6719.453647863137,1646.6532828894851,0.6214587359658393,134.27506158949387,11.191461072452167,57.83806647553852,2.8914612010294642,31.59124997980016
filtered_LI06056410_segment_1.wav,PSW,12997,13067,0.006349206349206349,4455.330747076105,914.6785051202123,-24.68035521374544,274.12388770013524,17.313075458036646,327.9755512421754,5.220200028901208,82.71131153689892
filtered_LI06056410_segment_1.wav,PSW,10964,11028,0.005804988662131519,7320.060416015841,576.3412267703438,-23.67424434371517,98.21389827304895,6.513916941592721,124.40697175777073,5.4635826019858,35.8733632344161
filtered_LI06056410_segment_1.wav,PSW,13778,13941,0.014784580498866213,854.8357402121419,1966.0891610865508,44.781254598715165,275.5441152514001,-3.8965983406700793,120.51288276871828,-8.878265959393175,51.24056607562922
filtered_LI06056410_segment_1.wav,PSW,13951,14021,0.006349206349206349,610.4419164318905,420.0284430521274,-10.142101630167087,106.34049570474673,-3.286824762044192,51.50214500309568,-10.012284720431419,36.07889631361343
filtered_LI06056410_segment_1.wav,PSW,14152,14289,0.012426303854875283,1070.1620989984015,1439.6524575552053,6.507639179654169,154.0142876013293,8.779902942733846,99.71161940046176,1.8143386100589975,55.931819700453445
filtered_LI06056410_segment_1.wav,PSW,14289,14413,0.011247165532879818,1756.5890763667373,2225.135274850589,-6.9823111793966826,357.9808966108778,-39.84473388126603,150.87359189771377,3.385973703052806,102.83978844999187
filtered_LI06056410_segment_1.wav,PSW,14423,14512,0.008072562358276645,3384.7286728982754,1993.689140183995,7.197061019217661,424.485746389092,6.183374751692882,140.69245431312768,0.6067330494630822,46.71223334473063
filtered_LI06056410_segment_1.wav,PSW,14525,14618,0.008435374149659863,6004.667979462936,817.2261052877051,-14.275324805105699,72.30490795750447,4.495453092789603,72.3113784709906,-2.3047500523195357,33.92620857807083
filtered_LI06056410_segment_1.wav,PSW,14618,14733,0.010430839002267574,8647.340473559094,1940.482249789658,-39.5796630974193,592.6415440283126,3.8221985982429687,123.41770275747072,6.551660258881507,58.67729887446663
filtered_LI06056410_segment_1.wav,PSW,14748,14851,0.009342403628117914,4450.182652088166,1420.4884256113492,1.1483445803478958,125.38498397663574,-6.996010082342909,54.16399715836172,-4.861736267571883,48.879592407667616
filtered_LI06056410_segment_1.wav,PSW,14838,14905,0.006077097505668934,5682.061505744403,1096.62068453967,-18.08569028808234,242.0556584046866,-3.5916785122347075,326.3044290756652,3.21629222446076,110.35848847886896
filtered_LI06056410_segment_1.wav,PSW,15087,15234,0.013333333333333334,5154.156195452803,3055.940366944615,52.67510951484608,443.2681202781191,0.7546921558189794,191.97680433273712,-2.701141412654133,64.97605568503042
filtered_LI06056410_segment_1.wav,PSW,15533,15613,0.0072562358276643995,328.0689446475983,1195.723017182302,24.426279474537374,124.92136438390274,4.499800491501471,53.47721063437186,0.07606366763238284,25.32935939114498
filtered_LI06056410_segment_1.wav,PSW,16117,16242,0.011337868480725623,-536.6569293156717,2555.278892996295,114.19363932072665,277.1056336333568,-1.7802718651832359,97.28958014920477,-8.265330138696747,61.211572525697996
filtered_LI06056410_segment_1.wav,PSW,16242,16347,0.009523809523809525,1581.6717646157815,2029.2731319593577,0.08877510099127649,86.40224253573965,-1.4685965394106304,58.115272277414945,-2.3889754232910883,39.17650633748561
filtered_LI06056410_segment_1.wav,PSW,16395,16526,0.011882086167800454,13575.732055955536,3361.0988031615534,52.71500506849866,484.96325165993113,10.085074415303733,224.50818551364142,-5.557738232559713,70.9397221511567
filtered_LI06056410_segment_1.wav,PSW,16593,16689,0.008707482993197279,5025.591464053721,1734.007689012815,4.711236499598753,116.16378964464347,-6.73432119610155,55.14021015005622,-2.9226364424578084,33.645502317472875
filtered_LI06056410_segment_1.wav,PSW,16701,16791,0.00816326530612245,3817.784327837177,1063.4733074976252,13.724348963068099,250.85647328743045,-2.149813053155552,294.9755564011081,9.40072749338668,72.47284826721383
filtered_LI06056410_segment_1.wav,PSW,16804,16947,0.012970521541950114,3053.5779342542014,2088.0085707565263,-36.457177544705274,342.017296034306,15.203019812602959,198.49041443834412,-0.6015545922333468,80.88106459692358
filtered_LI06056410_segment_1.wav,PSW,16947,17078,0.011882086167800454,4301.81521824274,2287.11063285749,40.577981357777695,210.1168841196606,-15.923398204981067,124.16982940956211,-5.545284976434059,55.65780141313571
filtered_LI06056410_segment_1.wav,PSW,17620,17770,0.013605442176870748,-2299.43426884884,1749.4160170230825,-8.592976645065326,142.4918819841858,4.986440995357996,61.92179516073673,8.717729519784454,61.50228667218718
filtered_LI06056410_segment_1.wav,PSW,15862,15955,0.008435374149659863,-174.22291399662103,420.18493140029295,-8.78774454396636,60.94462156826478,-2.6929880228205367,46.12974732218572,-5.756277057660789,37.41865177596095
filtered_LI06056410_segment_1.wav,PSW,13549,13641,0.008344671201814058,2977.964673453893,663.3707600880347,-20.775339550714122,78.86070128648886,5.230277836987329,54.67996495418571,1.3061753138911885,38.89184356782655
filtered_LI06056410_segment_1.wav,PSW,24007,24228,0.020045351473922904,2604.6866926194166,2687.3192749832865,21.431106503889577,130.6353159568258,4.802014754952804,71.47944733574991,2.705301820687714,53.24742549354096
filtered_LI06056410_segment_1.wav,PSW,24293,24488,0.017687074829931974,3135.0223461740525,1985.4966962833219,1.9042282472476342,433.6525774920778,-7.515822064579442,171.6376336978459,-1.756918795471906,68.16691534227918
filtered_LI06056410_segment_1.wav,PSW,24701,24911,0.01904761904761905,-212.44884056855028,4689.907149585525,48.5310462426644,649.8887386176162,-3.676616988882829,203.69725892856823,-3.5754168867632585,69.52112895444137
filtered_LI06056410_segment_1.wav,PSW,25598,25750,0.013786848072562358,-1146.442137899996,3831.1415188584174,-22.402685171347738,410.59516433313445,-3.875492313401066,158.61686076879656,0.33058797047006244,64.00807250567738
filtered_LI06056410_segment_1.wav,PSW,25981,26158,0.016054421768707482,1206.1481879788994,3688.214375003259,9.366623095421849,91.09821081438548,5.572421133914623,92.46409845637726,-1.3510734485866314,57.1261637620885
filtered_LI06056410_segment_1.wav,PSW,26129,26252,0.011156462585034013,6024.576494510268,1463.2300449142608,-11.005087111764912,228.15682915473067,-3.3310335718334594,122.80963261719728,9.082986412956684,53.916495515853455
filtered_LI06056410_segment_1.wav,PSW,26252,26375,0.011156462585034013,6242.578355202232,1210.6265174449745,-19.004502386977027,95.93923880158499,-3.952176354087037,49.85762956997087,7.469287588785671,52.88824978769759
filtered_LI06056410_segment_1.wav,PSW,26375,26527,0.013786848072562358,5361.155251282327,2555.4907353495237,32.62404108805808,699.3408909381806,39.104355911119384,278.24952044660864,8.249818541483462,63.76955577995948
filtered_LI06056410_segment_1.wav,PSW,22655,22789,0.012154195011337868,-1433.082998218517,2001.3488049167,-10.202892732583381,417.76125180496194,0.022095184124472634,129.23345129369332,11.056901479823978,60.14512348147531
filtered_LI06056410_segment_1.wav,PSW,22919,23002,0.007528344671201814,496.60276383089865,929.3736001637307,86.0859216404806,287.8095426938965,-19.05542095226685,51.59743100962959,-5.67079069280448,50.95183694106333
filtered_LI06056410_segment_1.wav,PSW,23002,23161,0.014421768707482994,2026.841049035004,3852.0590862238214,37.067362586334916,472.38041022355264,-2.491744924026229,183.55026040000777,8.202251465107478,57.09652911176657
filtered_LI06056410_segment_1.wav,PSW,23346,23451,0.009523809523809525,2383.3383258607,1218.071189367595,-7.416257276429184,68.48204350941037,-8.146748137691395,46.849858745411,-1.3976209939951103,37.03126508955351
filtered_LI06056410_segment_1.wav,PSW,23451,23610,0.014421768707482994,4606.306529676027,2654.1656711588334,-39.04384077402053,431.07809714474666,-20.6604655277648,137.3940798315521,-12.64576909138766,53.955178553672475
filtered_LI06056410_segment_1.wav,PSW,17876,18017,0.012789115646258504,4199.855834674384,2873.4807458814107,-78.9984060397593,667.2128157225432,-6.3246742525725494,181.45762494187437,-7.935778178502256,82.09251775434942
filtered_LI06056410_segment_1.wav,PSW,17753,17851,0.008888888888888889,438.43435115507043,1808.6352302203948,-8.074941814321116,213.69506672802743,5.486755848161321,62.543077840304136,0.29812124397639406,40.431009639503344
filtered_LI06056410_segment_1.wav,PSW,18162,18324,0.014693877551020407,7977.577772864089,3240.499978138714,-8.3180437549658,223.99051098926353,3.4378417250384223,107.37473238366694,-3.8583435132273434,50.302575947093786
filtered_LI06056410_segment_1.wav,PSW,18610,18700,0.00816326530612245,554.0792039339885,1607.887663130648,-1.5308957014018494,83.91645981483802,6.82427195522348,47.056405942972575,4.798266699270464,31.914749207524988
filtered_LI06056410_segment_1.wav,PSW,19036,19196,0.014512471655328799,-1949.957713074386,3036.432518414467,13.790794058374392,500.58221905673906,-7.314023840361974,221.4793389428642,0.9960884843270017,54.13830724585614
filtered_LI06056410_segment_1.wav,PSW,19474,19575,0.009160997732426304,1913.5315686932242,1197.1935457885616,5.889634582113994,105.49695000228787,-1.163173284508669,51.96809430210231,2.4400751916315904,41.78407875084494
filtered_LI06056410_segment_1.wav,PSW,19575,19716,0.012789115646258504,1548.53535226953,2789.67465580102,84.57299098904936,262.9834131469937,-0.10030461439959026,98.89158276853885,2.1016287003556933,43.057986736234355
filtered_LI06056410_segment_1.wav,PSW,20063,20269,0.01868480725623583,1710.1498107818043,3135.4590615245033,6.264701371955585,280.294023712834,-1.7533367507797475,81.6760098250151,-0.40372633815248654,57.25424059191048
filtered_LI06056410_segment_1.wav,PSW,20403,20475,0.006530612244897959,2208.0129769509226,1954.5020281805723,-56.31477578012873,340.05648529089336,6.29204124272105,52.59261447408675,-4.405233966301402,30.63501296805564
filtered_LI06056410_segment_1.wav,PSW,20461,20595,0.012154195011337868,6410.0247289236495,1756.8999718854986,-19.979668267948202,123.07922213332724,7.068605139353551,140.13074050012045,-6.544635821603778,77.66081279263696
filtered_LI06056410_segment_1.wav,PSW,20642,20707,0.0058956916099773245,4026.814945918707,2270.29625067628,-19.207890395878458,162.1086847292796,-6.8685185204558055,44.823888558855415,1.7202091132878359,28.94375313752696
filtered_LI06056410_segment_1.wav,PSW,20707,20743,0.0032653061224489797,1846.746459861263,838.9841052099358,2.9938318020293218,100.01018425922807,24.115161094995333,98.54074835452167,0.0,0.0
filtered_LI06056410_segment_1.wav,PSW,20732,20804,0.006530612244897959,3197.56626068631,494.4365042942894,-2.654458653694657,69.66884481432992,10.473174829281469,43.83582784713953,-3.237954947516511,35.14595042280343
filtered_LI06056410_segment_1.wav,PSW,20804,20953,0.013514739229024943,5194.661610877688,1178.6900931456864,-22.37375766656957,433.622512674046,17.748024450267046,83.37107551907057,7.583246799141291,49.658757795884846
filtered_LI06056410_segment_1.wav,PSW,21242,21423,0.016417233560090703,-629.8319835409889,2743.7939491947686,70.16305937668895,300.1802286838087,-0.6570375557791905,146.96547460770498,-4.135568082299938,53.324597737594864
filtered_LI06056410_segment_1.wav,PSW,21401,21560,0.014421768707482994,3338.8783943384187,2631.333625310461,-6.247977639127427,148.21931727496116,3.116532418866435,73.10613954718616,13.922095902486669,58.654975283135585
filtered_LI06056410_segment_1.wav,PSW,21654,21874,0.019954648526077097,7356.128591010031,2573.9524997184512,17.08592261477252,314.17552863791974,3.6042053198541844,164.4601131735283,3.4243849564157838,56.845581435602355
filtered_LI06056410_segment_1.wav,PSW,22019,22167,0.013424036281179138,3305.698461153849,2273.7809644016747,-22.861095824032393,344.3082607860145,0.7032490999748315,68.6628524593916,-5.1547533797689455,56.06049790613485
filtered_LI06056410_segment_1.wav,PSW,22167,22236,0.006258503401360544,3297.4125636075846,1134.9699417169131,5.421752756323402,57.0473052918046,6.458640378218683,65.0581652470646,-9.479914087371839,45.969554925542376
filtered_LI06056410_segment_1.wav,PSW,25341,25464,0.011156462585034013,1191.1996725092508,535.2645990504474,-6.549485935513593,105.02059877341947,2.7728453285783834,82.63088200747575,-7.774994660143839,60.61183729790391
filtered_LI06056410_segment_1.wav,PSW,25200,25291,0.008253968253968255,1794.1289918958287,840.1134068447237,21.685343237832704,61.0705920930136,-6.3743325657717875,61.93249893521124,1.7064552121279024,31.610753437588343
filtered_LI06056410_segment_1.wav,PSW,31366,31494,0.011609977324263039,-593.3294908539292,3145.476460878092,-150.07046540348648,649.3663761153599,6.094884616463895,97.73690883441384,8.48085017631544,48.00076439499426
filtered_LI06056410_segment_1.wav,PSW,31494,31598,0.00943310657596372,1701.786228852654,1304.289533328886,-16.76292783198857,162.92170533623568,-16.330072157075765,60.90006550959767,1.9356526823887505,33.88283947703605
filtered_LI06056410_segment_1.wav,PSW,26753,26899,0.013242630385487529,1905.95165424192,2523.57050449813,55.50673233825702,130.75610749989437,-2.1462727876241012,89.56431207353792,-2.6435091294210427,52.25815994354658
filtered_LI06056410_segment_1.wav,PSW,26899,27060,0.014603174603174604,1951.1532736319755,1980.4334854535825,-28.829784785140117,606.3342703634354,-2.502538907261523,190.96302819381387,1.1228884439586801,63.51422245677508
filtered_LI06056410_segment_1.wav,PSW,27433,27594,0.014603174603174604,208.3610750020555,1984.1259594183018,-22.575380722796194,265.09527422490925,-1.6848012139681932,91.90758669743279,9.597811369591984,51.782333884717964
filtered_LI06056410_segment_1.wav,PSW,27991,28059,0.006167800453514739,1835.9032663260202,1252.9735286404696,-8.325297762583395,69.0715612942006,8.067587534890555,49.58944488478841,3.109336296828615,31.167298244722694
filtered_LI06056410_segment_1.wav,PSW,28059,28181,0.011065759637188208,4940.056141544155,2721.9710448143514,54.478186929867356,248.7106688904217,2.971856102711536,386.1330879536929,-0.11282604096829292,76.42034471598551
filtered_LI06056410_segment_1.wav,PSW,28810,28889,0.007165532879818594,-1375.8629236129354,1259.0238368932132,8.980799595407262,135.0774752513982,0.7606732245313811,51.74239204869296,-0.5329195699579025,38.285866806153486
filtered_LI06056410_segment_1.wav,PSW,28889,28986,0.008798185941043084,14.823852102771285,1563.9734847638474,6.752653989125551,73.49454686387031,-4.391281301388566,46.38825081104981,1.970280885850148,43.67194189625264
filtered_LI06056410_segment_1.wav,PSW,29558,29698,0.012698412698412698,991.6682606412406,2219.3992646292786,-59.78077223806875,547.9275010999941,1.5706468220626284,74.3556118756796,-7.368986151900112,50.884944149343134
filtered_LI06056410_segment_1.wav,PSW,29698,29859,0.014603174603174604,2007.523564403722,2605.224154007223,-124.28320109574788,555.1948019341503,-9.942392982107977,99.96411515531722,-2.3663110502849407,87.64132486772554
filtered_LI06056410_segment_1.wav,PSW,29941,30092,0.013696145124716553,2097.414041464539,4563.234442690834,23.152770634376083,410.7322950682494,11.310956815032734,75.78613763049974,8.90894687573691,61.599030173017965
filtered_LI06056410_segment_1.wav,PSW,30113,30331,0.019773242630385487,10232.643716297489,1041.3377582605217,-4.653170444093929,310.015957136479,7.968652555845605,98.55588036591338,-13.235588008713224,47.797600244730596
filtered_LI06056410_segment_1.wav,PSW,30832,30958,0.011428571428571429,-574.2013959849105,1911.8733936248568,-74.59076300091269,505.757319941696,11.164924737531859,114.42544753132212,3.364209580053664,45.409684013297806
filtered_LI06056410_segment_1.wav,PSW,30958,31086,0.011609977324263039,3086.1595783278003,1873.1060357781155,34.90763063245676,187.85264386593877,7.669293734432568,81.18905224415687,-7.708674840312443,57.825463285823446
filtered_LI06056410_segment_1.wav,PSW,32013,32149,0.012335600907029478,439.7454489356223,2798.8942074385063,4.640541290452151,113.00108280452247,7.724339673356664,68.18247135999853,4.210937004231913,59.631667982290104
filtered_LI06056410_segment_1.wav,PSW,32149,32253,0.00943310657596372,2753.592114178369,2663.400855793291,-28.95187779795604,241.4504312305399,6.438005082685236,50.80733604961311,-1.1791368639870252,32.709526228741176
filtered_LI06056410_segment_1.wav,PSW,32804,32962,0.014331065759637189,-3749.1323143486434,2655.633617273547,-50.88748256316856,541.6295449116933,9.002376179521464,174.56054946427068,1.2195143181257255,60.26569181008589
filtered_LI06056410_segment_1.wav,PSW,32983,33198,0.019501133786848073,3201.28990199436,7303.4671894376515,18.04840197715665,313.1848558171728,0.8226948718469397,164.58171727512325,4.190766139488097,52.41750088565442
filtered_LI06056410_segment_1.wav,PSW,33448,33595,0.013333333333333334,1971.5163744890663,2314.052167995917,-15.125520513725185,387.8646604978626,-22.416206560568728,166.15298360062323,5.3453800967708816,53.3856705612889
filtered_LI06056410_segment_1.wav,PSW,33799,33967,0.015238095238095238,-1586.609722110562,1277.6480787533299,20.936442999113,75.19378246380732,-6.521066230415641,89.62312261433334,-4.128830879663157,68.94105710100578
filtered_LI06056410_segment_1.wav,PSW,34032,34153,0.010975056689342403,45.063109297040356,1874.4849463062753,2.038431036047366,209.83094674653523,-17.252790804497565,67.20061573485765,1.1182750347812762,34.26999920144739
filtered_LI06056410_segment_1.wav,PSW,34146,34300,0.013968253968253968,2953.3842001224593,1817.5741028986308,25.564044796722698,187.54236667832356,2.520614687184306,79.17375859814973,-8.655611333009372,54.68328530627899
filtered_LI06056410_segment_1.wav,PSW,34300,34508,0.01886621315192744,3730.9033287946077,2010.8491549780576,53.77322413852084,269.13889049194967,-0.4294804842797433,118.83183307247185,3.013581048755899,56.91271459783402
filtered_LI06056410_segment_1.wav,PSW,34575,34747,0.015600907029478459,852.200285404998,2743.402098211491,47.5031906158959,366.1822875644931,18.02010235094141,265.14868382708136,9.4703535829252,69.41755032339266
filtered_LI06056410_segment_1.wav,PSW,34711,34912,0.0182312925170068,2916.1372182300406,2722.9116285355576,43.81838992508715,232.6078312737472,9.562746255121835,72.48115722466383,-13.51052802333508,57.54279971048617
filtered_LI06056410_segment_1.wav,PSW,35055,35223,0.015238095238095238,1664.3187232228822,2834.608162794691,4.835886734941837,293.9523336304435,-10.705736598261288,116.15881642520601,-9.176669802423142,70.23028544134054
filtered_LI06056410_segment_1.wav,PSW,35495,35628,0.012063492063492064,4126.961420855456,1492.0923902672162,-4.954971185816201,292.20259409792544,0.16391172435801077,66.24262050944904,11.637231302771069,54.43856245667332
filtered_LI06056410_segment_1.wav,PSW,36043,36172,0.011700680272108844,-3593.4303325382793,2749.216775826088,-160.37657142446378,670.6163226239263,2.544053490818605,245.56091382312772,1.3359341993886609,110.45200553664523
filtered_LI06056410_segment_1.wav,PSW,36168,36322,0.013968253968253968,2834.495191693273,4304.570393193691,-5.987648211376165,419.05328080713247,3.7120588392607674,217.62958742521513,7.4454340299000545,64.2495328938853
filtered_LI06056410_segment_1.wav,PSW,36444,36640,0.017777777777777778,6682.200397500529,2437.7750560567392,1.2573680573274286,331.236414043334,-0.6232984683543511,78.96092979406187,-5.472464640868172,56.087276934105844
filtered_LI06056410_segment_1.wav,Fibrillation,30596,30703,0.009705215419501133,100.2088352199933,1024.1733738653404,92.69891182322942,427.3299707723549,-9.673822003459886,125.02288216532584,4.266658532115753,78.92345895032095
filtered_LI06056410_segment_1.wav,PSW,27651,27733,0.007437641723356009,594.863841413742,799.0609141949403,9.923773803044265,66.20950412688047,-10.510798946233058,47.7517820308903,-4.728305921126232,37.496567832164
filtered_LI06056410_segment_1.wav,PSW,27737,27808,0.006439909297052154,-482.08005690833676,695.8765805137826,24.74156724918618,64.78959967521611,8.806109975531701,42.90530808775376,-3.5140003513872102,36.489587117898175
filtered_LI06056410_segment_1.wav,PSW,27808,27912,0.00943310657596372,552.9436222792053,1976.016706419445,49.91164963171178,304.1212529088794,17.67586442284653,95.98471107066725,1.5210726260601741,37.34135504714123
filtered_LI06056410_segment_1.wav,PSW,28252,28399,0.013333333333333334,7137.803483775759,2620.0841297406073,-58.50521042212475,533.9466155823073,19.815244411160915,48.38721747604576,-8.77365406508177,60.8907133247888
filtered_LI06056410_segment_1.wav,PSW,29158,29340,0.01650793650793651,1132.5861395585414,2396.124006738158,-99.43798843082668,354.3147737810467,-23.74670748274365,136.9732950893522,0.13569490482617858,58.32873124956405
filtered_LI06056410_segment_1.wav,PSW,36817,36932,0.010430839002267574,-907.5416179356432,1453.7620028546573,73.7016066539264,278.2554785805717,-13.831804601941837,219.1966877425059,-8.440078678740342,71.48225077058434
filtered_LI06056410_segment_1.wav,PSW,36924,37092,0.015238095238095238,1140.309771618198,2086.412544116771,8.554247156096622,187.63050548091528,18.03750455412668,153.831839534721,-10.81023053625433,60.28615647410654
filtered_LI06056410_segment_1.wav,PSW,37132,37295,0.014784580498866213,1317.646427812748,2416.8234192831637,18.698710657199335,116.78205737662607,-16.183720141621507,99.55394405022379,6.083420749050576,56.842681369374716
filtered_LI06056410_segment_1.wav,PSW,37295,37526,0.02095238095238095,908.8384554535684,2531.678926933345,0.002711366311197188,507.2039096417335,-32.91792709227826,180.30490795333355,0.6849252899131046,52.739710503017584
filtered_LI06056410_segment_1.wav,PSW,37717,37940,0.020226757369614514,-131.60992428470027,3008.7851159459146,-9.356148807371891,482.966181371544,6.861620540552426,136.44040912848763,3.635299651247042,56.87738326582109
filtered_LI06056410_segment_1.wav,PSW,38538,38785,0.022403628117913833,1656.5054969754763,2666.0664421603537,30.017460096695448,358.8750532287435,-2.9527412611636144,140.63633114867287,-0.7505435733276531,43.64468222448543
filtered_LI06056410_segment_1.wav,PSW,39227,39343,0.01052154195011338,-2818.928245442329,1489.2832564342061,1.0622607549693284,171.7052467663837,-1.3737677368732704,70.65025306397065,0.29970921512481297,43.60074740598885
filtered_LI06056410_segment_1.wav,PSW,39343,39530,0.016961451247165533,1375.2513762163019,4686.126300557262,-49.73711977569017,553.6906403604951,-10.480263376464853,86.99055796953581,-12.886308132440954,62.27551924018916
filtered_LI06056410_segment_1.wav,PSW,39514,39678,0.014875283446712018,7678.589854224609,1765.5407190513558,-2.260531650916036,329.51775643870144,4.228541322281906,91.83341874020032,-8.178197147416647,53.71123774052947
filtered_LI06056410_segment_1.wav,PSW,39825,40088,0.02385487528344671,3017.2017311611817,2740.0878698357983,-9.494171356410831,407.4695082388507,-2.7158403154093933,115.95547869823298,-10.685716680688795,55.81364685335848
filtered_LI06056410_segment_1.wav,PSW,40096,40351,0.02312925170068027,95.98640984338425,2746.786971712183,-0.9636615509534511,150.64438451217057,6.24320770627083,58.401289751487596,5.604443875786148,56.16396070694096
filtered_LI06056410_segment_1.wav,PSW,40801,41001,0.018140589569160998,-1970.6648895087212,4141.919294377081,-50.07475599775612,709.501590659265,-2.4251389117501767,147.50469590194675,2.4709110982785423,58.48090618830384
filtered_LI06056410_segment_1.wav,PSW,41136,41323,0.016961451247165533,5158.867765220624,2342.0630133075274,-33.94622082961295,489.75901918112015,0.12158731666181861,182.08580574536361,-1.9437138960969864,58.98686496189792
filtered_LI06056410_segment_1.wav,PSW,41323,41542,0.019863945578231294,4674.243068358473,1568.994259537065,-12.55130969508435,288.0835319850176,-20.69400014172692,71.78979954515285,2.591480697481475,49.45411664241099
filtered_LI06056410_segment_1.wav,PSW,42176,42295,0.010793650793650795,-1157.0507734236562,1267.0609865550166,-16.357874886351716,271.3419734186954,13.135417438322204,101.74155131242206,-13.203628089960725,44.15997837647454
filtered_LI06056410_segment_1.wav,PSW,42295,42439,0.013061224489795919,-1186.5717529440174,2151.8010991535302,-9.031628026839059,273.845628110577,13.841176372216895,44.87391314471337,-8.651526439357678,48.96913724476648
filtered_LI06056410_segment_1.wav,PSW,42439,42622,0.016598639455782313,5134.097466951003,4332.5750165974205,-104.8346773175724,734.4397370808207,12.382392016496455,119.58082503265796,3.598646805574564,55.78647418501871
filtered_LI06056410_segment_1.wav,PSW,42941,43192,0.022766439909297054,1869.030706368215,2593.8671069464785,-1.2652054336837792,183.5066886458278,-8.884064783410862,69.95354565934296,3.4199172374976343,52.577655028914435
filtered_LI06056410_segment_1.wav,PSW,43419,43555,0.012335600907029478,-783.2105952212149,1704.2653333916371,16.609273787076447,440.497203529902,0.9906898569758869,111.43216731213762,6.229520532777452,52.851315223935494
filtered_LI06056410_segment_1.wav,PSW,43555,43710,0.014058956916099773,253.81459580901316,1799.0891591883149,-44.66280188350168,384.1017024106747,17.2147254425129,69.37481772352743,3.741833947856126,38.58249940992459
filtered_LI06056410_segment_1.wav,PSW,43710,43917,0.018775510204081632,1570.4314486044104,1891.9059766258,-7.068587736940323,392.82024665805324,0.9191560085891934,126.9936327370937,-2.881254877446204,52.573374106158184
filtered_LI06056410_segment_1.wav,PSW,43925,44088,0.014784580498866213,844.2215837938052,2923.6954988940106,33.07593013423194,371.140363531898,6.860558296458648,108.7569698300208,6.4361906507638915,50.51171809960574
filtered_LI06056410_segment_1.wav,PSW,44073,44180,0.009705215419501133,2909.0153367996113,337.47255508740557,6.71743848514031,80.33308956821081,-2.640699445566184,54.29829875296456,3.201902328833516,34.83827236607381
filtered_LI06056410_segment_1.wav,PSW,44180,44248,0.006167800453514739,3686.5473023429263,398.8693115671858,-12.060219964301101,67.35125281967508,-10.445776247692315,73.7703671821136,-1.0067076289829588,37.613712244124244
filtered_LI06056410_segment_1.wav,PSW,44248,44351,0.009342403628117914,4688.447084320433,316.491737186771,-0.5803673845819602,129.3434252768066,11.374539381755636,46.688292654611395,3.8068811125462854,30.940721157086134
filtered_LI06056410_segment_1.wav,PSW,44395,44594,0.01804988662131519,3726.08193055295,1705.5784613105072,14.005419050904397,129.90794375136625,10.069762281888949,42.31368197030433,-5.853967787195982,58.076433574032265
filtered_LI06056410_segment_1.wav,PSW,44897,45156,0.02349206349206349,-611.0870999813806,2416.8484146417304,-9.837198464641064,412.5506367971452,-10.795397016204262,122.89963651077628,3.298518114257696,55.19689985647863
filtered_LI06056410_segment_1.wav,PSW,45093,45292,0.01804988662131519,1761.60199543028,2121.6105430080393,-12.7949123173833,248.8747820294328,8.422172682598337,73.76708791578226,6.2506048169900685,59.32244357455677
filtered_LI06056410_segment_1.wav,PSW,45451,45706,0.02312925170068027,955.6228072868748,3896.9879647967014,-2.852462657946078,343.71433198188635,-11.067935846134747,164.94590719321715,2.8323635672929,52.693555256974136
filtered_LI06056410_segment_1.wav,PSW,46224,46431,0.018775510204081632,-997.3049957955719,5371.061167834024,-78.20715417249227,423.2623407316143,6.535039932709465,88.58608764557141,-8.291536237630925,61.28165928155292
filtered_LI06056410_segment_1.wav,PSW,46463,46738,0.024943310657596373,3473.6274559439976,3261.47926726808,-11.572053023670088,106.15129980328335,0.6010792679504569,61.89201623747592,0.31822871643967593,49.78544959116177
filtered_LI06056410_segment_1.wav,Fibrillation,41965,42048,0.007528344671201814,2669.382345694799,492.80700558821695,83.65222461262667,417.3282071938489,2.45720361248709,198.78681569037573,-1.3689170343538595,39.370040978840976
filtered_LI06056410_segment_1.wav,PSW,46964,47147,0.016598639455782313,1262.6647216126153,2617.198893287265,-34.49362240430835,521.073491330314,-7.3637436326843435,84.0747098999762,-1.5525161011439736,50.25231162556985
filtered_LI06056410_segment_1.wav,PSW,47245,47421,0.01596371882086168,309.90491096674003,3327.0120039327894,-6.749906041772615,355.4864199410708,2.1505280609767263,110.78502354840737,-2.6213150023506464,55.94045283726678
filtered_LI06056410_segment_1.wav,PSW,47478,47747,0.024399092970521542,2500.3848939794357,2549.882093990854,25.84594463073825,334.05793909567694,15.491904493799913,255.87119959401022,4.059203656782692,60.52284694011382
filtered_LI06056410_segment_1.wav,PSW,48020,48158,0.012517006802721088,692.835015884661,1076.6987812296636,30.086711724141885,113.13778817656681,-8.410841915879345,103.00095985491167,-4.2369918005115625,36.97289142299707
filtered_LI06056410_segment_1.wav,PSW,48224,48350,0.011428571428571429,-1444.044468411727,369.73755954167285,32.95619863095076,94.2293485278142,-2.048137422724955,57.2546022639223,-5.505026581919134,51.385313827152835
filtered_LI06056410_segment_1.wav,PSW,48452,48627,0.015873015873015872,-1863.0139380068192,3569.8920281017104,25.425316982297257,218.77071650357212,-12.23826289130743,168.73229197463522,-0.41556926619643014,57.34622476599023
filtered_LI06056410_segment_1.wav,PSW,48733,48872,0.012607709750566893,1125.4327855839656,2158.944365154696,23.277194163148785,336.2890432046351,0.7986570834068756,135.75578219554905,-8.088670399014134,44.15787269352018
filtered_LI06056410_segment_1.wav,PSW,48896,49096,0.018140589569160998,7498.9338671737505,1741.2625926005194,-14.517247240702455,191.60729256743457,10.888445955256271,53.70200461457414,3.1905979125092414,55.20804111470409
filtered_LI06056410_segment_1.wav,PSW,49402,49638,0.02140589569160998,-430.6316071604365,2347.8577839737277,-57.65835773558621,288.8494947815375,8.299330409236944,54.499043650500354,12.238556792535624,59.524014528644905
filtered_LI06056410_segment_1.wav,PSW,49638,49834,0.017777777777777778,1113.3028652519329,1662.1039047288052,-16.27418144721844,161.49305437337838,-1.3026708248616692,85.3336936588007,-7.323984125614519,57.849078398655344
filtered_LI06056410_segment_1.wav,PSW,49867,50164,0.026938775510204082,-150.2901833566952,3539.7188119692514,15.513407247211411,446.1622974678818,-9.144809014082071,105.36655421634946,-0.476616058032433,50.99254077871227
filtered_LI06056410_segment_1.wav,PSW,50344,50539,0.017687074829931974,531.8015477022421,1494.09242583947,-22.01283141449377,211.64813317840057,-15.361294037729383,71.39871108254235,-0.13518204725860705,53.83799741733888
filtered_LI06056410_segment_1.wav,PSW,51228,51395,0.015147392290249433,-1539.450790200591,1990.9850914629758,-25.36900558707403,406.7055247426816,-3.5432432238591014,89.09200469467632,1.7075744989161592,50.79325207207691
filtered_LI06056410_segment_1.wav,PSW,51395,51566,0.015510204081632653,1076.798348555018,3228.125268663036,-61.548035748750905,548.1240289626766,15.907956695054047,83.5457116750536,-5.6680992910785575,65.61994146132122
filtered_LI06056410_segment_1.wav,PSW,51587,51725,0.012517006802721088,5790.736352440844,2481.112413160175,6.313401292069368,199.7544274507692,-7.4532456658895025,106.70295444350411,-9.169083048975725,49.751084505677056
filtered_LI06056410_segment_1.wav,PSW,51725,51942,0.019682539682539683,6402.899130822345,2414.5444122157305,8.536128180161327,140.36238658020497,4.7001102689695715,116.94784510562882,4.837860342669652,55.612262213828
filtered_LI06056410_segment_1.wav,PSW,52443,52659,0.019591836734693877,-1038.292217531982,2046.713450573453,-14.091382541302451,293.68822574122584,17.96519191583704,143.6008050661094,-4.744367752371683,55.68005038909142
filtered_LI06056410_segment_1.wav,PSW,52826,53034,0.01886621315192744,-425.41049987378176,2180.7741590743026,-24.065585249735687,412.266953767456,7.995818494590933,118.87282665706137,-1.9828373059659445,61.772672379425416
filtered_LI06056410_segment_1.wav,PSW,53026,53287,0.0236734693877551,3927.025313666655,1632.2762215887008,-30.272040051574763,186.76726736774657,-2.0837875336095695,72.80164490970603,-3.412747997302496,55.827590256551126
filtered_LI06056410_segment_1.wav,PSW,53731,53968,0.021496598639455782,1493.0100072505786,6735.426437099472,39.022371730845784,425.2269792261626,-18.611594364517707,109.15931173673073,-2.7537496089389206,47.95562245743791
filtered_LI06056410_segment_1.wav,PSW,54200,54294,0.008526077097505668,948.4566319094836,765.4688316476852,-4.585740605734825,97.6033886837547,-2.4552994845534384,45.523494141757006,1.6409121407639737,32.843149947251035
filtered_LI06056410_segment_1.wav,PSW,54290,54465,0.015873015873015872,-814.8161004210442,2540.5006103161795,18.880329311906046,183.97829659141084,1.437657961289036,163.84183246521283,-10.894197706324912,53.83279549264404
filtered_LI06056410_segment_1.wav,PSW,54465,54669,0.01850340136054422,2169.548438817945,897.4951842258885,22.317223553769423,164.79604939593682,-17.30868837886678,78.54081674761564,2.188649148915369,64.30122366662349
filtered_LI06056410_segment_1.wav,PSW,55015,55138,0.011156462585034013,-83.37146082736604,2122.231213429303,-42.3176326372733,511.70246375837445,-10.788918491835162,64.0685464142634,-2.7959062264284658,48.65290190211532
filtered_LI06056410_segment_1.wav,PSW,55700,55981,0.0254875283446712,-1496.6530235995087,3726.549883656846,59.84269538677301,316.93238323835925,-3.9860624085963536,84.79471304713157,-2.291281984035849,43.300417885410276
filtered_LI06056410_segment_1.wav,PSW,56173,56356,0.016598639455782313,4304.5726466541055,2726.214639132173,7.242019049654028,253.24212243030982,0.34594440534487075,193.5475417456944,0.7332230984138594,54.93684682313209
filtered_LI06056410_segment_1.wav,PSW,57174,57431,0.02331065759637188,251.27816056568182,4691.821258567777,-16.22620143369846,455.319001779491,2.320245271537093,112.32161179369929,1.5002286812191892,48.76580004391933
filtered_LI06056410_segment_1.wav,PSW,57435,57765,0.029931972789115645,4135.740896583047,2046.9055697924155,-37.58110165307068,369.2141768246342,-11.979969995699735,73.86214611837325,6.069513760915975,55.15221298419083
filtered_LI06056410_segment_1.wav,PSW,57810,57956,0.013242630385487529,1350.8903482624462,1161.2476218304398,33.92028384560488,148.29700133901062,4.330000997533545,74.2587601814241,-3.287527514223553,55.33372814669192
filtered_LI06056410_segment_1.wav,PSW,57956,58124,0.015238095238095238,150.02608041092512,2037.773613561913,26.5415685883474,268.7446437714371,1.6077618398303541,78.26153115577705,-2.188707359110555,58.63348414298748
filtered_LI06056410_segment_1.wav,PSW,58560,58829,0.024399092970521542,1363.1931548191083,4564.559639073995,66.51896901545199,287.5989051795984,-3.749518343224561,107.82951999032386,-5.014855934762204,51.458836163038846
filtered_LI06056410_segment_1.wav,PSW,59477,59591,0.010340136054421769,-690.0635461642946,428.0016200926235,9.891403958087649,119.61455013575055,-24.050959306888892,61.14721859817794,-5.33369442133205,43.032959226856086
filtered_LI06056410_segment_1.wav,PSW,59983,60268,0.02585034013605442,104.68984607340842,7207.4406992321565,-17.610863546759287,559.8003472232866,-26.265376714844308,189.6222586400661,10.085619269205045,62.34173538224988
filtered_LI06056410_segment_1.wav,PSW,61006,61197,0.017324263038548754,-2743.73559507894,1177.438506522956,1.6805506405876889,117.07644580529318,-3.499887195306404,87.91995330531664,2.6245923415508763,51.76265962535653
filtered_LI06056410_segment_1.wav,PSW,61197,61356,0.014421768707482994,128.04789062670258,2953.1574914058097,40.80032401449313,460.13006389772755,22.933388514281223,276.6903651263117,1.0942061132384553,84.33689545905301
filtered_LI06056410_segment_1.wav,PSW,61356,61483,0.011519274376417234,1685.1290473627084,1576.5580012586145,-17.13962053093514,134.6590645596169,16.195591576712694,78.67136160985639,-3.8243289689157347,63.04756196265054
filtered_LI06056410_segment_1.wav,PSW,61483,61715,0.02104308390022676,3759.9592454758476,2362.0645318330858,-8.441819539112911,262.6806386005141,13.374693484238438,139.5991404676046,-0.5859927288232439,65.80394969645637
filtered_LI06056410_segment_1.wav,PSW,62062,62269,0.018775510204081632,-691.1085932529836,2130.3917701798255,-1.051395596167034,165.9945006384237,-7.461017968348698,73.38213471557336,3.7883328872699873,51.01941700691152
filtered_LI06056410_segment_1.wav,PSW,62269,62408,0.012607709750566893,865.4517722177299,1950.2951522032524,-27.523753365730922,278.06437465679466,-15.652812958216975,65.90615364743796,1.1112217707900354,53.87590695472505
filtered_LI06056410_segment_1.wav,PSW,62408,62608,0.018140589569160998,2814.918352672268,2555.438910779097,-54.922381512382586,455.36865492003415,6.214631303955165,72.4130159359139,0.6978760624517687,49.565886812283175
filtered_LI06056410_segment_1.wav,PSW,62812,63040,0.020680272108843538,213.35679258642858,4142.07411163363,27.68537291759093,253.53062138143892,-17.33088923762409,88.49199853482332,1.7900912655515262,50.79514789769194
filtered_LI06056410_segment_1.wav,PSW,63602,63790,0.017052154195011337,1755.4889690210266,2449.070882175252,23.53978103562665,398.7387036343814,-0.14474624615700377,107.43530578702756,-5.702097568153751,53.212452588110345
filtered_LI06056410_segment_1.wav,PSW,64169,64397,0.020680272108843538,-1813.544863118094,4161.289099041584,-25.12384059472333,395.2657496761049,-10.71872518626561,195.97314970358156,-0.9598023049963139,97.75983828308593
filtered_LI06056410_segment_1.wav,PSW,64377,64573,0.017777777777777778,5763.400546162766,1860.2928359876153,-31.965397998936837,271.75903838098344,-2.376595222531746,76.83415535314171,-0.3033009684982133,51.051783906749584
filtered_LI06056410_segment_1.wav,PSW,64793,65078,0.02585034013605442,2540.3454606905784,2588.959308814902,28.124157105453023,112.64982001729636,20.929805828393107,85.7402323665072,2.4582064469949825,47.82027382845134
filtered_LI06056410_segment_1.wav,PSW,65576,65767,0.017324263038548754,-2589.497065620892,2687.741005978018,-20.712069520660535,436.1998345436922,-14.597853423264494,149.13952381985675,8.340843409203295,59.699335979147754
filtered_LI06056410_segment_1.wav,PSW,56990,57162,0.015600907029478459,-923.1143292906396,513.9771289811405,7.943550182406996,86.9364496198612,0.8903681705676865,55.39557381380233,6.2329844427323176,53.16889097921637
filtered_LI06056410_segment_1.wav,PSW,58380,58511,0.011882086167800454,2035.1617179080604,902.6431662047478,1.9875741714808126,170.9991441654362,-19.373439534052153,53.84414887958013,-6.218164604989147,49.793124857654924
filtered_LI06056410_segment_1.wav,PSW,58984,59086,0.00925170068027211,2529.8431534228594,636.4877565084743,-14.06695263766378,100.4139855793613,-3.3003549676872512,61.450299214564616,1.9188619786888703,29.31336261242056
filtered_LI06056410_segment_1.wav,PSW,72109,72319,0.01904761904761905,-208.624831334822,2173.5902220126495,2.8537647208373014,379.8288125188832,12.019581741224373,115.76329767300615,7.803402405602453,50.71226342182607
filtered_LI06056410_segment_1.wav,PSW,72452,72700,0.022494331065759637,-87.04096951241436,3391.741438189116,-15.649933931429238,372.1345023006474,-0.502322707138366,147.22983385560974,7.727453208233184,60.82069490763634
filtered_LI06056410_segment_1.wav,PSW,72784,73040,0.023219954648526078,646.1919083987974,2342.4840299566167,11.109824165918802,131.2151507895387,6.984314414761232,62.39858908159405,-13.213993609347096,64.05553779092207
filtered_LI06056410_segment_1.wav,PSW,73269,73495,0.020498866213151928,1214.1168642297207,3152.3208841087203,-81.29761198940157,352.4097656411347,-21.81969501597437,193.4836636720255,-2.0646327320920164,82.99164788561957
filtered_LI06056410_segment_1.wav,PSW,73743,73980,0.021496598639455782,5073.2450257475275,2665.1824164886243,16.295427180726367,231.79367454685925,-7.649423237058912,135.99030618300665,-4.637191667971029,51.82069713511936
filtered_LI06056410_segment_1.wav,PSW,65911,66045,0.012154195011337868,3384.163619072869,1375.0108419439896,-19.092437820112913,86.96183348735865,-3.7514689253560007,48.322863837350475,-6.939777926415563,40.3144319176489
filtered_LI06056410_segment_1.wav,PSW,66045,66221,0.01596371882086168,3328.1907331391526,1884.9679975256477,36.874745434641106,155.5623307760942,2.726698261086223,67.1923545260771,-1.0738696929899647,59.73886700071899
filtered_LI06056410_segment_1.wav,PSW,66228,66381,0.013877551020408163,3527.9917096276367,2115.220903776011,6.375861202024687,184.57558227781973,1.9292290120606628,99.40698530752101,-1.655922170125027,53.43764988383606
filtered_LI06056410_segment_1.wav,PSW,66473,66660,0.016961451247165533,1131.8211287557283,1846.1381579832869,43.77398287070171,85.41881108442038,0.13577107120796547,62.536482047364636,-4.504053266436244,49.74491856787246
filtered_LI06056410_segment_1.wav,PSW,66919,67164,0.022222222222222223,-335.2274125912619,2867.9260903214063,-23.395538740664787,415.75070812978385,-10.751774751317907,137.67964489878702,6.485674373920723,58.949612606275885
filtered_LI06056410_segment_1.wav,PSW,67217,67504,0.02603174603174603,2352.6039635693273,2031.4759444984047,-41.90494399357859,307.87249985633326,9.35583494950437,264.16660106603115,-0.2815228483582092,62.36863757335222
filtered_LI06056410_segment_1.wav,PSW,67985,68214,0.02077097505668934,122.19879009299939,1174.073982798563,6.782515454983229,151.8061135075821,-0.5556903330419442,60.74693618054891,3.448359994542269,53.745921918424806
filtered_LI06056410_segment_1.wav,PSW,68332,68489,0.014240362811791384,-1446.5724594327119,2752.5680822104164,-41.07982804556351,522.2883626420087,1.4925160180888366,113.8356808737516,-9.60336606846999,46.812349022190986
filtered_LI06056410_segment_1.wav,PSW,68473,68607,0.012154195011337868,4202.15335288754,3558.2057547811705,46.68037116955453,183.49897911467582,20.020898045580033,103.67641947009888,-0.8284839721544277,53.29581149773422
filtered_LI06056410_segment_1.wav,PSW,69692,69852,0.014512471655328799,-2539.1336290274176,3661.4685613797574,21.22092129133808,444.3617083459645,-3.897003569138625,168.7252458843731,0.34556517977517526,64.27102931073145
filtered_LI06056410_segment_1.wav,PSW,70390,70551,0.014603174603174604,-160.49542641866287,1847.903639358703,-15.577803449473798,183.27259390158434,5.41895666816277,90.79230842407439,5.850314803033667,50.21915970568602
filtered_LI06056410_segment_1.wav,PSW,70665,70864,0.01804988662131519,1971.765003638617,2000.1411613711725,4.568968115980729,88.71213603947173,17.20052747423271,56.245832600165116,5.878893315173474,51.06879514225577
filtered_LI06056410_segment_1.wav,PSW,70864,71062,0.017959183673469388,4811.883016192327,3835.880088767257,-36.87120156308891,392.3769385648556,7.356153837496276,100.44167903013535,-3.7769451377680032,51.37307098865328
filtered_LI06056410_segment_1.wav,PSW,71066,71318,0.022857142857142857,9967.890036298253,2257.204641700708,-32.744505200385134,334.3253208148616,-1.708957319780692,72.25215916432447,1.4429007490890253,52.88415656860232
filtered_LI06056410_segment_1.wav,PSW,69191,69287,0.008707482993197279,-1270.7845528683404,249.92922404785574,-11.196983935253309,80.83518729121697,7.528997354564645,52.235239851433796,4.111033719691074,35.83655722209281
filtered_LI06056410_segment_1.wav,PSW,69287,69378,0.008253968253968255,-836.3369082035309,368.28402330654995,-18.547503067425097,98.59322034040349,10.701419994057504,40.433537861966,2.240136891732743,38.620258532375125
filtered_LI06056410_segment_1.wav,PSW,69428,69615,0.016961451247165533,-1168.1035387773436,423.09342246535823,-19.624352935949496,93.64996911762357,12.324431042416867,60.40265038326329,-3.114516192608231,40.42045001708762
filtered_LI06056410_segment_1.wav,PSW,73487,73583,0.008707482993197279,4206.109929912408,260.8555702314891,10.677456807704086,91.59598003777776,-7.870806981134959,34.70650791208124,1.2795131118586547,37.23812693375349
filtered_LI06056410_segment_1.wav,PSW,9920,10101,0.016417233560090703,4604.576902139925,844.6414645107625,-10.200816230098484,130.7429039086644,4.307449589301315,68.67193530249288,0.045737984698998486,41.8911797106606
filtered_LI06056410_segment_1.wav,PSW,8083,8144,0.005532879818594104,1141.971976868078,298.0859407477972,21.378538932822796,95.62149247931819,-17.50009389644548,57.04917634478445,-5.645276400605563,37.875260463811614
filtered_LI06056410_segment_1.wav,PSW,8144,8215,0.006439909297052154,986.0180928855054,658.8693497918528,4.857356309536668,76.82023607975273,-1.1170535430759394,62.21899953452819,-1.5838375571489631,36.110535388219525
filtered_LI06056410_segment_1.wav,PSW,14980,15067,0.007891156462585034,5353.259465807726,481.1659819763187,46.360112699852685,60.43827722929587,-20.629662736886097,100.66851953491125,0.04788887088952114,29.1444538971708
filtered_LI06056410_segment_1.wav,PSW,35346,35480,0.012154195011337868,1739.2622688385443,1270.9989683936237,-7.922080995495948,130.18044056175833,-7.210029084028702,83.8790505828713,-7.944158848973663,57.70667879480569
filtered_LI06056410_segment_1.wav,PSW,75047,75160,0.010249433106575964,617.1716027902213,1836.892440491084,-40.07721773628355,233.8255560139016,-1.6608472887467016,80.70073187375984,1.2422492240603664,44.906073352305995
filtered_LI06056410_segment_1.wav,PSW,75160,75316,0.014149659863945578,1619.2614762953651,2833.3076199172965,9.077528113951217,342.0576419346269,1.7404194171304954,134.12175852936312,1.5427201238303387,49.74923481014347
filtered_LI06056410_segment_1.wav,PSW,75719,75917,0.017959183673469388,-1121.402816739362,2198.7724645189255,-26.09460191650658,362.4489510953432,3.60144428739475,77.73845811629745,-1.3362932048213645,49.945558243225015
filtered_LI06056410_segment_1.wav,PSW,75888,75998,0.009977324263038548,1105.6480408746493,509.1695483445951,3.6938915911833603,124.63711082556398,-1.7839754356581752,48.50263640291286,-1.3616496122048152,36.30335928642707
filtered_LI06056410_segment_1.wav,PSW,75995,76121,0.011428571428571429,452.18434430962316,1670.5882523828295,3.82628614087549,101.2220027982333,2.0122063903553826,66.26986592031015,-10.67584132468556,67.35793487074488
filtered_LI06056410_segment_1.wav,PSW,76430,76702,0.024671201814058956,6995.969807381716,3241.5105244519514,-37.775862988774676,406.43613548913885,-1.6795269209005348,86.4944238234861,6.469923784722566,48.97126834737791
filtered_LI06056410_segment_1.wav,PSW,76930,77151,0.020045351473922904,8095.595192511033,1652.3809501494459,4.062100148661098,148.63758967773992,-12.378240996710609,83.22727809699235,0.025439158848677933,53.77068168906391
filtered_LI06056410_segment_1.wav,PSW,76852,76991,0.012607709750566893,9607.416262143444,1163.3562342111243,15.556340369233192,121.7078419850336,-8.578323791373117,69.14385830706368,-12.575281989464022,55.09190646728027
filtered_LI06056410_segment_1.wav,PSW,76758,76855,0.008798185941043084,8028.863313178164,392.3477672739644,-10.521764408745469,71.12978654778965,0.7742077526845537,62.71878404289682,1.3658714318828076,28.681031891163517
filtered_LI06056410_segment_1.wav,PSW,74540,74686,0.013242630385487529,3580.184963141183,2263.590861139979,57.510830982253495,245.83721707240502,-7.168834622858782,110.72949415324818,-6.927539723303121,60.77838780028379
filtered_LI06056410_segment_1.wav,PSW,74680,74784,0.00943310657596372,4270.83151501235,695.1103681507767,10.054286635104347,107.0407508461326,12.813321657459992,64.80434416918787,4.3459134799751205,41.716814611215376
filtered_LI06056410_segment_1.wav,PSW,79193,79372,0.016235827664399093,6311.99957844484,2769.0128622291345,47.21364419112705,332.3755378337218,-16.3667174978729,101.18201713235742,3.3570338288099624,44.9815070779867
filtered_LI06056410_segment_1.wav,PSW,79426,79538,0.010158730158730159,3896.618858067345,4183.674554096469,7.367780903908338,212.09611062796026,-6.839367362730405,70.38729814822285,2.674369541525489,53.45696724908247
filtered_LI06056410_segment_1.wav,PSW,77842,78015,0.015691609977324262,98.91768671603131,3065.8712268912773,20.635709889815868,217.65149058674857,7.443469460479093,150.10765182929933,9.666626031122634,46.61524300649573
filtered_LI06056410_segment_1.wav,PSW,78146,78302,0.014149659863945578,1155.1481050945758,2359.6236029819856,-27.689911255018743,358.57386836843506,-12.925157411053219,49.350420428263845,0.5362052883270846,62.09267335303751
filtered_LI06056410_segment_1.wav,PSW,78604,78770,0.015056689342403628,-204.24598114079924,1752.0241886497315,4.918690567104605,102.80560897163575,5.6287845414000275,99.42752682190276,3.087131608957639,60.17330802140149
filtered_LI06056410_segment_1.wav,PSW,78854,79012,0.014331065759637189,3942.3299457067137,1134.1491035063693,4.872497803017023,169.72121462862148,12.28925675413636,74.21706091046637,1.9114162935224555,44.54452717929045
filtered_LI06056410_segment_1.wav,PSW,77214,77402,0.017052154195011337,4000.9119140733173,2355.380834001046,-26.65923109316029,148.55621795980028,5.993886791025346,83.84091409303693,7.0679430998450945,51.08676556319711
filtered_LI0605648_segment_2.wav,Fibrillation,940,1120,0.0163265306122449,8523.487224957302,1194.4829838689677,-329.24590073244144,1071.6951897871734,110.12638280035682,985.4935549801218,32.53264782205942,1109.6233557042542
filtered_LI0605648_segment_2.wav,Fibrillation,5780,5947,0.015147392290249433,3603.95839853672,1254.2175099694427,-300.4533851975695,1052.0788602442249,150.40524193420072,1142.1181809264535,14.088654089246395,1184.1352809918847
filtered_LI0605648_segment_2.wav,Fibrillation,9530,9718,0.017052154195011337,1561.4095764798287,415.9515082464231,387.0088043601857,1526.9905420836271,-82.11517519832171,671.7520776090194,132.5525672209648,1484.197705439715
filtered_LI0605648_segment_2.wav,PSW,5199,5280,0.007346938775510204,1788.0676353444796,371.8136827755149,-11.125074280653536,55.48694194787049,-3.3646408949759774,57.43684629256884,2.102413250930875,26.249703135957507
filtered_LI0605648_segment_2.wav,PSW,5280,5370,0.00816326530612245,1932.9756998843663,425.39820531087565,3.594360416472895,62.08115425671863,8.061226972989061,41.47542382564606,-4.409773027317075,36.80852049407373
filtered_LI0605648_segment_2.wav,Fibrillation,13599,13699,0.009070294784580499,1423.4513341271143,1186.9963669398242,367.4411397183124,1839.611862834156,204.29662096099707,1731.372613395891,-53.69299108663582,495.2212204269931
filtered_LI0605648_segment_2.wav,Fibrillation,17646,17734,0.00798185941043084,2183.3320767418436,1724.9055304329552,-245.78473618067582,971.336090211267,312.51833864733766,2145.1800480614143,-70.08981968619922,352.9573425901292
filtered_LI0605648_segment_2.wav,Fibrillation,21421,21523,0.00925170068027211,583.2957643652284,1743.536707279659,-513.7024885500391,1914.7026285364243,-249.91558892648027,1411.2796050825123,-28.01533336877107,334.95024455957326
filtered_LI0605648_segment_2.wav,Fibrillation,20860,20938,0.007074829931972789,1297.4828518746872,621.6457353295372,26.562771560104768,365.43112451735766,9.829562248315439,148.53280289438655,3.879013955249435,38.63567637122407
filtered_LI0605648_segment_2.wav,Fibrillation,25237,25311,0.006712018140589569,1258.3705259181409,2013.5188595728234,-371.95548026504457,2507.12532507957,-284.570081938102,1230.5119357151436,-26.56325628078914,603.3871158209976
filtered_LI0605648_segment_2.wav,Fibrillation,27155,27247,0.008344671201814058,299.53935887138573,881.4876109693689,-240.34504954600547,746.7354901320797,-53.68869984648025,310.91477125516104,4.521035514901212,198.85923222686367
filtered_LI0605648_segment_2.wav,Fibrillation,32924,33066,0.012879818594104309,1392.7461014098988,978.8801714892077,-427.7490375878761,1161.6599678590228,201.82145281348608,1320.2568245804678,-17.499556614563406,1288.4668982908888
filtered_LI0605648_segment_2.wav,Fibrillation,29057,29192,0.012244897959183673,1785.9184728002247,1178.9099364725828,-503.8650793884256,1366.9512375586617,-183.03036354228948,887.8964592357879,189.60158479153543,1679.3781233412296
filtered_LI0605648_segment_2.wav,Fibrillation,36973,37136,0.014784580498866213,2468.220576016594,605.8592950045627,483.9575649496548,1830.9340659782729,-393.11185595516685,1507.0025142192455,-95.4064703877962,732.3260921904381
filtered_LI0605648_segment_2.wav,Fibrillation,38310,38460,0.013605442176870748,789.0625467302865,432.2146537309282,-84.99734711192751,392.00643096772853,-16.081307802158978,248.01396682462044,-0.29491063078752144,116.5710561859839
filtered_LI0605648_segment_2.wav,Fibrillation,40795,41003,0.01886621315192744,883.53492048861,584.1592218128121,357.0985320922835,1626.7101532892502,-300.50378634174876,1439.2546519881744,-148.25666238335407,1051.0529005211772
filtered_LI0605648_segment_2.wav,Fibrillation,44703,44848,0.013151927437641724,930.8832928450988,1465.0413267967465,-438.28665680971585,1402.860087293755,-234.12560247268084,914.5581644635932,191.52788755563026,1610.5922002304646
filtered_LI0605648_segment_2.wav,Fibrillation,52543,52664,0.010975056689342403,845.0933742476276,832.6220158786116,-203.09981187656766,807.3083274721331,479.3545194358749,2121.817196757389,-69.06188427194222,867.2152103317818
filtered_LI0605648_segment_2.wav,Fibrillation,53174,53259,0.007709750566893424,451.0478745131311,553.0162600920028,-29.068368421015606,282.56389565279903,-0.7334142991248901,184.4477739424507,-1.0515259474830327,42.871912852421666
filtered_LI0605648_segment_2.wav,Fibrillation,48657,48782,0.011337868480725623,1104.4835352358339,907.1123245642303,184.36893638582484,898.9636296318973,465.83225135998657,2165.11634732276,-98.31946358122433,861.0075333440043
filtered_LI0605648_segment_2.wav,Fibrillation,56505,56707,0.01832199546485261,589.0751576785785,892.5252214768004,-283.26443054020837,953.5668090909606,232.14553805587295,1460.990806815478,-84.57813312254599,1039.6105082293313
filtered_LI0605648_segment_2.wav,Fibrillation,63770,64021,0.022766439909297054,681.2271682527874,510.2361032785102,277.9380387254187,1306.6764037744101,55.4547103964296,818.3866935478597,52.16888773406778,1150.4428389932343
filtered_LI0605648_segment_2.wav,Fibrillation,60060,60293,0.02113378684807256,1032.853996724765,1045.3946861364775,-212.63968183244282,940.8244519849446,-74.79166483615383,1041.4005609418928,28.862228161446875,1106.4885927684422
filtered_LI0605648_segment_2.wav,Fibrillation,66773,66964,0.017324263038548754,743.7334983925957,246.12030588850638,116.63569568600039,494.7540417493577,-15.92774717699211,175.55167891650407,-9.430315196234131,97.73452287606365
filtered_LI0605648_segment_2.wav,Fibrillation,71140,71421,0.0254875283446712,262.53747561341083,885.7307521576827,-186.77817867153382,974.7176012673342,-148.02449948294245,1076.0639749986233,-30.428362164057727,891.9155798999
filtered_LI0605648_segment_2.wav,Fibrillation,74898,75137,0.021678004535147392,90.24311573907414,674.606435414217,63.17058238428355,841.8202165141457,100.95347814768076,1081.1107470241448,121.81698995007343,1343.738805898586
filtered_LI0605648_segment_2.wav,Fibrillation,67413,67678,0.024036281179138322,296.83249159535825,841.8435610840826,272.49685958063907,1254.3290827719686,29.43346670039344,756.4313787256258,56.212990313074286,1114.6779559910783
filtered_LI0605648_segment_2.wav,Fibrillation,78788,78971,0.016598639455782313,758.4573820410817,786.746964930138,123.677095568027,731.0747414318104,308.10053656084546,1724.4119143685318,18.807353305168732,874.3144604635298
filtered_LI0605648_segment_2.wav,Fibrillation,80481,80644,0.014784580498866213,735.9371760909246,303.86822683862397,-4.521949147479665,297.95039190097134,32.90281675377494,365.5261960088293,0.670572018141426,69.3178312897334
filtered_LI0605648_segment_2.wav,Fibrillation,75368,75561,0.017505668934240364,1755.6994330041994,592.3211450796034,57.59594695230346,507.40263676227113,15.141655968964347,136.14707905957442,4.744890352244764,53.64490075267501
filtered_LI0605648_segment_2.wav,Fibrillation,82468,82670,0.01832199546485261,351.53161637263753,1070.686315202297,-346.89415145628215,1258.3180515892213,-282.7070836994759,1416.1627526661523,-122.91364166427844,1029.465781438167
filtered_LI0605648_segment_2.wav,Fibrillation,85894,86107,0.019319727891156463,378.0177355631926,587.0340603881978,49.031255177989436,815.9065555480279,91.91941601005786,1149.885889269962,132.5714074831897,1488.9293258653952
filtered_LI0605648_segment_2.wav,Fibrillation,89532,89744,0.019229024943310656,78.85454731173448,1047.7016187233983,-362.87436128758713,1294.0585306655337,-303.141620543866,1478.4287985594067,-129.88674955441098,978.6551864001926
filtered_LI0605648_segment_2.wav,Fibrillation,93181,93358,0.016054421768707482,-101.49045196025372,617.2440028841969,429.9206356211147,1768.7366675816731,-361.8871994573037,1603.1492761263885,-132.60659821497597,872.6217416907053
filtered_LI0605648_segment_2.wav,Fibrillation,94631,94821,0.017233560090702947,449.78286559033063,295.4025603123768,77.49371018250973,375.3801747887635,15.556603901020253,298.42762792719657,-3.096691003255917,93.36404556997974
filtered_LI0605648_segment_2.wav,Fibrillation,96827,97133,0.027755102040816326,870.402607472572,899.667394396583,-248.94529617037668,1094.5498161714047,-117.62751517496089,668.2568611733556,90.58892507737924,1200.2070195718318
filtered_LI0605648_segment_2.wav,Fibrillation,100496,100734,0.02158730158730159,883.5580466434916,677.3255040826924,152.10463286724467,1148.7838540854384,-26.333470786333212,931.5130449785902,72.49655826644327,1185.7209756327165
filtered_LI0605648_segment_2.wav,Fibrillation,109236,109389,0.013877551020408163,311.4412851582626,281.47240962260497,59.365733014285404,352.4909812378521,36.8674803644426,349.94891288539327,7.9315516646793265,75.22452536955515
filtered_LI0605648_segment_2.wav,Fibrillation,107896,108105,0.018956916099773242,-165.40936288963945,622.3204101216755,31.677867625883437,797.3646212049451,119.98221822811166,1161.0998745961476,149.08199286476938,1512.663706587556
filtered_LI0605648_segment_2.wav,Fibrillation,104210,104482,0.024671201814058956,267.75271809164366,470.05307570516146,294.00750251505536,1366.8651128027523,-140.55621127066482,736.2557283160654,107.91995403498312,1291.1491653321389
filtered_LI0605648_segment_2.wav,Fibrillation,115131,115378,0.022403628117913833,297.47638633394314,946.6435310384505,-306.6697969495298,1261.0360135425867,-276.01700620146096,1449.9587213024356,-132.13924513885306,987.2750508258987
filtered_LI0605648_segment_2.wav,Fibrillation,118711,118946,0.021315192743764172,144.89092889429435,630.476717608433,-75.9611015973946,659.7551108843134,237.20522173842375,1520.654277537009,34.047428086155925,850.6905769023841
filtered_LI0605648_segment_2.wav,Fibrillation,111497,111829,0.030113378684807256,257.7017050315622,695.9782279991773,-158.10217817131345,684.1727359897881,211.8988473236349,1472.3243706812575,-83.04397289830904,737.4601314237132
filtered_LI0605648_segment_2.wav,Fibrillation,122237,122600,0.03292517006802721,39.12879395642095,805.0220651799613,-238.2800976920876,1057.6684778432143,-197.6598554652767,1200.4029332059356,-72.08735008647021,709.2117144395509
filtered_LI0605648_segment_2.wav,Fibrillation,123793,124132,0.03074829931972789,66.2828711928775,374.0418882971432,62.023482988881,459.2596190633576,-6.870761194811064,333.2852220109799,3.878911906705337,128.3273257125224
filtered_LI0605645_segment_1.wav,Fibrillation,5933,6052,0.010793650793650795,2415.826423839058,1778.014742798884,-9.282681832815879,255.6196129113251,9.149780672629035,82.18567358885592,-12.025046916068721,53.79330966802488
filtered_LI0605645_segment_1.wav,Fibrillation,6808,6905,0.008798185941043084,3461.1085937748435,1575.552149100687,-203.48305230553348,1589.9316827934629,-14.97226693603194,1253.441646382883,2.2767276471518993,385.2499306947884
filtered_LI0605645_segment_1.wav,Fibrillation,10305,10404,0.008979591836734694,2290.9582441858456,1717.4096801902415,175.32657168471306,1570.093688581388,108.2706256215068,1451.348881171292,-26.967107475097244,143.65527511769253
filtered_LI0605645_segment_1.wav,Fibrillation,8506,8605,0.008979591836734694,803.6471453008816,1804.1892585010287,389.4549906439634,1875.2714277881678,31.568519138801115,987.5159982456296,32.19705913299136,336.6195533004143
filtered_LI0605645_segment_1.wav,Fibrillation,9500,9614,0.010340136054421769,1102.4745352663913,1655.2283131154886,-1372.5715782924963,3584.1784061282956,-1042.4721692235369,3973.008000645417,-108.34981716116374,917.5856529066821
filtered_LI0605645_segment_1.wav,Fibrillation,7274,7376,0.00925170068027211,1756.2977956994612,3087.149483798572,-387.05308364348014,3249.278764588588,-116.72566000980416,2725.835550632389,26.19521980631058,711.3653334565658
filtered_LI0605645_segment_1.wav,Fibrillation,3675,3768,0.008435374149659863,5306.714230158337,1957.349375736004,448.7324839605129,1771.8317044027474,-31.92896137965419,499.2637696488852,10.087053634871074,310.1217510350172
filtered_LI0605645_segment_1.wav,Fibrillation,227,269,0.0038095238095238095,2968.923485471538,2713.317366934575,-237.027915366796,2508.16248850887,-78.72699284254442,723.8948899267888,0.0,0.0
filtered_LI0605645_segment_1.wav,Fibrillation,5206,5283,0.006984126984126984,11201.614056836883,1964.587702992264,603.9845118774414,2125.2834919052016,-63.18550229139027,559.1838153858401,33.766786660622394,386.0641954030841
filtered_LI0605645_segment_1.wav,Fibrillation,5315,5402,0.007891156462585034,10958.52696438024,2637.00943093478,-105.69888666447608,3052.1307634506124,-57.5891754689931,3027.765794732759,80.43332943386747,831.7141185053115
filtered_LI0605645_segment_1.wav,Fibrillation,1857,1942,0.007709750566893424,5595.301905429736,2539.5275896453113,1123.0757171133341,4548.909168217968,2.3066379578439564,799.0486152366135,33.828666438679555,935.3263172968312
filtered_LI0605645_segment_1.wav,PSW,1884,1988,0.00943310657596372,849.1471498633081,7796.464570324309,-1186.255000136521,3455.8755061344064,-139.5671371870305,2611.029856001691,-39.56341173597587,164.0792370693785
filtered_LI0605645_segment_1.wav,PSW,1585,1682,0.008798185941043084,2120.663483928596,1262.3661232394531,-8.056610792733771,180.4987282245795,3.9791525486260797,54.00291691578418,-0.9921195204618463,26.525680599833038
filtered_LI0605645_segment_1.wav,PSW,1202,1340,0.012517006802721088,18109.89577909289,2461.99275078591,-26.149937874914734,537.2120548968549,-2.2334621419236766,78.68985099105049,-14.060807108107339,48.025125837997045
filtered_LI0605645_segment_1.wav,PSW,6670,6791,0.010975056689342403,2021.8268300760149,1985.4865825823297,-29.857903307052133,517.5163411816942,10.457066137148388,84.21321417104704,2.8846229206888387,51.878004518103154
filtered_LI0605645_segment_1.wav,PSW,9963,10089,0.011428571428571429,2902.834714483455,2233.8581181668897,-42.88746489391122,552.631200548894,-6.6444386801644475,114.58490461027287,-3.783766393992186,48.499307176553245
filtered_LI0605645_segment_1.wav,PSW,9687,9825,0.012517006802721088,2216.976339714376,1613.9077463493195,9.570691226107497,223.44530145208302,-8.325488020759238,89.0510946905476,-5.707397784488933,49.60085525860909
filtered_LI0605645_segment_1.wav,PSW,9114,9236,0.011065759637188208,2342.028610862844,1917.7696946292756,23.64249877317144,435.5028780575674,-10.149928565505393,118.8545847108503,1.168500286875785,49.855929868661114
filtered_LI0605645_segment_1.wav,PSW,8285,8445,0.014512471655328799,-1708.9030868676682,2348.3748968795526,126.42202957905707,287.14296969521956,-9.796257899495318,180.20576990286477,3.677797779064545,55.04876380043332
filtered_LI0605645_segment_1.wav,PSW,7638,7742,0.00943310657596372,2719.604408476111,1875.0490550722363,-17.411510643572097,157.0409521624737,-7.641916197014774,49.1676839252995,9.951379157650734,27.114014841912628
filtered_LI0605645_segment_1.wav,PSW,4699,4864,0.014965986394557823,7386.330066910745,1530.8774693410562,-31.040073051183033,480.88495648549605,10.352901709502712,84.47905765466676,1.4165403838436492,42.44816533199882
filtered_LI0605645_segment_1.wav,PSW,4961,5138,0.016054421768707482,11793.244424010176,3941.8159375603145,-28.54416989414097,512.3161330776984,-15.089918675232974,116.46433578195634,3.3599514065840426,41.58576217936193
filtered_LI0605645_segment_1.wav,PSW,407,574,0.015147392290249433,31030.91183832144,8730.708118317334,-135.2513915138065,1786.7798501770885,-36.67237374737505,807.3263230985254,-1.4161903250408148,185.47488926467508
filtered_LI0605645_segment_1.wav,PSW,3208,3288,0.0072562358276643995,4036.6334656722397,1622.2456827218143,38.81495925027998,329.0954398156842,24.2998564588095,219.11585511755464,2.4646884859828835,44.00012833552525
filtered_LI0605645_segment_1.wav,Fibrillation,2242,2322,0.0072562358276643995,4755.544007254659,2397.0252040213504,159.82927730249014,1033.211010421509,4.965601556193755,1016.3950128024433,1.063549016894572,280.1022649663788
filtered_LI0605645_segment_1.wav,PSW,2281,2364,0.007528344671201814,4190.300580433441,2036.7031535760252,-220.14588931904515,941.0585696820036,80.40672868587663,1123.5902104425975,-1.9051288530491863,91.79819216390938
filtered_LI0605645_segment_1.wav,Fibrillation,3548,3610,0.005623582766439909,5224.529096104169,1886.2137147733727,1051.5294520063587,4511.529721316465,273.3816763010435,2634.094597365711,-61.029169951690484,330.3414608369461
filtered_LI0605645_segment_1.wav,PSW,905,1036,0.011882086167800454,26392.07344524422,5936.416441661439,238.76086283134438,692.7904089878293,253.9226241256916,1228.6863321707526,18.49581381933501,480.52183472859156
filtered_LI0605645_segment_1.wav,Fibrillation,259,307,0.004353741496598639,5118.96216668131,2643.1324676617405,60.94418358458685,1352.168955835987,-50.61087800611005,283.56482562722124,0.0,0.0
filtered_LI0605645_segment_1.wav,PSW,2505,2625,0.010884353741496598,10961.023867663447,1168.5599046710988,-23.70587903512966,220.49408495103242,-8.128496522955755,72.64461799752974,-5.629928652065085,66.6022920382977
filtered_LI0605645_segment_1.wav,PSW,2625,2760,0.012244897959183673,10866.536823644032,1236.016856303875,-101.02153783058446,376.5712142469267,22.22128483993731,124.01508900977457,-10.938972160100544,59.6906107605786
filtered_LI0605645_segment_1.wav,PSW,4291,4440,0.013514739229024943,2529.8356522731087,1188.3985934642428,13.414451671673445,124.95867433272997,-0.3150663180738995,99.55618610564065,-4.717811419826805,53.12196884440478
filtered_LI0605645_segment_1.wav,PSW,4509,4636,0.011519274376417234,8468.077976317687,492.6658837180748,-14.049123493463075,143.66809504468995,0.3649159263705577,104.74718752132567,-3.324506268491171,42.283526728052344
filtered_LI0605645_segment_1.wav,PSW,7502,7626,0.011247165532879818,4936.107956267216,2148.39540334805,-9.649847213214583,447.35383962669505,42.27845933405429,203.4399742943475,-1.291873877333502,83.9031040429432
filtered_LI0605645_segment_1.wav,PSW,9606,9671,0.0058956916099773245,1431.130523898839,498.1191071478788,-0.8560840171834359,101.5420872466326,-5.289418704513561,69.58536864620977,-0.7252116734223839,29.45774919523051
filtered_LI0605645_segment_1.wav,PSW,8626,8709,0.007528344671201814,1441.2277825082617,464.2930205176381,25.48809250679709,126.70328495494485,1.9088663432327002,68.35632021233332,1.7389018291207516,26.471006624280523
filtered_LI0605645_segment_1.wav,PSW,8955,9001,0.004172335600907029,1072.9818370723156,430.30350168193996,2.397070253382659,61.131707296686784,2.577124010009889,34.125668397448415,0.0,0.0
filtered_LI0605645_segment_1.wav,PSW,9001,9062,0.005532879818594104,2242.7191305448073,457.5805309630648,-0.12877871293958684,123.39707372320308,1.749440945422822,69.91952697585924,-0.5760283978995525,22.691351593068156
filtered_LI0605645_segment_1.wav,PSW,10692,10861,0.015328798185941043,2720.7836481970253,4003.226417766526,45.546623532912776,558.3576499586372,-14.233563241408401,204.3173796234625,2.219488873572874,63.873198404747924
filtered_LI0605645_segment_1.wav,PSW,11593,11716,0.011156462585034013,-3247.50385979961,2171.414723286326,-69.69995787675019,708.405750212706,2.471638976343915,105.12769989951599,6.4242377888540245,40.03046214399739
filtered_LI0605645_segment_1.wav,PSW,11488,11574,0.007800453514739229,-1651.535593112114,583.004675772647,31.883568641078504,109.9738599909491,10.017515244862436,52.98555084985969,0.4170546813559568,27.961783205973592
filtered_LI0605645_segment_1.wav,PSW,12284,12410,0.011428571428571429,3690.6788765881743,1747.047301633915,-3.9667309424686317,258.99031469600703,17.326530193510482,108.89703512776967,-6.422109984300282,43.59430209156609
filtered_LI0605645_segment_1.wav,PSW,16936,17062,0.011428571428571429,2625.5348183663446,1828.637367173851,36.34099569161241,243.96966918663966,11.651402851004638,108.97695505952156,-0.9029658291284086,55.60128603341145
filtered_LI0605645_segment_1.wav,PSW,17068,17188,0.010884353741496598,2159.0525463814315,1417.7273096444985,63.86654326628689,325.56248743299477,-14.791564956853996,132.50883162719887,-19.839011615563287,58.58302948067139
filtered_LI0605645_segment_1.wav,PSW,16441,16583,0.012879818594104309,5345.371661917113,2078.5345534286994,-16.72405523952937,481.4157756046507,-21.60430749255273,174.81811729703767,14.300467716930322,38.264309094141296
filtered_LI0605645_segment_1.wav,PSW,15485,15605,0.010884353741496598,1031.9211044251015,1610.2805723099439,-51.60016452903931,372.8651355954443,0.5939968595472116,81.0967111540187,4.458117493950733,58.60968632608643
filtered_LI0605645_segment_1.wav,PSW,15150,15264,0.010340136054421769,1438.9870177880193,692.4199658232199,-69.10198005966767,297.1815208719756,-1.8793112079101681,75.24844181059011,2.9990296780560417,59.23294284505317
filtered_LI0605645_segment_1.wav,PSW,16051,16149,0.008888888888888889,1027.708877905746,939.2563110612866,-10.724214677830963,152.14898062041453,3.3366427328507875,83.8917359307925,-0.8843937262511289,33.377539183322014
filtered_LI0605645_segment_1.wav,PSW,14845,14981,0.012335600907029478,465.4244061010553,2142.422361477496,-7.606929366772757,364.3700453145983,-19.848556501449597,142.1938141615688,14.699500699025192,77.15738780579255
filtered_LI0605645_segment_1.wav,PSW,14498,14667,0.015328798185941043,2049.160832266452,1776.0195929470192,-34.71311822655318,244.24082812987805,4.3022800806986465,86.37302620222374,1.5508523808312504,52.235684730157075
filtered_LI0605645_segment_1.wav,PSW,16177,16269,0.008344671201814058,2457.2111396283544,1824.9725449425607,-367.8310389072874,1836.086965676792,-28.157838876712542,1023.7982586334297,19.910723819511997,326.0682723992158
filtered_LI0605645_segment_1.wav,Fibrillation,16171,16238,0.006077097505668934,2216.0577942587047,2263.310601582549,-496.8110432320439,1622.4872481680625,37.48796762303921,1146.077181888875,26.902983670512036,374.3578564225836
filtered_LI0605645_segment_1.wav,Fibrillation,14163,14246,0.007528344671201814,2089.2635832642027,1837.6207729573143,247.49850630323613,1258.9407397554585,1.8668885549698304,1386.368022153324,13.134871978003108,452.8875469908033
filtered_LI0605645_segment_1.wav,PSW,14178,14255,0.006984126984126984,2058.262135990485,1905.6846867270724,-245.98902374561214,1158.0834816440347,146.56750524376974,1613.909943768637,-14.267283047887716,165.6472687770312
filtered_LI0605645_segment_1.wav,PSW,13075,13210,0.012244897959183673,-264.90854034832495,631.5885031043723,-17.3372226870173,101.98504398251555,-2.1149818082995373,68.60031754962412,-2.035471058872639,39.32337534264948
filtered_LI0605645_segment_1.wav,PSW,13210,13330,0.010884353741496598,1084.3922243877307,2122.2071436170127,-72.84567656789194,726.1943711852873,10.343316667600142,76.07406659721755,1.0573469969949407,56.356363800860414
filtered_LI0605645_segment_1.wav,PSW,13324,13459,0.012244897959183673,4373.063229984119,549.4823284092464,-49.828597679669194,278.1540497654483,-13.679007698539332,105.21427319070294,-2.9394340302600095,63.823326029288786
filtered_LI0605645_segment_1.wav,PSW,13892,14061,0.015328798185941043,-1145.3244167788628,3107.034214599952,35.99476230768196,399.4547031365025,14.642582095508795,124.24914997998195,2.168506848975402,60.07140635516323
filtered_LI0605645_segment_1.wav,PSW,12204,12275,0.006439909297052154,24.125105095555135,2122.601421219728,-229.2023754000369,1064.5306876720547,152.3351459956211,1618.2179405642107,2.8997114240465813,166.15546131242039
filtered_LI0605645_segment_1.wav,PSW,12149,12204,0.004988662131519274,-793.7551485379872,5403.839820499291,223.7660718318981,2192.6964059266993,-4.031270824202079,932.2271875046905,0.0,0.0
filtered_LI0605645_segment_1.wav,Fibrillation,12154,12197,0.0039002267573696146,-863.1795961581175,4660.638031990493,351.22470739444935,4390.8604192388475,4.134499096510867,793.5898967601197,0.0,0.0
filtered_LI0605645_segment_1.wav,Fibrillation,12212,12264,0.00471655328798186,-189.22166933749085,2040.1205803677065,192.81192650189757,1826.7149490329373,2.336846039993141,193.75884272535336,0.0,0.0
filtered_LI0605645_segment_1.wav,Fibrillation,18223,18303,0.0072562358276643995,2153.5534588146434,1695.8188427711518,73.9255122220651,1664.8522117373534,112.89300773323893,1580.638873642135,-19.412813139463996,272.25171586251747
filtered_LI0605645_segment_1.wav,PSW,17241,17339,0.008888888888888889,1909.54775488525,1915.890910012394,3.7076014021003143,227.97774846641192,-0.9360638875331022,70.35591926989338,2.829168903504348,34.987119117247396
filtered_LI0605645_segment_1.wav,PSW,17339,17475,0.012335600907029478,3774.6539095932044,2159.033528947167,-124.1242703965602,680.3689395297921,-15.310592540750193,195.77371873085977,-18.90064939821817,90.03353120588872
filtered_LI0605645_segment_1.wav,PSW,18109,18208,0.008979591836734694,885.1204086515078,1698.2181683508952,-23.56740794606547,151.78099251211663,1.9217459051318528,59.94284057147038,-2.6656932555090544,35.21061558953267
filtered_LI0605645_segment_1.wav,PSW,18688,18828,0.012698412698412698,384.9608331482346,2703.6337995369304,-44.91330143262241,479.88336941658645,-11.603893307294554,118.63852478820566,-12.194209447023558,47.56207279037603
filtered_LI0605645_segment_1.wav,PSW,14260,14323,0.005714285714285714,3075.6037820186943,592.3149876593416,14.408158590678738,367.5106231234802,0.4468548259826233,92.52087634433953,3.486726030379151,37.62418690834858
filtered_LI0605645_segment_1.wav,PSW,12415,12488,0.0066213151927437645,3958.6226935317613,423.68617902705284,21.35133113138819,60.49960453094506,-3.578527881235563,61.39346241459197,0.8411575377054789,31.51359775566111
filtered_LI0605645_segment_1.wav,PSW,12516,12569,0.004807256235827664,2614.480278669829,303.5316136785574,7.378429190684614,80.62521806995524,1.4560339600341927,28.261578664636634,0.0,0.0
filtered_LI0605645_segment_1.wav,PSW,12569,12635,0.00598639455782313,3256.8896624794734,645.8916773148968,1.0563859999421354,192.56634184704117,8.376054858374241,54.56333184640119,5.203834009062787,29.640221491475224
filtered_LI0605645_segment_1.wav,PSW,15997,16070,0.0066213151927437645,1085.6899734222097,293.5937412810025,27.854974471161054,292.22547833259347,7.388074639934419,105.747828764767,-0.845347665648476,29.73471710453852
filtered_LI0605645_segment_1.wav,PSW,17732,17789,0.0051700680272108845,2651.581094383411,414.37370702016545,-69.92972250786562,270.7262652685224,8.59029750726667,87.32667878458506,5.649782369110961,43.04790999316105
filtered_LI0605645_segment_1.wav,PSW,17793,17859,0.00598639455782313,2438.690334513289,429.65853218659106,-47.03819738308297,200.25104482091544,-4.614276698999971,58.01758717419957,-3.1227263135714174,30.90173822965817
filtered_LI0605645_segment_1.wav,PSW,19784,19921,0.012426303854875283,1150.071874054439,1853.782479976297,49.702344230227986,309.86378493440174,0.06458343353753379,110.55164354540484,7.034580454048248,61.50707708508135
filtered_LI0605645_segment_1.wav,PSW,19438,19489,0.004625850340136055,-1716.4348453608793,466.77972179624777,0.6557446187572159,79.33708804135797,-4.123205213548553,24.869080592330885,0.0,0.0
filtered_LI0605645_segment_1.wav,PSW,19554,19637,0.007528344671201814,401.60977517836875,457.46518051275405,1.214198779757048,184.87183687797315,6.302014172809567,64.70533942936424,5.80485747151175,31.810173477844014
filtered_RN181281_segment_1.wav,Fibrillation,1737,1824,0.007891156462585034,4013.6609734877934,1458.3382149308388,-82.87947621544636,673.8274042212649,-2.178196121867366,167.42670696366477,7.356996430154722,60.08928661456249
filtered_RN181281_segment_1.wav,Fibrillation,4470,4537,0.006077097505668934,2012.7559383180883,1678.5033762748485,-141.53742454675813,444.2967252866279,6.573385212262826,246.2055086079858,-12.253794766702862,71.08016178401205
filtered_RN181281_segment_1.wav,Fibrillation,7416,7491,0.006802721088435374,764.0294824536555,1497.5982043593708,-140.85403288998012,609.9059756016218,-19.73986204741684,87.90913354384702,18.853659836616483,96.49581586800994
filtered_RN181281_segment_1.wav,PSW,4886,4995,0.009886621315192743,1162.167789322933,1091.7037065640097,18.496524499923705,126.42735590307558,-19.75321115028856,106.32426323217501,4.7689448077669505,57.987341715560724
filtered_RN181281_segment_1.wav,PSW,2679,2766,0.007891156462585034,3819.714641971783,1768.201901896958,-5.017552229018148,138.54857090378283,4.0379376220198715,98.53587540256704,3.494061621900772,50.79362562004858
filtered_RN181281_segment_1.wav,PSW,1932,1993,0.005532879818594104,5091.630923904017,1103.1351971458225,-30.268334238331207,137.76112115910152,-1.4793566368883133,35.24945082023553,4.661750453011562,44.66353884955748
filtered_RN181281_segment_1.wav,PSW,7461,7533,0.006530612244897959,927.6496513986189,1352.5856743207037,-97.812642937307,426.3729286786454,-12.376966922906371,138.5413766183733,2.9301867104662804,33.45462006839374
filtered_RN181281_segment_1.wav,Fibrillation,16524,16615,0.008253968253968255,-480.40074279173547,1527.8942765250595,87.21844723889686,717.1808568260099,-13.967611225072076,114.3406687523593,-2.891161202086736,64.02022667074354
filtered_RN181281_segment_1.wav,Fibrillation,12026,12109,0.007528344671201814,-740.047864679602,1590.85336437488,50.44729442718682,460.25653268411014,15.68041553540771,240.22851312355724,1.1681788959051949,64.92614827223252
filtered_RN181281_segment_1.wav,PSW,15931,16045,0.010340136054421769,-575.6974400738541,1466.9371012605934,41.210470901752736,350.7149178132948,-7.237730240666553,123.85286960876786,-3.643089903378451,86.70232348317363
filtered_RN181281_segment_1.wav,PSW,14722,14832,0.009977324263038548,445.4919984028984,811.3311283074984,1.0948828008025948,105.05969841474683,-1.299951609717679,117.79191154484536,2.4361554620431916,43.10568915677586
filtered_RN181281_segment_1.wav,PSW,20443,20507,0.005804988662131519,-267.75823856059503,1206.0290711575506,9.393410408594903,121.28479721828772,-7.437668364383132,83.8452782139765,-3.17106887826212,50.09812050360422
filtered_RN181281_segment_1.wav,PSW,20507,20612,0.009523809523809525,361.3343707623951,2010.208139067046,-36.88866319795835,293.22341022526535,5.53534084721246,101.49017435837065,-2.5009673874254474,44.91397544315923
filtered_RN181281_segment_1.wav,Fibrillation,19697,19771,0.006712018140589569,-1160.3516276201547,1555.984065605339,-160.89631143182262,641.9378956010551,-4.635334736254081,115.2866523900882,-4.10286098310353,50.47647535466822
filtered_RN181281_segment_1.wav,PSW,23772,23827,0.004988662131519274,-364.2586512116442,1138.6681969224796,16.953294176866194,87.38692395863093,-0.5537489254573892,33.64028159492561,0.0,0.0
filtered_RN181281_segment_1.wav,PSW,23827,23932,0.009523809523809525,1451.9611150014468,1556.4942797496776,-31.98633992378572,162.5101096984179,10.612465607984467,98.36744123995835,-6.107944298539257,57.08353717655397
filtered_RN181281_segment_1.wav,Fibrillation,23531,23608,0.006984126984126984,-789.6873596646368,1454.3816496754941,4.285003148230855,768.1858410222409,20.288810149900105,329.0648320033277,-1.935103404801075,59.314836806233615
filtered_RN181281_segment_1.wav,PSW,23593,23670,0.006984126984126984,-1436.4147322862784,2022.1130242480103,-41.360110950893855,382.1706927263001,0.5195850413310975,110.3115702651637,-2.6829075723480975,59.49689401334814
filtered_RN181281_segment_1.wav,PSW,24721,24786,0.0058956916099773245,-724.534948938507,1291.0008025974548,62.07244253958947,123.26153235311672,10.520974250569134,94.51065076523322,6.413057794561457,64.66466910270222
filtered_RN181281_segment_1.wav,PSW,24786,24870,0.007619047619047619,-446.65585723652913,2088.024030681484,84.98712721993651,732.3267121120775,-3.0781114633742277,193.4687380148285,8.620186750926335,72.63570272289671
filtered_RN181281_segment_1.wav,Fibrillation,28490,28574,0.007619047619047619,-1328.2232512839512,1227.9299434793963,128.06201483143462,641.0811772811626,2.24901456945732,190.6745852497174,-4.923689321014291,108.56296064016891
filtered_RN181281_segment_1.wav,Fibrillation,24783,24851,0.006167800453514739,-731.8551467304403,2075.312033822846,-103.47622425023594,905.0191582665847,32.12442106318106,289.2845413538394,-6.2506260697521725,77.8560837789385
filtered_RN181281_segment_1.wav,Fibrillation,27135,27185,0.0045351473922902496,206.8564599931588,1352.7097125296566,-4.52037753576278,442.9154961858419,14.870137676621058,128.3698276838504,0.0,0.0
filtered_RN181281_segment_1.wav,PSW,26861,27012,0.013696145124716553,-1892.848161784939,1636.3623328320846,-1.0282041386903833,190.01555014513622,27.717448486175595,156.28982303335525,12.797265943609723,90.32333387782855
filtered_RN181281_segment_1.wav,PSW,27169,27250,0.007346938775510204,611.8760797852624,2768.0576048342205,-42.239292739013635,290.09324906770263,8.6674907182839,75.94262436514475,8.471221617090976,59.30986968338221
filtered_RN181281_segment_1.wav,PSW,24438,24533,0.008616780045351474,194.76917119979868,418.7000145561986,-24.906249488934233,104.18279788247685,5.827634347333525,75.29030892039803,-2.9820019392188586,53.33055579282308
filtered_RN181281_segment_1.wav,Fibrillation,31835,31926,0.008253968253968255,-405.8302744450773,1483.056087099644,-123.83173100661516,660.2098236887524,5.585534498781526,248.13554727630188,-0.5525418233981954,63.73723403024378
filtered_RN181281_segment_1.wav,PSW,31893,31985,0.008344671201814058,-958.6877752364578,640.4399665707843,-60.78582607958168,172.80429565039634,-21.91516853006546,62.989287194129304,6.623772506166904,40.405970579868054
filtered_RN181281_segment_1.wav,Fibrillation,35711,35788,0.006984126984126984,-775.8255461290561,1557.966293510619,-135.48080015187028,609.9921411881768,-39.038641757991705,74.89175989268763,-7.614507771024146,55.84609291261455
filtered_RN181281_segment_1.wav,PSW,36725,36794,0.006258503401360544,-592.9483901668355,948.6760400915871,20.676340018677823,321.3881821110367,9.550449259647252,126.71481430889237,2.8135550867170203,52.143409707746194
filtered_RN181281_segment_1.wav,PSW,36658,36730,0.006530612244897959,-294.3783821506901,749.0664202818256,66.44331561517369,229.53175474646403,15.863258458629534,87.3925241673367,3.504661184561827,48.15789497048134
filtered_RN181281_segment_1.wav,Fibrillation,39556,39608,0.00471655328798186,-1219.8570007960323,1520.5935832294258,17.679502341242056,332.8821702646644,4.0393561227202595,109.91144103668985,0.0,0.0
filtered_RN181281_segment_1.wav,Fibrillation,40876,40962,0.007800453514739229,-1238.9172384675553,1431.6258140258678,-52.16369470167756,825.8304273777201,16.843963951336864,322.42089748033266,14.230286788485767,89.38959343293371
filtered_RN181281_segment_1.wav,Fibrillation,50331,50418,0.007891156462585034,-1542.6826142626983,1308.5978194547924,-106.08413591912696,639.2515974962566,-6.918993685199433,105.23494476571933,-16.783414189972287,56.05708157109571
filtered_RN181281_segment_1.wav,PSW,50384,50473,0.008072562358276645,-1258.8958237901732,880.7977286642919,-74.95359890309219,384.07800588398527,10.857488675590044,152.6390501785365,1.0185819503632203,58.77858460830805
filtered_RN181281_segment_1.wav,PSW,48337,48428,0.008253968253968255,-1642.8887994709937,812.3167674396776,35.311762589621026,70.4405796465634,-13.303262407554469,77.62807620622966,-6.896467744655169,52.292245986388735
filtered_RN181281_segment_1.wav,PSW,12732,12832,0.009070294784580499,325.10294365414757,1096.879389438126,-19.38432352877204,277.3411206743359,-5.355043989364641,139.26243883707966,-0.3940419184906913,53.60947981065117
filtered_RN181281_segment_1.wav,PSW,37653,37723,0.006349206349206349,-1189.1743815957068,999.6015285450088,-40.337809548869494,171.0599201861338,-15.03946123757484,84.29074736050566,-1.9108507461619193,52.67477509250507
filtered_RN181281_segment_1.wav,PSW,37570,37649,0.007165532879818594,-949.2138567540374,625.511797174877,28.66796066111776,142.5201692782177,23.754902236097745,87.2096373311038,3.232880440282513,69.97718809134163
filtered_LI0605645_segment_4.wav,PSW,367,595,0.020680272108843538,16334.071373195922,847.1193651270896,15.507849881038322,128.00949739534568,16.336062197325756,71.88471721350244,-1.5395799273971849,54.62371324475139
filtered_LI0605645_segment_4.wav,Fibrillation,812,967,0.014058956916099773,17643.691755850476,534.8881971273219,58.89016855270867,322.96534104944976,108.89031378250215,525.395089796,-33.724842388410025,185.7736040080264
filtered_LI0605645_segment_4.wav,Fibrillation,6415,6560,0.013151927437641724,1288.7470497953807,450.2431060909146,99.14438796059719,528.442773707889,-82.11383156896368,471.68725510399025,-71.42397285823834,507.31299517296924
filtered_LI0605645_segment_4.wav,Fibrillation,13659,13820,0.014603174603174604,-423.4504575208621,599.7481171823125,-122.22084707668137,382.85211284265523,-5.632774657575079,226.85740009881428,-3.0515579278138443,456.2676580380357
filtered_LI0605645_segment_4.wav,Fibrillation,11884,12014,0.011791383219954649,590.6948530934417,624.052723182866,-158.6270833881601,448.0123877506824,-114.02569121589491,503.94140404870296,29.301349090731694,306.66674373281705
filtered_LI0605645_segment_4.wav,Fibrillation,10042,10255,0.019319727891156463,20.439442233335143,664.8860174340434,-80.40129706375136,261.7204346009428,85.60356682531311,482.8390268847419,-33.2189745234032,322.53955430496967
filtered_LI0605645_segment_4.wav,Fibrillation,8252,8418,0.015056689342403628,479.58176631112485,536.7625338227006,128.65017556660572,534.5044600948775,-118.56010452272106,547.8635411817829,-12.307054371225208,226.90724664131866
filtered_LI0605645_segment_4.wav,Fibrillation,2731,2861,0.011791383219954649,6835.082980586694,1041.2570966838275,-108.10936606811664,451.477731971215,-99.31663343356931,387.1409321148106,22.91220707486438,270.56789450499855
filtered_LI0605645_segment_4.wav,Fibrillation,4610,4749,0.012607709750566893,2644.007890024198,342.46486415751065,-14.84218650002409,269.95956492679375,107.43917856358469,497.2104539403903,66.852833447202,450.93732435405695
filtered_LI0605645_segment_4.wav,PSW,1567,1743,0.01596371882086168,12525.938552069569,1130.5093764675507,25.675825647069136,136.77306892493846,-1.511177606742384,100.10732836618737,-5.431852614220908,59.26493736520047
filtered_LI0605645_segment_4.wav,PSW,2581,2726,0.013151927437641724,7004.018627677216,737.5099055171163,14.831852404883811,184.83953811416217,-2.9116523169283255,69.80268283909535,0.4813081372808335,48.24913903083577
filtered_LI0605645_segment_4.wav,PSW,2788,2902,0.010340136054421769,7823.874326102815,1523.083071461169,2.7600051481365018,334.79138461779183,-40.31581733407409,187.90272843885643,-2.0104952949472414,102.10178840631501
filtered_LI0605645_segment_4.wav,PSW,4025,4159,0.012154195011337868,3988.9108089713327,864.9388992170343,-39.444420095857716,259.88418103141896,9.029000373617645,75.20880646911426,-1.7044780893906828,57.23641227456654
filtered_LI0605645_segment_4.wav,PSW,4159,4304,0.013151927437641724,4530.953388803613,767.6998720501056,22.706782485492422,110.83534433603086,7.318225265830449,110.8062933299067,-15.319377422981104,71.47457536931957
filtered_LI0605645_segment_4.wav,PSW,5282,5448,0.015056689342403628,3099.5708333858097,1744.0422449201706,16.716834746603503,264.5305543957102,-8.587302277982467,125.43050854688718,-1.7991927045724758,53.32393527524764
filtered_LI0605645_segment_4.wav,PSW,5763,5986,0.020226757369614514,2098.997227904876,986.0467317044431,-9.09341348957846,120.30118595233031,-1.5997306399518887,58.183898375743915,-5.089198625740904,49.612200821012266
filtered_LI0605645_segment_4.wav,PSW,6560,6741,0.016417233560090703,1018.3888060726242,695.8726276626358,21.75134325702132,118.43746688550917,1.2907704764947145,76.24337937785809,8.67712873342519,57.3959259969541
filtered_LI0605645_segment_4.wav,PSW,7388,7590,0.01832199546485261,1713.5314497694,1177.4208715480793,-5.783222028757319,126.94255130040679,-2.1327316429707803,84.64160833149639,4.601696191176772,63.497460265817516
filtered_LI0605645_segment_4.wav,PSW,7869,8097,0.020680272108843538,1187.0302287072334,896.9998148600923,11.300908744561914,182.87497784038158,13.8796457351124,97.31489851646585,-2.249169442899696,51.25065764110638
filtered_LI0605645_segment_4.wav,PSW,8842,8992,0.013605442176870748,232.380809695772,700.7506202719353,9.769454090158034,91.71877290672242,6.263794657419093,71.04482356007406,-9.714248017590474,51.20679190899249
filtered_LI0605645_segment_4.wav,PSW,8402,8583,0.016417233560090703,1001.045789673914,507.4168672498944,-7.034016148032487,250.75558280197737,-29.923797804222396,87.72006082488724,-7.545457898674804,89.39785470203333
filtered_LI0605645_segment_4.wav,PSW,9240,9447,0.018775510204081632,640.600116739675,992.9444964183173,-2.339794071848273,139.0222284673864,-0.3622565806211995,84.65039033279537,8.842763986565375,53.686297869246864
filtered_LI0605645_segment_4.wav,PSW,10327,10503,0.01596371882086168,1473.2730903689321,414.9851648396779,2.5924244242702033,96.48441556396108,-7.790004468646826,67.94599380143413,-6.3282245978600455,54.52186644575993
filtered_LI0605645_segment_4.wav,PSW,11057,11176,0.010793650793650795,77.65478021280812,358.77384671066466,13.904008088253999,76.19377827263615,18.949278333296792,61.37344606231464,7.026943076631161,50.23170186850123
filtered_LI0605645_segment_4.wav,PSW,11176,11357,0.016417233560090703,152.91029391578942,712.3317575223153,8.120923058330327,175.19929495189433,-24.007331003273162,111.97830847940179,3.504693222254805,82.84555939196233
filtered_LI0605645_segment_4.wav,PSW,11802,11926,0.011247165532879818,357.80731724875386,711.2688126270571,24.260092872613637,107.80449250666614,-30.041170642846037,60.93462384473055,11.787785663702358,51.877935417706205
filtered_LI0605645_segment_4.wav,PSW,13235,13400,0.014965986394557823,279.4087494070012,626.1402978235348,-14.64103825504835,80.27005701941599,-5.488025777275774,71.04412265864016,3.9772222175759078,46.46912614317363
filtered_LI0605645_segment_4.wav,Fibrillation,17266,17412,0.013242630385487529,-66.97641321586133,926.1033238178592,-76.33893687751217,330.3987687694766,23.790976847767197,359.33271256293335,15.87453547494648,437.55036455255015
filtered_LI0605645_segment_4.wav,Fibrillation,15441,15609,0.015238095238095238,-540.921040819465,485.0737647878905,-98.9020257454161,329.7811500189678,82.92833490587807,456.28934355086506,-56.31718183836673,440.13401941223873
filtered_LI0605645_segment_4.wav,PSW,16230,16394,0.014875283446712018,-21.19592709540001,770.7806099396923,-15.753876095235544,87.04682531607955,-6.877890647569055,59.4118423553973,5.061912545611615,66.00351510749252
filtered_LI0605645_segment_4.wav,PSW,17759,17882,0.011156462585034013,65.86452667062876,730.461057672969,11.966850446167358,79.50277596878024,1.9409728286510617,56.916141039190975,4.468210220239608,47.56065144292304
filtered_LI0605645_segment_4.wav,Fibrillation,19093,19213,0.010884353741496598,-681.0240250174757,531.2374209630625,-139.8558291306039,376.322573884503,-36.38710146519278,217.90500547106382,34.56459417892323,442.8884148825873
filtered_LI0605645_segment_4.wav,Fibrillation,20824,20961,0.012426303854875283,-3672.6082956510877,627.9852373649526,115.60409528009626,487.28572706358125,8.629240401870339,250.83233981084592,1.7494869037317886,404.52255254986517
filtered_LI0605645_segment_4.wav,PSW,17051,17171,0.010884353741496598,-656.5750684256216,438.9025181824061,-28.648709925577073,158.25590246495497,-6.395810085928343,62.15886282969473,5.607486566893519,50.51075966641684
filtered_LI0605645_segment_4.wav,PSW,19306,19417,0.010068027210884354,-275.10564645262735,933.9840922940831,-14.32880712607594,61.774028810426216,1.6863102954061664,45.51569323453428,9.653944536901298,43.99687084590328
filtered_LI0605645_segment_4.wav,Fibrillation,22625,22755,0.011791383219954649,283.9947721963891,495.85930422180775,-145.13260409246598,439.718431031369,-130.12175346876717,480.98394578446533,-8.195100132530525,218.496202012775
filtered_LI0605645_segment_4.wav,PSW,22397,22550,0.013877551020408163,-177.84178167390996,763.3448498030891,-4.054891974791687,93.98553480659488,3.6220852562925767,50.894122346143284,2.2595127277503417,34.92889461673739
filtered_LI0605645_segment_4.wav,PSW,23904,24029,0.011337868480725623,-464.66370951026977,677.9696484554595,2.3124366032726473,69.37349010724397,0.2235198643922519,64.27945118857693,0.47957079771297334,53.4726813264748
filtered_LI0605645_segment_4.wav,Fibrillation,24411,24563,0.013786848072562358,-737.9275335850971,343.5432909031142,117.25594201178043,512.7072731342151,-64.22018716676467,248.49380497548583,39.75924663115375,406.00596604078856
filtered_LI0605645_segment_4.wav,Fibrillation,26200,26305,0.009523809523809525,-900.1489542358582,543.6114607497277,117.4643737537421,554.0067171785699,-57.97964306187025,331.5962001433897,-17.062952026635397,111.38015512441964
filtered_LI0605645_segment_4.wav,Fibrillation,27963,28142,0.016235827664399093,-1541.2182009736605,403.9611326286888,-99.97149767081714,283.2528621379107,83.91387853687242,462.9083941172012,-44.746876624405786,334.8324593428548
filtered_LI0605645_segment_4.wav,PSW,28373,28515,0.012879818594104309,-802.470152461982,1164.9138584317557,-7.076036403410706,111.11689125297148,-1.1285985970136097,61.986968159786784,-5.766910107412796,53.56475578722333
filtered_LI0605645_segment_4.wav,PSW,24911,25069,0.014331065759637189,23.327094291444936,746.57679619922,-3.419437382601806,42.733461100246075,4.163602640196088,58.01024669441373,9.695494072880496,54.90981662616397
filtered_LI0605645_segment_4.wav,PSW,25426,25568,0.012879818594104309,-885.9961508666363,529.3523038920657,2.513760284909646,92.04986782508394,9.545564753819615,59.71037587932709,0.9985357246277587,47.73440166091239
filtered_LI0605645_segment_4.wav,PSW,26784,26889,0.009523809523809525,-436.19404675316486,728.53760659102,2.0276269222823076,67.07687549846302,5.135817875037978,46.91036690960361,6.513176303069371,42.346037848077344
filtered_LI0605645_segment_4.wav,Fibrillation,29717,29845,0.011609977324263039,-798.241482042759,1306.5996310716118,-34.47903118049298,286.16687718190417,29.74720554272644,370.8373770512616,26.866119527919853,417.1184158164586
filtered_LI0605645_segment_4.wav,Fibrillation,31472,31628,0.014149659863945578,-837.2701635874481,549.0947209625156,-51.71199730957551,247.708489526301,-2.0821176368749805,306.8591754703542,1.1355716297274006,338.0236427799541
filtered_LI0605645_segment_4.wav,PSW,31658,31824,0.015056689342403628,-928.4551410308027,959.2778748643275,14.30182856468025,104.81799260093952,7.1186104683263505,92.93525784228761,0.47311057595458705,53.05827170208076
filtered_LI0605645_segment_4.wav,Fibrillation,33238,33339,0.009160997732426304,-1142.9787505308318,713.0300648739844,7.982983487880678,240.48129141309934,27.133511166115213,420.60607438414013,-15.3069037269355,184.72375528646242
filtered_LI0605645_segment_4.wav,Fibrillation,34956,35082,0.011428571428571429,-1339.2815977894345,723.1340740471933,-28.802915274394547,543.8632857996403,-116.37078373592843,308.5458090628303,41.73928402916312,420.51780490295454
filtered_LI0605645_segment_4.wav,PSW,35308,35423,0.010430839002267574,-1196.4353959127136,776.546529512445,-8.414665960112496,112.71703958534933,9.588943283753007,54.21924892915847,6.6013416578118775,64.16051798222053
filtered_LI0605645_segment_4.wav,PSW,33623,33729,0.009614512471655328,-748.0833228495154,572.0079358751816,-12.952424032771967,79.989335314511,4.188234920070123,47.35145202262138,-4.377883307466274,35.111782239589516
filtered_LI0605645_segment_4.wav,PSW,38788,38864,0.006893424036281179,-884.1834241768919,657.2920216640679,5.172516218874294,97.83036614344132,8.461719800565572,52.49950716882591,-4.437402035214428,31.32933448887302
filtered_LI0605645_segment_4.wav,Fibrillation,36683,36809,0.011428571428571429,-2040.9353782793949,558.2702899422369,-36.45473673352364,258.8987690211364,98.20002084271702,508.4478023557068,48.66455227634227,400.30563454922486
filtered_LI0605645_segment_4.wav,Fibrillation,38392,38513,0.010975056689342403,-1882.7858140052583,513.9880161910046,-125.60330032161387,392.21696256772896,-113.67812550911209,431.23949938990773,-24.737258656766755,232.5594526462247
filtered_LI0605645_segment_4.wav,PSW,37109,37245,0.012335600907029478,-1200.8230432225635,776.0188389952092,-5.312977259182946,81.14560632213251,12.749419100398368,42.153730706599745,-10.536600003436352,54.561310939296085
filtered_LI0605645_segment_4.wav,PSW,38142,38282,0.012698412698412698,-1962.993503190787,715.201893981307,11.781960585869529,125.71414054148786,-9.994658121058839,114.32678993524537,-5.903377591182318,60.982072780957
filtered_LI0605645_segment_4.wav,PSW,41345,41500,0.014058956916099773,-1328.2527578681184,615.2893868986768,-16.831188777671194,63.00756548084585,0.4004163634719805,68.37212759929938,-12.732849432151996,54.56959440522095
filtered_LI0605645_segment_4.wav,PSW,42076,42169,0.008435374149659863,-1250.7555981861383,581.1004105783904,6.452431529590708,44.47188107194021,-3.995345419030635,49.94661225069098,1.337809436589566,39.29465465391539
filtered_LI0605645_segment_4.wav,Fibrillation,40068,40238,0.015419501133786848,-1585.5358903428505,570.9116496377396,-103.10663919424614,341.0354143542904,-47.253190095517475,195.55434108112183,19.55006418147052,334.4867699655704
filtered_LI0605645_segment_4.wav,Fibrillation,41762,41886,0.011247165532879818,-1691.5828093733596,351.46416350263326,-32.17338397460396,391.87040238732516,49.07414624234484,336.6049460130416,-43.74741419597563,347.21018985603877
filtered_LI0605645_segment_4.wav,Fibrillation,43482,43606,0.011247165532879818,-1327.4025024041591,441.8317130420081,86.23742076645303,443.26867191857554,-83.8489118572695,411.0322389986074,-38.23543809302967,370.58414227702815
filtered_LI0605645_segment_4.wav,PSW,43673,43781,0.009795918367346938,-1211.557222010149,553.6226865833819,-26.99503932048624,206.26508222269268,1.7829629155958426,107.64284793512762,9.442694646387093,53.66469835072682
filtered_LI0605645_segment_4.wav,Fibrillation,45153,45254,0.009160997732426304,-949.5526593012631,684.1301293471524,-72.33705573947499,343.7987492228026,31.618338875567478,406.52657446699845,-14.541813698995684,130.37427939200683
filtered_LI0605645_segment_4.wav,Fibrillation,46834,46956,0.011065759637188208,-1337.082001529277,697.7834026147895,-64.32901539115737,316.0064803333071,-6.294516329876317,307.439174495299,-19.79354934523646,354.88048963500535
filtered_LI0605645_segment_4.wav,Fibrillation,48486,48597,0.010068027210884354,-1691.6356159805296,696.2228689534368,-114.0492838346294,365.8513379052942,51.747526830364755,410.3665529564274,-6.435488657393868,90.73635091909074
filtered_LI0605645_segment_4.wav,PSW,48016,48102,0.007800453514739229,-1459.8311004886527,413.4844932906173,17.15234601150191,92.3833364672,-1.0013875400881571,63.91779382061619,-1.8745977713159363,26.422899866492962
filtered_LI0605645_segment_4.wav,PSW,45271,45384,0.010249433106575964,-2203.8054173172573,1447.1146408147197,37.62472888026632,116.03636567542496,12.975730942831627,128.50977793068267,7.825428571407475,104.12728996113286
filtered_LI0605645_segment_4.wav,Fibrillation,50116,50218,0.00925170068027211,-1251.3237494406303,481.7484006287439,-1.5269171770467567,207.9518323320241,1.3326704502276348,403.8055149725582,22.87709457022172,216.77604810271342
filtered_LI0605645_segment_4.wav,PSW,50272,50383,0.010068027210884354,-1268.7879135341595,376.39143571239094,18.085711783013615,61.51623627007012,12.469273261099529,71.21712778850981,-2.8742625884554034,38.65883492197425
filtered_LI0605645_segment_4.wav,Fibrillation,51782,51861,0.007165532879818594,-1450.868660987239,701.772276277833,138.08304844548877,537.4906688075041,61.15868765527175,375.5652815253625,2.669507834035636,72.19468941581137
filtered_LI0605645_segment_4.wav,PSW,52352,52455,0.009342403628117914,-1423.692578413654,564.1026058763312,33.470001219764455,288.24888765926926,-25.44922268956878,76.50841742300186,0.5575009275559809,40.6873006395935
filtered_LI0605645_segment_4.wav,PSW,51707,51810,0.009342403628117914,-1379.7093187640194,588.7284661881885,4.687388142431562,66.205854526868,13.129868250788475,61.085831197650165,0.30530450148406235,29.519554896335894
filtered_LI0605645_segment_4.wav,Fibrillation,53402,53473,0.006439909297052154,-2189.522678942988,591.3323908028016,27.495514444388295,351.06661809834634,-44.26347301881085,438.7133253173464,15.435852458108014,142.3743156879096
filtered_LI0605645_segment_4.wav,PSW,53440,53516,0.006893424036281179,-2164.1577594428672,1134.2012805063102,66.5771476214094,667.3093032060418,95.19237342085444,441.75432932263243,7.606544353889025,135.81553012691236
filtered_LI0605645_segment_2.wav,PSW,296,491,0.017687074829931974,26811.1112028802,2604.107567779098,-45.785146841159836,476.6961841241575,-6.191930312165552,241.40753003354442,-4.184990152457162,70.87365399694518
filtered_LI0605645_segment_2.wav,PSW,712,878,0.015056689342403628,26693.312260538485,2010.9845754389005,-106.26063095171831,684.941744550398,23.539593493831227,115.74066785817236,2.951839603353864,68.8118463739547
filtered_LI0605645_segment_2.wav,PSW,918,1092,0.01578231292517007,23976.0927275581,2707.686644021943,-59.713612093267606,622.475916550818,-7.709997337715506,283.6573772424737,3.3988819987310372,87.22196206160659
filtered_LI0605645_segment_2.wav,Fibrillation,549,665,0.01052154195011338,27002.598729000645,875.520174617106,-264.446316021482,685.8312078406515,-4.00924526690862,265.8074598660694,4.330247015744844,86.54703285238554
filtered_LI0605645_segment_2.wav,PSW,1146,1331,0.016780045351473923,24252.337358681558,3075.4062324951237,62.98246448225599,559.149842796037,15.742658816565209,181.5981046775493,6.568721715894544,79.81862568674919
filtered_LI0605645_segment_2.wav,PSW,2094,2242,0.013424036281179138,6708.080831159071,2003.430054393899,2.2675557426862136,279.4667982570341,-26.272603253338104,211.12093021595618,14.13451443601305,74.44363028544397
filtered_LI0605645_segment_2.wav,PSW,2387,2474,0.007891156462585034,4241.6941277094065,999.6617969554815,-26.073929956008737,133.20017649833648,-4.806795482114985,75.04327327980221,5.028238293784006,32.884174084268
filtered_LI0605645_segment_2.wav,PSW,2474,2582,0.009795918367346938,2834.754827397833,1368.6546051431505,8.091612737032321,277.668258853518,22.220426174142627,102.70075891760595,0.541355087356706,40.24518693123156
filtered_LI0605645_segment_2.wav,PSW,2600,2730,0.011791383219954649,5220.442709446518,3012.1549214398187,-128.9046093504655,828.0981030976716,31.599842337802805,635.615019795399,4.15829436950741,188.11894203216883
filtered_LI0605645_segment_2.wav,PSW,3060,3226,0.015056689342403628,4234.0682792984635,1927.8050235435528,-11.705845738786056,365.3132103878188,2.8611876793104156,199.48746285027843,7.807087467612225,75.30502271832535
filtered_LI0605645_segment_2.wav,PSW,3226,3378,0.013786848072562358,4657.218546064376,3099.3907283557846,-64.9395975533836,839.0931274020784,-16.527274084893293,408.5780514380395,6.767334538879868,75.68380710175863
filtered_LI0605645_segment_2.wav,PSW,3505,3704,0.01804988662131519,2891.1985375086388,1554.34845383471,-26.684619487350375,389.8320935389425,7.5187758142589,102.47677329486275,0.2603691754194278,55.87446913443706
filtered_LI0605645_segment_2.wav,PSW,4025,4156,0.011882086167800454,-1184.871108802361,1709.4570305618618,-71.33689364085664,509.94814886035846,19.93472454109864,128.80082883154034,-10.729140936582105,76.50255952600158
filtered_LI0605645_segment_2.wav,PSW,4156,4282,0.011428571428571429,-654.3804053348952,1399.3006533022135,-67.17426501528391,640.4660362832708,-12.780599163603172,264.3370643143014,-5.4663108527664175,104.01610475278952
filtered_LI0605645_segment_2.wav,PSW,4282,4478,0.017777777777777778,1641.1201143903797,2962.4865391051444,-13.997611220552708,608.8524319037349,-4.241275032590937,340.63895830571187,-5.497321967397931,79.75050837023214
filtered_LI0605645_segment_2.wav,PSW,4991,5230,0.021678004535147392,-1184.1800929243454,4124.224150030874,-84.46438417539414,666.4349293721938,54.801060567615195,443.56743115379106,15.957175197339438,105.26835780238521
filtered_LI0605645_segment_2.wav,PSW,4709,4875,0.015056689342403628,-802.9716567314911,1306.4301951683688,-29.25585190762549,329.02656760317785,6.501992274701195,76.43373005280625,9.017990836132048,65.07686399636846
filtered_LI0605645_segment_2.wav,PSW,3758,3870,0.010158730158730159,1791.635730436751,783.3939967098275,-5.330563746241172,146.1537300661581,-9.904333323081058,105.38954053766464,-4.363576204388935,59.26958307721689
filtered_LI0605645_segment_2.wav,Fibrillation,5009,5114,0.009523809523809525,-2638.795734879082,3251.18270867108,36.077198857585394,622.4972144606508,-17.454804762158485,181.9060871143324,7.960192055105054,39.29248449446544
filtered_LI0605645_segment_2.wav,Fibrillation,7292,7447,0.014058956916099773,-1434.2652489100738,457.69169151171,-25.228834592190765,422.83116812615197,78.32778123369451,660.2284952114929,-5.310588158951232,166.04517273456187
filtered_LI0605645_segment_2.wav,PSW,7491,7686,0.017687074829931974,-1622.2491672322706,4143.300125034073,85.99805158067228,678.8317408531836,7.096397564805094,334.4748829046687,-3.2422279992540273,70.35586561218265
filtered_LI0605645_segment_2.wav,PSW,7125,7288,0.014784580498866213,-3736.162117887757,1677.6097730132633,27.197444906364936,308.34051677232895,7.865441846693003,88.96002156780587,-6.1026870696929025,66.43553245347638
filtered_LI0605645_segment_2.wav,PSW,5339,5563,0.020317460317460317,1512.7003100522982,2657.7927907678973,-129.40944069039068,1003.135242819736,9.37343333942548,128.39865578792313,6.4115421159888335,77.22167049978988
filtered_LI0605645_segment_2.wav,PSW,5838,5964,0.011428571428571429,-3801.5459562040946,2045.1831647034815,-82.136206795175,579.6759298930909,10.255185107269622,241.97664035819687,7.4787750549516705,80.28760956182524
filtered_LI0605645_segment_2.wav,PSW,5964,6076,0.010158730158730159,-3342.251705374395,2126.3665122695047,4.2222611056316754,742.6443510988097,-32.40062486445587,424.7900322146513,-0.7188126156810815,97.29029032756156
filtered_LI0605645_segment_2.wav,PSW,6076,6232,0.014149659863945578,-247.55882896363028,2018.755579991252,-15.11743131111046,247.71872975861595,-5.703066766545203,113.6335639174745,7.273770692806,67.93589756177924
filtered_LI0605645_segment_2.wav,PSW,7719,7874,0.014058956916099773,1375.7809671595714,2133.0076666923806,148.35596838945366,474.717247220228,37.76158779960875,142.49523025906177,0.5402976545496688,70.83942289025772
filtered_LI0605645_segment_2.wav,PSW,8149,8348,0.01804988662131519,-3358.4375384933423,910.9210198844635,-7.33443706341622,325.3948416410754,0.27013071395928895,99.11484422709077,9.765437871639254,58.884096678391614
filtered_LI0605645_segment_2.wav,PSW,8482,8637,0.014058956916099773,-2536.265751764709,1446.9746542317318,12.76105685288983,225.52461546407483,-9.608254656176374,88.08800789594069,1.9651478769748196,57.51102338761285
filtered_LI0605645_segment_2.wav,PSW,8742,8797,0.004988662131519274,-1805.5902284342126,492.10250009649155,15.886727840968875,64.81081367739844,-2.219010208002976,52.78593610230533,0.0,0.0
filtered_LI0605645_segment_2.wav,PSW,8825,8901,0.006893424036281179,-3016.920831469765,360.88001893549614,-6.233384207387553,109.8031142170715,2.2744576403098242,85.2080168595493,-0.7758101912066678,40.877204900502086
filtered_LI0605645_segment_2.wav,PSW,9166,9278,0.010158730158730159,-4283.56559471415,2604.409728191403,-80.23912923983923,621.9035515224749,-3.521397764886161,192.40894976089214,-12.07397900248776,84.75739572934877
filtered_LI0605645_segment_2.wav,PSW,9455,9603,0.013424036281179138,-4062.3449380386037,2451.8030858911397,-37.1462000057599,597.5518301257408,-37.74528447953799,404.2230126927382,8.347095863203547,94.04922867213133
filtered_LI0605645_segment_2.wav,PSW,9676,9882,0.01868480725623583,150.57848030487168,3346.8051644669495,40.07323963733421,1026.507810922572,58.26452332293443,481.064678821034,-7.514579382150558,80.94268977379973
filtered_LI0605645_segment_2.wav,PSW,10432,10482,0.0045351473922902496,-64.80216255612737,280.3585651271989,-9.883091449393314,41.495755914152994,-9.372504328393319,39.3892282132902,0.0,0.0
filtered_HC280963_segment_2.wav,PSW,0,99,0.008979591836734694,7318.492589405545,587.5987500797911,-4.393933978983981,53.22905043225929,-5.091362177938422,39.282103103942454,-0.607613240065433,31.75218884874027
filtered_HC280963_segment_2.wav,PSW,99,222,0.011156462585034013,11423.052313875201,1051.0560316572517,30.769910710778877,276.72029105852675,-12.06166932212282,147.91906402338816,2.2607919001213173,59.908207619907195
filtered_HC280963_segment_2.wav,PSW,237,380,0.012970521541950114,11465.328719915287,645.1343327796843,39.87263282679478,312.5377520232229,-13.249087977094947,115.32724738869753,-2.698646737101911,52.0012871208211
filtered_HC280963_segment_2.wav,PSW,1396,1558,0.014693877551020407,6868.259478508187,2244.0227095027144,-40.108803182628264,719.0085846200748,-15.95591420443135,440.26397656006844,-5.4667964367525,67.2565035572671
filtered_HC280963_segment_2.wav,PSW,1721,1887,0.015056689342403628,5284.911182395679,1587.0766652109392,45.8787953656229,395.5510053138963,5.255347895101968,135.41977585761117,6.859724646136784,65.45614157601509
filtered_HC280963_segment_2.wav,PSW,2593,2685,0.008344671201814058,959.6396363422087,1029.9010091123005,-1.6963561454536744,108.64027733038454,2.6392217957094672,49.00726131489816,-3.994108551248521,38.011214951559545
filtered_HC280963_segment_2.wav,PSW,2685,2792,0.009705215419501133,711.8483669512406,685.4272988662268,23.834061744026894,105.53682305269106,-1.7776255392744567,72.22323875038028,-1.11184077861846,36.5474352427079
filtered_HC280963_segment_2.wav,PSW,2831,2915,0.007619047619047619,1400.2750304764131,587.8089210423885,6.507617406918012,74.73141181184273,1.9346272994587184,43.30606756248431,6.038495004995798,29.625392357495663
filtered_HC280963_segment_2.wav,PSW,2998,3145,0.013333333333333334,311.534669214701,1896.7978359708097,95.61204651204062,380.3015719210664,16.092825152033402,93.67782777715242,5.371947227763347,55.6877693368393
filtered_HC280963_segment_2.wav,PSW,3212,3299,0.007891156462585034,1335.621482357448,672.010582652428,-6.802890919012348,138.20240824675548,-7.344836802568944,68.02743578268164,-1.3639108569683918,27.267529076056046
filtered_HC280963_segment_2.wav,PSW,3363,3478,0.010430839002267574,1141.5202237557746,270.84074048525486,-6.106777941992916,152.20085176653944,-11.211783514268344,57.97324058163283,1.870006107450834,46.36594006050345
filtered_HC280963_segment_2.wav,PSW,3581,3728,0.013333333333333334,562.6716164940245,1035.2835234590764,8.540234462275873,331.9338514087098,-15.170066477829307,134.59898514511573,-1.3495516187348473,52.554634821454066
filtered_HC280963_segment_2.wav,PSW,3890,4029,0.012607709750566893,-754.7785711399255,2875.269172749323,-281.38336532334847,1496.0246648916066,28.44244932462834,350.7145901728088,4.965684950515948,106.80183967153137
filtered_HC280963_segment_2.wav,PSW,4319,4418,0.008979591836734694,-1735.1921389080455,1219.4819539884295,-30.3615093246954,275.70223208776974,7.896015015475346,81.77261274901731,1.1701525902342267,28.69795096710603
filtered_HC280963_segment_2.wav,PSW,4866,5013,0.013333333333333334,-1077.1868831353652,3073.5369698323743,-230.08021187909156,1597.6777748680433,47.254793673318,199.58334067722996,12.663696358396594,102.78826410894817
filtered_HC280963_segment_2.wav,PSW,5346,5473,0.011519274376417234,-259.6942110574704,883.8128034572683,-8.853246773479457,184.69271007541116,-11.50483993183156,91.66002699837735,-6.077942896582385,65.49824685259162
filtered_HC280963_segment_2.wav,PSW,5604,5707,0.009342403628117914,-1353.3867322770063,793.6916874542593,28.707713361827427,78.95387111144025,-1.9666418520158222,50.212983317974704,-3.243947368520994,26.78981788625646
filtered_HC280963_segment_2.wav,PSW,6282,6409,0.011519274376417234,-5436.208927156348,4113.330824815698,186.02044260854447,1092.2454890236736,-20.185698283689874,532.6934831168627,1.9034626437581124,119.20377086096782
filtered_HC280963_segment_2.wav,PSW,6754,6881,0.011519274376417234,-5899.698328473767,2000.1984064672893,-27.151051960533543,317.72257451108055,-10.77952402871602,217.42816255077173,-6.16114793713347,42.9583077635243
filtered_HC280963_segment_2.wav,PSW,6905,6976,0.006439909297052154,-3105.741954541925,344.66133870780385,-13.955799666161287,127.25321192955342,-4.00848398663379,57.911830023278945,1.2956270289219551,36.275725074078466
filtered_HC280963_segment_2.wav,PSW,6976,7063,0.007891156462585034,-3319.5083375085756,804.4052422616161,-14.088113897826766,140.68766965657497,4.8200416172924685,47.5655007287066,4.557529151674518,35.49982395354849
filtered_HC280963_segment_2.wav,PSW,8011,8106,0.008616780045351474,-5558.540218772157,838.0043182995568,-20.783232014000244,166.74195002836285,-7.635785082678821,107.85438633890236,-4.265740045001637,22.590632876667513
filtered_HC280963_segment_2.wav,PSW,8447,8574,0.011519274376417234,-7278.413365997547,569.5056085945494,30.353162451304296,165.01927188318137,-1.9439009085741419,88.88130763975586,6.485987256986947,58.382105566268784
filtered_HC280963_segment_2.wav,PSW,8626,8784,0.014331065759637189,-6641.221811109229,3098.607535831839,-167.6232564115157,1324.2627385964972,0.8099781842662611,446.305543435464,-10.704264067582416,99.80310802096905
filtered_HC280963_segment_2.wav,PSW,9098,9241,0.012970521541950114,-7399.543607202349,1414.5455739236716,-31.505262575291507,656.7071662300194,19.0298452026645,115.55706645120902,8.655804411917593,52.480216912006206
filtered_HC280963_segment_2.wav,PSW,9268,9371,0.009342403628117914,-4337.9649745668885,530.9793847885727,6.803491133271893,100.58672096742022,0.29196697736320737,47.02935790976161,4.267957385325311,30.020943493963326
filtered_HC280963_segment_2.wav,PSW,10200,10311,0.010068027210884354,-6203.065854221825,728.2791148534243,29.422214692360598,83.35025379746536,-1.9359556387457546,68.59863797421369,-1.0922856889810648,32.389029010022945
filtered_HC280963_segment_2.wav,PSW,10581,10712,0.011882086167800454,-9932.251900081774,1048.9773522299297,-16.48555074787271,248.60552426174212,0.08935493659471176,63.29870980025749,-1.710204067446106,53.59451193899074
filtered_HC280963_segment_2.wav,PSW,10859,11053,0.017596371882086168,-9458.59567444974,2640.7152595040866,141.06609284215403,588.4691355664528,12.370967446102464,146.69620673169615,0.0762257173954297,86.583440758948
filtered_HC280963_segment_2.wav,PSW,11208,11299,0.008253968253968255,-6463.196854025362,596.5590483394445,-21.835071226250278,119.08302898920788,5.169342825949307,61.65360075733673,-1.4507657939248277,33.93457577277764
filtered_HC280963_segment_2.wav,PSW,11382,11493,0.010068027210884354,-6014.779180754554,693.5785418221811,6.111577026367566,68.6103364955644,-4.047479428991494,51.356951767661535,-1.9484204538082048,32.697849862659865
filtered_HC280963_segment_2.wav,PSW,11466,11577,0.010068027210884354,-6453.183088974732,1055.5753306419429,6.056723098057185,145.81150938992593,3.3571569206515797,61.46474494889877,2.015925834643592,31.18844741481219
filtered_HC280963_segment_2.wav,Fibrillation,7388,7452,0.005804988662131519,-4390.386345832924,805.9845236118251,-48.70215833205625,511.64668882460404,25.003075299018604,240.98004077131066,-0.5129282324067521,52.23153846741943
filtered_HC280963_segment_2.wav,PSW,7432,7492,0.005442176870748299,-4702.65439301285,844.5563948448455,251.78487798194686,679.1003515660641,9.643808225016954,253.5247287756832,-1.088763165387381,55.62819657369738
filtered_HC280963_segment_2.wav,PSW,10363,10458,0.008616780045351474,-7056.702614458493,752.8482870753404,-20.291465585912064,62.783640034185936,14.274800091506028,70.34859506306692,1.297198817505164,31.18111726873208
filtered_HC280963_segment_2.wav,PSW,12191,12271,0.0072562358276643995,-6911.817485098876,595.0838674920127,4.248611591153626,70.84398368324503,5.299261885218705,63.930650418415084,-1.6709001585002259,28.12186493009256
filtered_HC280963_segment_2.wav,PSW,12267,12370,0.009342403628117914,-6534.871737546938,297.4197967681993,-15.528115159908724,74.47350299847419,4.223173768419228,36.30556579680645,2.200276194064278,35.623103312378035
filtered_HC280963_segment_2.wav,PSW,13029,13136,0.009705215419501133,-7528.652990871155,862.5455076747756,34.894600673749366,93.96506158862375,3.997349729699031,64.78572769718996,0.3502487071888442,34.395696331574364
filtered_HC280963_segment_2.wav,PSW,13136,13288,0.013786848072562358,-9458.012949047683,2753.733147424754,180.19299964492598,631.1598111506984,13.176853570619373,241.43302409002087,5.4978943263280655,88.4288551307899
filtered_HC280963_segment_2.wav,PSW,13372,13501,0.011700680272108844,-7224.093818092832,892.4254385542059,12.936375229664971,203.925492592926,18.740627455248347,106.76389917224783,12.226013664366265,57.96438140695361
filtered_HC280963_segment_2.wav,PSW,13597,13741,0.013061224489795919,-8137.3076082685275,543.5198780023883,-5.056865272119652,170.52299324426096,-1.926934792117894,146.03889780597288,2.00619150520811,46.577601839245254
filtered_HC280963_segment_2.wav,PSW,13722,13848,0.011428571428571429,-9170.636376143473,1643.779356959795,-114.08009898244966,652.5840029300671,26.423441783488204,100.70875457230254,-3.526080897333899,51.71165084413469
filtered_HC280963_segment_2.wav,PSW,13901,13985,0.007619047619047619,-6659.719238860398,483.70867948463916,-11.834894389673643,198.02661430913247,-3.6292935235763073,63.39982289215706,-5.374395158818907,40.3580501885429
filtered_HC280963_segment_2.wav,PSW,14339,14522,0.016598639455782313,-8907.443358841761,888.5265351761304,5.400392663180859,115.0972132002894,-8.646600955278249,111.34599634468493,3.571134071783529,83.08555845400227
filtered_HC280963_segment_2.wav,PSW,15352,15501,0.013514739229024943,-12055.210203300758,2754.8220757705103,-18.099874247729407,842.698746377199,-23.16626812774359,408.4340807018625,16.184870623178604,92.62063586171281
filtered_HC280963_segment_2.wav,PSW,15569,15649,0.0072562358276643995,-6508.3522988288605,502.3409212518309,0.12761672232406163,84.7046248731622,-4.854483453513616,28.87006744784858,3.3321306133869517,33.96920017054834
filtered_HC280963_segment_2.wav,PSW,15649,15763,0.010340136054421769,-8789.902412523947,741.3838483703224,-5.272210311750246,218.5055602375282,4.5105720819257415,93.73508469648344,11.544615281987621,47.73091787987259
filtered_HC280963_segment_2.wav,PSW,15763,15904,0.012789115646258504,-8754.651296884898,572.7356744194402,22.99614661430119,263.8271547438768,-12.292318743091835,135.1247595733237,-14.747578102853447,53.5492873358587
filtered_HC280963_segment_2.wav,PSW,15950,16102,0.013786848072562358,-10141.660429273148,1170.2748940606052,71.67123070024707,303.1359681505277,11.443861459132776,100.92386122288087,-3.4021584497609116,64.59175226321646
filtered_HC280963_segment_2.wav,PSW,16518,16609,0.008253968253968255,-9226.296269950288,1146.990258994601,-5.734662966938557,120.71102153643113,13.479733919727119,38.34693730220577,1.948093587893562,33.1248536359851
filtered_HC280963_segment_2.wav,PSW,20326,20470,0.013061224489795919,-10445.717946440767,1122.828880748902,31.330026184997713,228.85102230489204,-21.205669778239734,164.04952079028172,0.21791638602576383,59.85137012328822
filtered_HC280963_segment_2.wav,PSW,20509,20665,0.014149659863945578,-8970.009349760803,612.2273513025366,-16.922378338727974,199.74650817766135,3.0533976109261745,60.77765634507068,6.778512215020218,51.439767266878675
filtered_HC280963_segment_2.wav,PSW,20676,20794,0.01070294784580499,-8845.572433229472,752.7620183278774,-36.14800106872782,243.46570217982924,-17.12792316378385,113.05538770563183,4.195431910910768,51.610512496605715
filtered_HC280963_segment_2.wav,PSW,20802,20886,0.007619047619047619,-5912.093892121251,322.33066845574507,-22.010482044532395,80.88230502740365,8.22310169948278,43.836466064945704,0.6166633670792508,39.47857772295813
filtered_HC280963_segment_2.wav,PSW,21575,21758,0.016598639455782313,-7463.425345969629,747.4970005971521,25.342135291533793,270.94512461886626,-3.282307853971088,112.37053416283057,1.3888778370350146,55.124088786811605
filtered_HC280963_segment_2.wav,PSW,21819,21960,0.012789115646258504,-9897.40810956798,2342.8347981374172,-53.73966047826738,786.1233990556372,-15.919439947035851,248.19416293685595,-2.3748025264321293,60.43921131209262
filtered_HC280963_segment_2.wav,PSW,21960,22093,0.012063492063492064,-8782.972614932929,873.2861806687646,-37.16777944800209,301.9736307239162,10.68496936185237,104.25661668435121,6.5097321278630575,51.19231481833852
filtered_HC280963_segment_2.wav,PSW,19545,19640,0.008616780045351474,-7486.519138711725,904.8645057594165,4.8752079601478,98.21521152443209,-1.6347689063419113,76.40847595577458,2.328843484460719,31.601383707477677
filtered_HC280963_segment_2.wav,PSW,19633,19735,0.00925170068027211,-6751.739782408344,2066.0394991748544,-9.78332850278956,175.12344213273005,8.071674647415872,95.03003460403447,1.7851535393833102,36.83976977456332
filtered_HC280963_segment_2.wav,PSW,19720,19857,0.012426303854875283,-7588.641892665321,2285.670675077266,-73.03536989431826,788.5504927893584,-11.755505765746738,273.06900841616897,4.472390159154715,63.64941147879622
filtered_HC280963_segment_2.wav,PSW,19941,20033,0.008344671201814058,-6247.98132115573,804.0289552543894,-12.958773512927797,139.3044887614426,-10.399065246863909,69.6028200338316,1.0214918922342617,29.5417512153167
filtered_HC280963_segment_2.wav,PSW,19065,19164,0.008979591836734694,-7875.807325526095,928.444920047976,9.199469802945599,79.95119971633684,-9.605528207507689,79.75229748029939,-3.5379066000461346,35.67422862654035
filtered_HC280963_segment_2.wav,PSW,17885,17968,0.007528344671201814,-6548.549362226218,1238.5025511491092,-13.68654091076243,172.18038874176557,-6.742056857388377,53.838972534857405,-2.508380486640413,29.10459376737348
filtered_HC280963_segment_2.wav,PSW,17470,17569,0.008979591836734694,-6578.51758070795,572.6007277369805,3.593701028962614,149.85290007282524,5.910000458797411,55.13788598467052,0.3818123916429573,35.17796646076656
filtered_HC280963_segment_2.wav,PSW,17569,17687,0.01070294784580499,-8918.83799151501,2659.3057409058447,162.61700730266205,551.054794568785,2.6321007035208646,145.11044238690098,3.1393487618697637,84.6674738898472
filtered_HC280963_segment_2.wav,PSW,18117,18186,0.006258503401360544,-5656.962377903718,572.5662981521687,-2.8635571466523118,99.73921265379487,9.17401150028721,34.72101841732632,-4.12768050685037,38.17952630607027
filtered_HC280963_segment_2.wav,PSW,18193,18319,0.011428571428571429,-7183.878202243231,1178.9572011089654,-88.59416808339684,632.5110181437531,16.34436180396609,90.97997530752833,-2.1194849672721507,56.973397101754564
filtered_HC280963_segment_2.wav,Fibrillation,18041,18132,0.008253968253968255,-5786.892803161689,681.4656137037429,69.36732109232912,647.1367275953884,14.200892387149244,109.52105418147917,-0.5670691041114774,37.605852539343225
filtered_HC280963_segment_2.wav,Fibrillation,18326,18441,0.010430839002267574,-6453.5319952387035,695.767664224013,-1.549482763147264,517.0705486532661,-26.943136238891714,238.107237589861,0.16610661405521843,164.51802341055742
filtered_HC280963_segment_2.wav,PSW,15162,15238,0.006893424036281179,-8318.381709076304,333.59957658266313,5.072947469805373,49.00802304253511,0.1887723581571071,50.48163086774945,6.318121397421886,27.20634211560339
filtered_HC280963_segment_2.wav,PSW,28122,28219,0.008798185941043084,-4665.953899949182,1844.6687052055443,10.770829180963496,136.57948524479906,-5.245890669680759,55.314349959032455,-2.1379249353320775,38.53346454332535
filtered_HC280963_segment_2.wav,PSW,27746,27836,0.00816326530612245,-4041.3104033602976,505.32962931236744,0.29458662137998376,48.79049722072257,0.5037925457761278,32.558488016841544,-0.1640927073889705,32.16673698735597
filtered_HC280963_segment_2.wav,PSW,27836,27922,0.007800453514739229,-4228.972064651554,498.02632404931774,-17.163306564763737,148.29361379562008,-1.4559263562450302,51.96640788031836,-0.37670531303088856,42.392965332347195
filtered_HC280963_segment_2.wav,PSW,27922,28031,0.009886621315192743,-3765.310688703698,321.5814041604257,16.11679188728502,83.45000380027918,-8.434194585925464,57.146824660016186,-0.6626297530848536,37.97905663556575
filtered_HC280963_segment_2.wav,PSW,28516,28685,0.015328798185941043,-6227.9800243938635,1117.549782759652,36.25017163274083,142.5279136098255,-6.595057326581178,103.76167119062971,-4.887805199915338,46.86179711904171
filtered_HC280963_segment_2.wav,PSW,28798,28877,0.007165532879818594,-4565.900732371982,671.2702562936037,8.227007032429794,62.474193164991185,5.214542843907923,60.75630634411333,1.9344622411877446,29.17871928405813
filtered_HC280963_segment_2.wav,PSW,28877,28945,0.006167800453514739,-4496.67111238101,1078.3167552429545,10.905314784993132,96.08922758759849,8.539148303368526,45.141716761324815,2.922822578078276,40.60906246719092
filtered_HC280963_segment_2.wav,PSW,28945,29024,0.007165532879818594,-3667.2640885392,773.0069016658989,-4.86913744522726,105.4972817311189,-7.853737520942399,57.01332170809705,-2.3672376229214476,33.35034667416951
filtered_HC280963_segment_2.wav,PSW,23965,24052,0.007891156462585034,-9046.119448577672,2465.005796384682,7.825133590289703,138.71381363015598,4.71352753892928,53.32380371727359,4.752460992477278,33.142072144632294
filtered_HC280963_segment_2.wav,PSW,24052,24164,0.010158730158730159,-10031.926778575831,686.7407362739751,-54.117774571841245,414.40775092168127,14.431106606398007,40.77027559916058,0.7060505108651689,61.42643950521068
filtered_HC280963_segment_2.wav,PSW,23386,23518,0.01197278911564626,-10107.019568051603,1027.1525422922805,36.62897922122818,179.14019896053568,6.79557489838032,114.86916107937054,8.616477843397774,47.97813640504172
filtered_HC280963_segment_2.wav,PSW,23518,23661,0.012970521541950114,-10807.937718715733,923.1780582376285,50.67298102003167,159.89873044552468,-3.868120531240938,92.41702416398367,-6.06956475552425,47.60204274450456
filtered_HC280963_segment_2.wav,PSW,22537,22616,0.007165532879818594,-8970.803159954321,980.7997397197026,-1.61545112397841,300.331630774549,9.023311685060397,75.2970494944849,5.623215908420715,32.12033620508752
filtered_HC280963_segment_2.wav,PSW,22616,22736,0.010884353741496598,-10675.952796970509,1105.6052154689178,38.29251470592898,135.68758491670408,10.95547781151583,63.64378772437038,-5.176169105217957,55.593190748909436
filtered_HC280963_segment_2.wav,PSW,22947,23082,0.012244897959183673,-8850.722620109585,491.1845763972357,-11.544389241678767,161.70740509108998,-5.258919113923168,56.14436085950323,-0.5100522609965626,44.50535132432072
filtered_HC280963_segment_2.wav,PSW,26780,26878,0.008888888888888889,-3029.7348729649084,910.7706378605565,18.885463773385876,128.82915912320442,-6.790051499299229,60.785898306940695,-0.9438299821212545,32.47950079950477
filtered_HC280963_segment_2.wav,PSW,26502,26607,0.009523809523809525,-3829.8235188277067,742.6727338602215,-25.141808170210215,118.83889069881823,10.411798315914009,74.02753001335913,3.6552331053110305,29.93354541071096
filtered_HC280963_segment_2.wav,PSW,26325,26415,0.00816326530612245,-3126.568539817358,471.5951481254925,-19.981984978442455,104.63836284425284,9.669890582799622,59.44009043808179,-2.1459870881189813,33.16609620850235
filtered_HC280963_segment_2.wav,PSW,26137,26216,0.007165532879818594,-3619.854377853185,700.397497445424,4.544375705875101,116.68018096918333,-6.797163150051163,57.11380105016364,1.1725490092586037,34.477647528741805
filtered_HC280963_segment_2.wav,PSW,26036,26145,0.009886621315192743,-5341.785809240504,1844.9572191004113,-23.12930684814137,190.0551788700511,14.242589522313613,78.07845462600609,3.5779180589653317,34.193291554472246
filtered_HC280963_segment_2.wav,PSW,25897,26006,0.009886621315192743,-5174.956012162784,590.5626136491519,23.484671244539634,89.85413877457948,5.6578489023990075,65.21174358052768,-0.12134953181946014,32.57817121570471
filtered_HC280963_segment_2.wav,PSW,25562,25701,0.012607709750566893,-7771.114872611411,983.5937026612426,-2.9244036670567892,383.1824678328516,0.03984389129458683,135.98557801066352,0.17859785562038794,56.568733260232015
filtered_HC280963_segment_2.wav,PSW,25314,25423,0.009886621315192743,-6551.4539670229515,382.8670183073121,13.807195342986649,76.80949012099458,13.079952561042345,63.05716187970164,6.013245204652384,31.03663980594473
filtered_HC280963_segment_2.wav,PSW,24634,24796,0.014693877551020407,-8989.440457761024,1195.8729009522017,39.93041835149058,195.5649270746335,5.280295372424468,163.05441500591544,-13.997323480041489,69.24772591847436
filtered_HC280963_segment_2.wav,PSW,29719,29847,0.011609977324263039,-5092.801211814539,915.7452520503517,7.402048342091553,218.01402040244176,-6.349435208376057,89.36052861430666,-14.503495671307375,58.177353939069576
filtered_HC280963_segment_2.wav,PSW,29907,29974,0.006077097505668934,-2170.564462981031,602.672259484961,30.328281355482044,183.9658547289718,5.67643114641933,124.47515903692457,5.383055716858225,34.978566648718385
filtered_HC280963_segment_2.wav,PSW,34847,34965,0.01070294784580499,-4310.836599616681,1271.3591409324288,42.35700278080645,372.85542662074135,4.659113722369832,124.19526971978753,-9.877069659245532,61.30513561946706
filtered_HC280963_segment_2.wav,PSW,35050,35221,0.015510204081632653,-3616.9327585905885,1028.254269913308,-13.160402011593208,182.2990777397926,-8.140635879480756,206.6357415089918,-4.420527290789736,58.45090553702209
filtered_HC280963_segment_2.wav,PSW,35335,35465,0.011791383219954649,-3672.756798294243,734.4476251062504,40.02395823777682,174.60295117434563,13.266899730517066,126.3729795274476,-0.8341147319187083,52.06337684573534
filtered_HC280963_segment_2.wav,PSW,35672,35776,0.00943310657596372,-3092.55352000377,633.6976870107767,-8.83687653514605,183.79431641292862,-1.2190434512045927,72.84783268617652,2.0943125528974824,38.99245139087966
filtered_HC280963_segment_2.wav,PSW,35787,35876,0.008072562358276645,-2918.32024081738,494.03949587010686,-3.9131183666613643,82.37118860181639,-1.5200094028493891,49.31783097995933,-4.1953836546037975,34.21924657184251
filtered_HC280963_segment_2.wav,PSW,35883,35983,0.009070294784580499,-3194.1638307405624,787.9853828444294,-41.417681771758296,158.54209600763625,-1.344443378764464,108.17316314173526,4.45507433935171,33.83689670487971
filtered_HC280963_segment_2.wav,PSW,36009,36135,0.011428571428571429,-5329.17006758341,617.9210564843836,7.908463006412821,173.5287069213524,-16.50284187927786,115.60012347525507,-4.482811846522784,59.58012127493058
filtered_HC280963_segment_2.wav,PSW,36205,36279,0.006712018140589569,-4091.2409486638135,2136.422349682122,-2.5385245758657105,109.89417109935181,-9.218996181698603,75.69573023474729,-2.8923853414658076,36.996797232309575
filtered_HC280963_segment_2.wav,PSW,30159,30300,0.012789115646258504,-3040.3427334351218,1839.8153352795748,-65.12185419451242,803.6549092215777,-18.81128456051005,288.21162454028797,-4.43618524888285,72.04546570091568
filtered_HC280963_segment_2.wav,PSW,34055,34185,0.011791383219954649,-5034.492821447269,879.8778035290255,78.14711685872119,225.87710514960045,1.3325851705743177,35.08806420585132,5.3410646012747565,53.217685992039804
filtered_HC280963_segment_2.wav,PSW,34185,34303,0.01070294784580499,-5217.488337652549,2497.953676653954,131.74950195738418,426.92296525602234,-2.7000346326036415,195.7017874197069,10.9438604939677,53.08412606066813
filtered_HC280963_segment_2.wav,PSW,34303,34455,0.013786848072562358,-2318.5072644317797,995.4236444891513,26.645600838528644,169.16087316755147,-0.8128468858269255,101.2917484768225,-2.4249868409380353,54.87103751825178
filtered_HC280963_segment_2.wav,PSW,33689,33796,0.009705215419501133,-4221.481900419317,579.4059973081501,-9.619560489113422,123.51693170212073,-0.49408869361008856,50.40980606645749,-1.8154153682757617,37.34258977272946
filtered_HC280963_segment_2.wav,PSW,33471,33619,0.013424036281179138,-6301.466185541313,712.6041661794595,25.939753576124065,161.48973915769946,-1.8083958690120205,89.55556250302435,-5.158567058220434,54.770592098738035
filtered_HC280963_segment_2.wav,PSW,32975,33123,0.013424036281179138,-7543.2218271906895,1379.8841557613637,65.02183370486745,427.9064024014252,-7.990244501615905,182.48071587850606,2.8430521514238105,68.06468493526788
filtered_HC280963_segment_2.wav,PSW,33175,33293,0.01070294784580499,-6419.597884926153,418.4474268114372,-5.340707845828224,162.07466154355234,8.194342362073646,61.37037591421936,12.827804352109029,56.4119939464575
filtered_HC280963_segment_2.wav,PSW,32449,32560,0.010068027210884354,-2568.9928576443317,674.493069835308,-4.175151245531088,79.70251838299407,5.546331768882338,45.19109194379282,0.8127404394931883,37.02187034723399
filtered_HC280963_segment_2.wav,PSW,32165,32301,0.012335600907029478,-3670.2410269282605,2180.346456676174,-105.15463475038878,886.9724526219239,19.21930423674723,91.91305260898278,-0.42991857989264903,55.95177194808239
filtered_HC280963_segment_2.wav,PSW,31306,31402,0.008707482993197279,-4584.4403986524885,727.8033394074602,-12.629748767463298,131.98232426511512,-10.791341526582684,87.95596699979635,3.101775990432128,27.2633014199589
filtered_HC280963_segment_2.wav,PSW,31436,31536,0.009070294784580499,-4735.860152266399,954.8913456606783,23.19510796087588,108.98306437167206,-11.029225609437493,63.04543279625629,-2.117854331664331,32.476760979991845
filtered_HC280963_segment_2.wav,PSW,31628,31746,0.01070294784580499,-4530.904738291187,688.4744865944743,19.96913628061266,190.71340807927538,-4.670287192328186,89.7589562757278,0.19568838072192687,56.48955813980987
filtered_HC280963_segment_2.wav,PSW,30921,31043,0.011065759637188208,-6512.644378096671,1199.0958967664087,-85.72736337938159,693.071117405074,18.481965525090022,96.53303692819128,3.0275136551144826,59.77269882833737
filtered_HC280963_segment_2.wav,Fibrillation,31510,31635,0.011337868480725623,-6268.465102411361,1645.6963656985495,48.54904684333297,417.4833144261837,16.827584162368783,393.97294012110774,3.1469871027859315,192.90314177854341
filtered_HC280963_segment_2.wav,PSW,36120,36223,0.009342403628117914,-3456.027438307706,429.3180291117006,5.2432974701637844,104.72092083472901,-1.2120386389472906,55.87836751725828,-2.314806781286807,37.99710798596316
filtered_LI0605645_segment_3.wav,PSW,535,647,0.010158730158730159,3129.018778406783,2109.7543334974926,57.89128417213216,253.15836068528228,-9.588620073062094,91.52867861121501,4.12990782076706,56.14383550787175
filtered_LI0605645_segment_3.wav,PSW,703,885,0.01650793650793651,3211.5245977585982,5462.3050060045925,117.63519034854785,473.4050924090547,19.723876872079234,97.46151107087944,-5.021295792187215,76.65340740965875
filtered_LI0605645_segment_3.wav,PSW,1041,1201,0.014512471655328799,6135.315876068187,4391.846310167374,-289.79192546004987,741.4401658553096,90.14870957250916,741.7370210846723,-21.435885332430626,599.0256986279716
filtered_LI0605645_segment_3.wav,PSW,1917,2177,0.023582766439909298,-1534.059046113144,8695.275860956252,-23.68524139734974,582.197312520803,-10.946746144145157,178.37703725740016,0.09534181353156929,96.40896736888075
filtered_LI0605645_segment_3.wav,PSW,2499,2596,0.008798185941043084,1273.470725851765,999.7686331444775,-115.53067139650209,605.4196512130248,18.145614612224563,694.969446181961,-14.903845083095861,159.29894363652843
filtered_LI0605645_segment_3.wav,PSW,2637,2721,0.007619047619047619,-1222.2161896037544,2662.4762227828764,1.0139832544481138,201.7818800141915,-0.7890614132296665,84.64136238612167,1.9716705075000325,28.174261117388415
filtered_LI0605645_segment_3.wav,PSW,3178,3375,0.01786848072562358,-2680.1754639558294,5276.321139602502,44.642980915379425,475.73000712735876,26.33659531286162,413.24257188470835,0.06309717495490633,72.89659824173677
filtered_LI0605645_segment_3.wav,PSW,3022,3231,0.018956916099773242,-447.22635555148975,1734.7297910456666,-12.678052481268415,101.48449548886522,-10.030650663489673,61.92950843480931,-1.4844936612670647,51.99959512526725
filtered_LI0605645_segment_3.wav,PSW,3404,3532,0.011609977324263039,6225.073164160543,1584.4418474311728,-58.28433571090305,479.4344266406861,-7.229104799213085,97.94573825261766,-15.583732353684223,55.20664180014467
filtered_LI0605645_segment_3.wav,PSW,3879,3992,0.010249433106575964,394.8586620567416,977.6515485421372,92.99958981374667,349.27028623048744,193.15869210451183,1055.442642966428,19.44508537094289,422.989194091677
filtered_LI0605645_segment_3.wav,PSW,4048,4114,0.00598639455782313,-553.4311258107258,628.1574686443026,-10.664929222340552,90.0047417182487,1.37400097881744,48.60819835516477,-6.873157312941835,34.31287017999685
filtered_LI0605645_segment_3.wav,PSW,4267,4408,0.012789115646258504,-1981.4933923056892,3011.5514321027067,-36.909637159182,701.7772047001258,-1.1464534886229758,275.2059453525292,15.787619283782977,50.144915280899895
filtered_LI0605645_segment_3.wav,Fibrillation,4095,4170,0.006802721088435374,-282.64044336625017,1048.1469867729381,-119.54277982488716,494.7029024109568,15.341055471732028,256.7575233089502,9.005679411969298,83.66385493797367
filtered_LI0605645_segment_3.wav,Fibrillation,3898,3973,0.006802721088435374,-153.56910038417783,1081.5938061504123,-291.6940501767935,1071.656985214189,4.99366114137391,202.70463617995762,6.982021601851974,127.24861659677195
filtered_LI0605645_segment_3.wav,Fibrillation,2502,2587,0.007709750566893424,1121.9908406435375,629.1896753353126,283.7651355406023,1251.8452683186597,23.88664521939676,421.65632461784696,17.67667572939376,145.48673408066668
filtered_LI0605645_segment_3.wav,Fibrillation,2715,2753,0.0034467120181405895,6.224781449169419,1196.0735947608428,-17.607271226521803,332.57976487723295,0.2165958520249602,78.12838898763424,0.0,0.0
filtered_LI0605645_segment_3.wav,Fibrillation,1326,1423,0.008798185941043084,2972.227529953147,1135.9867677755994,-127.034396548464,454.3098599173422,-21.250396605062402,115.32727394741991,-4.967913165863067,52.31993549053946
filtered_LI0605645_segment_3.wav,PSW,1445,1567,0.011065759637188208,1418.488237321648,1072.6938100813138,3.5041324632116093,153.6372096322731,9.358749041620992,43.047888640094186,-11.394229424207545,51.390173375010924
filtered_LI0605645_segment_3.wav,PSW,5662,5813,0.013696145124716553,-1876.7092911519758,3269.326990624962,67.4168309031976,259.64194254495044,-9.789769491331079,121.73902658890407,13.078590459970018,73.4513650518946
filtered_LI0605645_segment_3.wav,PSW,5813,5997,0.016689342403628116,-1698.895008236402,6375.240085393489,-90.01899384998809,986.6421306080558,29.728073228563616,264.2230867067041,-3.261223588241137,75.52224174229636
filtered_LI0605645_segment_3.wav,PSW,6019,6169,0.013605442176870748,6621.432663003051,2596.404495700352,121.65008745284338,595.6615224369023,-5.7011921509526,202.732399157587,-0.22543987821079303,109.99511437803362
filtered_LI0605645_segment_3.wav,PSW,7127,7299,0.015600907029478459,-5619.704741917655,5963.789218690853,137.31527112071439,501.3846319040491,11.465922328516138,286.5183499946423,1.3583157266130381,108.6175691222091
filtered_LI0605645_segment_3.wav,PSW,8435,8641,0.01868480725623583,-2721.631673030493,6575.934066346518,130.9121313000932,648.8282066333494,31.443918454510225,178.93397521439954,1.761655061565793,57.08680285259558
filtered_LI0605645_segment_3.wav,Fibrillation,6770,6873,0.009342403628117914,244.07176646286467,1553.5866391562276,-82.53471316846921,401.6204155213868,12.89779834324177,394.3803900816299,-3.036823225604527,61.11898688446482
filtered_LI0605645_segment_3.wav,Fibrillation,6873,7005,0.01197278911564626,-1195.950472762334,796.2371900257239,-215.28546691582986,667.3444073279838,-86.87368685743168,489.1765227967124,-6.836638518880728,207.8172731691176
filtered_LI0605645_segment_3.wav,Fibrillation,8306,8413,0.009705215419501133,-902.6896071053161,1148.5695747720838,123.32703937191253,903.5840848879907,-6.669385411045186,121.47773955796282,1.019545311317893,59.15946555536182
filtered_LI0605645_segment_3.wav,Fibrillation,7693,7828,0.012244897959183673,1985.0895890121371,907.5183138884978,49.149164634700874,432.65001088918183,13.361219309459631,403.3484900537355,-8.20535649897762,129.29224638245412
filtered_LI0605645_segment_3.wav,Fibrillation,5350,5459,0.009886621315192743,-53.76727417519709,615.0227882347026,163.90086456262793,1006.5810159148209,23.192466784110525,170.8015104368957,-5.285461787162017,70.32438391479651
filtered_LI0605645_segment_3.wav,Fibrillation,5475,5537,0.005623582766439909,-1295.482275003074,4060.94670886186,123.3676516959857,915.8807880233247,-34.747369635573264,634.2655624566029,7.82483120430886,91.12581606647642
filtered_LI0605645_segment_3.wav,PSW,8732,8904,0.015600907029478459,6400.2751759786115,2857.480235509926,19.38543535056132,214.85732266760178,46.56732668102695,212.0052776405189,-1.0859587515070628,68.00731436146782
filtered_LI0605645_segment_3.wav,PSW,6426,6573,0.013333333333333334,-312.7548703349263,1292.6264351576976,20.021111552998015,171.11989812683095,-16.962435159769665,74.57432438296384,13.307372320723662,65.71127064894758
filtered_LI0605645_segment_3.wav,PSW,5509,5603,0.008526077097505668,-695.0400523242395,2975.6465736414343,-305.56559041331514,1227.280579710143,23.499132166568423,187.57661720468042,7.175069810303836,151.90442027179947
filtered_LI0605645_segment_3.wav,PSW,4516,4747,0.02095238095238095,563.1016833183699,7537.063694644701,-110.88406363840852,1117.4017475425549,35.82208470034635,235.83808818486776,-10.967810445330947,83.48347358430696
filtered_LI0605645_segment_3.wav,PSW,4854,5050,0.017777777777777778,4213.961479458785,2462.2780749737385,26.30517475400605,254.38067903880375,7.3737881135158565,68.77310672059511,-6.6366255377819705,55.59334510047526
filtered_LI0605645_segment_3.wav,PSW,8157,8281,0.011247165532879818,-1250.081269659616,998.1226696816116,-4.768987677440895,148.05381581539564,0.3469981668401379,107.30956067873859,6.964104274432856,56.44978162493111
filtered_LI0605645_segment_3.wav,PSW,9467,9703,0.02140589569160998,-2631.080639514047,2946.357502191667,-68.15025218318823,615.7487673264991,4.196429709905936,99.34061976301726,2.0573804317605764,59.4276945403209
filtered_LI0605645_segment_3.wav,PSW,9784,9923,0.012607709750566893,-4410.325194275029,5881.707877802487,-142.60653925923552,1263.7296535958733,6.850934269471263,270.48711035132663,2.0493600136147636,116.68765196335353
filtered_LI0605645_segment_3.wav,PSW,11138,11316,0.01614512471655329,-3951.165839384465,8560.002702960897,174.56006001113425,897.0293177107183,-20.894870983567916,480.15051783657,-23.065224743696866,140.66918989039326
filtered_LI0605645_segment_3.wav,Fibrillation,11106,11199,0.008435374149659863,-8272.302487146106,4126.549211492661,81.12561227573852,893.3036000132608,0.46575114624584046,280.91175482486904,1.160911503430536,82.41930135976473
filtered_LI0605645_segment_3.wav,Fibrillation,9688,9767,0.007165532879818594,-388.8579238975284,796.3491119310139,22.633283265271384,629.4054887516317,2.09586012993276,355.9805420127728,6.61959929041415,83.91401555675927
filtered_LI0605645_segment_3.wav,Fibrillation,9884,9995,0.010068027210884354,-796.4303036318422,3346.360295767093,-141.075328625027,690.9143879025333,4.566929890180901,189.7553634779751,-0.46597742065474185,68.93780688606928
filtered_LI0605645_segment_3.wav,Fibrillation,12007,12118,0.010068027210884354,-964.9586061699271,944.297267705688,-47.306760408333986,290.0449303550365,6.81368530445955,107.0267703173308,-1.2979545551494114,38.79288264482314
filtered_LI0605645_segment_3.wav,PSW,12477,12613,0.012335600907029478,-7816.44763955303,5894.728740953631,-360.5149758843353,1832.2215899841497,19.85402576881013,504.0561993163219,16.48124911806067,336.91591491256753
filtered_LI0605645_segment_3.wav,PSW,12613,12809,0.017777777777777778,3679.8445336343043,4936.822154590269,21.471798050574357,197.51502893581207,11.006746958905982,75.347332215133,1.9864595319967147,64.64225354872339
filtered_LI0605645_segment_3.wav,PSW,13321,13641,0.029024943310657598,-2405.760347785585,2849.0518974801216,63.57155054166151,248.77006314593896,-0.9101479334531383,71.05937816221716,0.6366326495847127,58.91616514373577
filtered_LI0605645_segment_3.wav,PSW,13770,14043,0.024761904761904763,-3990.407760303868,7302.750628407423,-34.875990745857145,856.1511804173252,-36.82093421426074,360.9440475108951,2.0782265301420964,84.51411756079372
filtered_LI0605645_segment_3.wav,PSW,14941,15129,0.017052154195011337,-3639.0761794367563,2620.247462506704,10.776981828258045,340.00977768008096,7.880309207649732,95.39507588692557,2.4223957016852293,60.90387966295242
filtered_LI0605645_segment_3.wav,PSW,15151,15352,0.0182312925170068,-3637.344101409384,6307.800437092676,208.25275599378924,987.127730877637,-81.07416950326616,599.7056894163348,-9.638043296985721,134.4422789725092
filtered_LI0605645_segment_3.wav,PSW,16463,16694,0.02095238095238095,-6662.484514499679,8269.053204958233,69.17079679921164,627.1035783192688,-5.896100470670997,450.3470291949497,-0.9829081683899726,67.77456550580598
filtered_LI0605645_segment_3.wav,Fibrillation,16181,16339,0.014331065759637189,-2395.6176337716743,840.4768452180516,-113.4851625460334,471.49059697995006,-40.19048064476527,245.10514500977473,2.859344419972303,93.33275722615393
filtered_LI0605645_segment_3.wav,Fibrillation,16694,16831,0.012426303854875283,5758.525238805791,4465.7484849807515,218.2653355119836,866.7163529670224,-70.10192855654338,504.5736796310521,-8.78396991024617,155.3169788173841
filtered_LI0605645_segment_3.wav,PSW,7956,8088,0.01197278911564626,-771.4278926783888,769.0966193693016,3.2522882557949515,96.76109167681936,-17.312645309040523,80.02268005198492,17.66993735036102,57.557499345487585
filtered_LI0605645_segment_3.wav,PSW,12265,12406,0.012789115646258504,-4199.883214325335,1029.5516713947568,12.311778069366346,114.74358291464783,-19.370158568945616,80.69905174058319,1.148514523070503,53.49631449767173
filtered_LI0605645_segment_3.wav,PSW,17913,18139,0.020498866213151928,-2842.330816407781,8084.005808230849,-27.969982840512102,961.5593264469726,-17.59113035231834,414.91394757423006,4.273755366583766,79.52731630889721
filtered_LI0605645_segment_3.wav,PSW,18176,18332,0.014149659863945578,5625.820899142754,2708.177626373598,23.471296505765146,257.0740799371704,13.080188338784199,117.56963888064645,-11.76324075798473,74.07423917847234
filtered_LI0605645_segment_3.wav,PSW,18732,18911,0.016235827664399093,-4633.487793563378,1852.1321303752736,-60.08499381624597,563.5816414129124,-22.269888364402032,609.6723806009657,-7.355556702579856,209.32934987979547
filtered_LI0605645_segment_3.wav,PSW,17649,17776,0.011519274376417234,-3763.829330840363,761.0305883251397,-14.994269105291995,167.7675378146465,13.11453016912867,62.77287202615967,-0.3636238411816224,67.81339611637816
filtered_LI0605645_segment_3.wav,PSW,15978,16138,0.014512471655328799,-2676.1635017279377,1124.348553307314,12.388669292409585,94.89929402583752,-12.993433165139027,62.54019172589175,10.661990654823645,46.81490844488603
filtered_LI0605644_segment_1.wav,PSW,5831,5943,0.010158730158730159,-2169.1958633786594,3005.371008947217,15.000891971235202,401.1016436280058,13.119957121787797,333.14415609787005,-10.092411616668578,65.54447310955553
filtered_LI0605644_segment_1.wav,PSW,9971,10076,0.009523809523809525,-2063.42750216559,2235.9782302966546,0.8698246977902155,127.55876412099843,3.107874186535805,91.48895577817639,5.238140379913949,42.93967027972368
filtered_LI0605644_segment_1.wav,PSW,647,793,0.013242630385487529,-2054.0124591837807,4008.933805607792,-9.367300009911007,665.1932543631599,-12.34617733060704,345.5517266614163,-11.791603079838893,85.10015091389361
filtered_LI0605644_segment_1.wav,PSW,490,586,0.008707482993197279,2631.8233324010953,1287.9576544447423,27.44358962482048,194.29473799225332,-4.406895841025566,126.27386147187805,-4.308544105292318,44.19236547821479
filtered_LI0605644_segment_1.wav,PSW,160,241,0.007346938775510204,440.104703194953,2812.1092257896858,14.1387502297207,3633.995196527176,682.1797379010214,4700.54886478266,-85.6893376792018,420.69829452910835
filtered_LI0605644_segment_1.wav,PSW,305,377,0.006530612244897959,4378.716123193785,1717.4662131290447,417.5044685029566,1926.4153917292972,15.293251188129913,703.9991169753848,-0.08860041449682726,626.8702325713366
filtered_LI0605644_segment_1.wav,PSW,248,309,0.005532879818594104,2444.0421385941077,882.6093107733209,18.958279014535297,97.63731342504211,-19.69700147928019,74.78387038972444,7.291908790397498,53.1634863258496
filtered_LI0605644_segment_1.wav,PSW,3151,3297,0.013242630385487529,-3464.7232774067324,1997.3086608072324,-88.42436310722547,745.7892155664407,-17.79357877334285,240.23020619808818,-2.4528403709615016,97.88127956113975
filtered_LI0605644_segment_1.wav,PSW,3297,3425,0.011609977324263039,-494.26837221003296,1428.3937139778961,17.184216660208296,323.09801885503083,26.948871650496155,90.53126916223661,-14.110134960357186,74.78728799306575
filtered_LI0605644_segment_1.wav,PSW,3425,3556,0.011882086167800454,1278.1784000619239,1210.2070729357267,-3.0808543644152357,215.36835544844772,-12.545968995282434,104.9893340816778,-4.5365019446360515,65.60567754051003
filtered_LI0605644_segment_1.wav,PSW,4894,4972,0.007074829931972789,-219.1496250137831,741.092815495676,24.45248898582938,90.3840499692189,-41.92642293643994,84.34677687272622,-0.8703908219613317,53.27393132416151
filtered_LI0605644_segment_1.wav,PSW,4972,5033,0.005532879818594104,-523.2822883196112,390.2949826584309,8.777369472691245,119.15241901901989,-7.564414507993961,84.63204919147202,-0.20752498282013682,51.978746322602966
filtered_LI0605644_segment_1.wav,PSW,5033,5118,0.007709750566893424,-295.13314045747677,1146.528979648624,8.677833288263148,102.92770142673395,22.173959561702677,80.57550807074703,1.658678926034829,62.77380946523647
filtered_LI0605644_segment_1.wav,PSW,4506,4613,0.009705215419501133,-3402.701936127876,3093.0533658262234,0.4273259424766256,262.0973000282947,-16.878979849894943,162.7678621268135,-6.370797491981515,56.18971827818024
filtered_LI0605644_segment_1.wav,PSW,4421,4481,0.005442176870748299,-2667.0797751779583,671.7815419628861,7.776456643746007,105.01838580373689,-13.203984641572902,88.28253653174801,6.340951046382169,53.46170306907837
filtered_LI0605644_segment_1.wav,PSW,4481,4524,0.0039002267573696146,-2023.3841814925092,527.3227930985747,4.264298323701514,116.06870080446002,-3.0210571922760776,61.60944194207749,0.0,0.0
filtered_LI0605644_segment_1.wav,Fibrillation,4346,4417,0.006439909297052154,-1473.330603137959,624.568365912263,173.14318874024642,717.2732697527476,-4.8055898119178435,229.3677329190675,8.596650464733738,191.9341563721721
filtered_LI0605644_segment_1.wav,Fibrillation,1141,1202,0.005532879818594104,2963.724944347683,767.9757607984083,124.22582087161257,682.5308649477711,-29.8800829887772,343.8860605929062,-6.750092629024575,101.47933877520674
filtered_LI0605644_segment_1.wav,Fibrillation,2742,2795,0.004807256235827664,-907.7273545127794,952.7790289886707,22.116390676284684,310.5119042462967,11.627943287996576,220.74290900672884,0.0,0.0
filtered_LI0605644_segment_1.wav,PSW,2785,2824,0.0035374149659863946,-2112.2538620221194,596.8532743498363,13.643332461509573,154.70214916862005,-4.201522733901679,38.42510608658421,0.0,0.0
filtered_LI0605644_segment_1.wav,PSW,2824,2909,0.007709750566893424,-2698.0880562849807,1010.3148267398444,-14.734149055500458,89.97036927789384,-1.2159247643103053,96.35020662570304,4.092557228494758,64.21954621108509
filtered_LI0605644_segment_1.wav,PSW,3023,3080,0.0051700680272108845,-2149.975514564988,532.3623734651255,-42.89410818218512,227.3793695563827,-2.609337355300282,110.31765937262571,3.4241991591885186,49.365463687856106
filtered_LI0605644_segment_1.wav,PSW,2173,2272,0.008979591836734694,3852.620223328306,1380.2688309567504,-10.460777803107296,156.34439245423928,-7.441352082411692,88.20677776979717,5.086060159447414,52.79419863644766
filtered_LI0605644_segment_1.wav,PSW,2276,2379,0.009342403628117914,4928.729357387806,711.9331129623761,-11.88241877535756,79.10334546110477,3.4484956405638583,80.74303728739984,4.442747985869428,54.20251708220028
filtered_LI0605644_segment_1.wav,PSW,1714,1835,0.010975056689342403,-3717.8187466038567,1552.2364780688345,69.39735115784005,347.38205352135947,13.198976934722287,149.20046144696448,16.06997853762352,77.41974445651128
filtered_LI0605644_segment_1.wav,PSW,1835,1899,0.005804988662131519,-3365.6293600945164,1536.6355675063771,-35.90793689964589,167.61388262484348,9.771705694333686,67.11712125929594,-2.2837696974879664,52.206267925709774
filtered_LI0605644_segment_1.wav,PSW,1899,1981,0.007437641723356009,-1412.7050735883354,1913.8641353059338,33.636271247094356,340.57964073860325,14.260348782043234,147.3365986381966,-2.88721200395732,37.003014466113434
filtered_LI0605644_segment_1.wav,PSW,1981,2073,0.008344671201814058,2612.596500980155,3352.420362467553,-1001.151456469311,3566.848278235093,-343.64308335014044,2772.2695233252502,-37.41303920225175,534.3793589810364
filtered_LI0605644_segment_1.wav,Fibrillation,183,246,0.005714285714285714,-720.5474221054444,3415.909349952277,-1592.138991067721,4345.930618601655,-48.313273190008225,2833.194779043252,117.37408473592545,2137.3861339315067
filtered_LI0605644_segment_1.wav,PSW,1234,1340,0.009614512471655328,-122.28460094844272,1143.4048685381385,-10.695095586416143,227.4102341918056,12.36011172545226,72.4766492215564,2.5309979242608662,63.29022414208866
filtered_LI0605644_segment_1.wav,PSW,3679,3749,0.006349206349206349,2117.7000686542037,862.1483861227193,25.631256726102652,132.59820242415785,8.148419214786925,92.49063360474373,7.610872524032297,42.35748736860465
filtered_LI0605644_segment_1.wav,PSW,3805,3876,0.006439909297052154,-121.28522037665735,1216.222309569615,-15.61916472326704,66.35018605531447,-29.88705267457462,71.80028294112934,8.3871531464482,61.16406167499561
filtered_LI0605644_segment_1.wav,PSW,3876,3979,0.009342403628117914,553.7598456744647,898.4426580023728,21.102455703517833,112.9066500016124,13.972749405445843,68.41544268539123,-4.848499595570552,44.786879747301434
filtered_LI0605644_segment_1.wav,PSW,4778,4852,0.006712018140589569,1533.4284219223935,378.86123321427254,9.077025612615252,97.17458726544581,-0.7263107251579433,67.8179107556031,-3.898677380305165,57.15229493869413
filtered_LI0605644_segment_1.wav,PSW,5557,5654,0.008798185941043084,-1093.9075185804413,792.3482927469913,36.55296229634188,108.08119131220697,1.6083191431192534,73.6617170589879,11.637052879873327,49.3960969377543
filtered_LI0605644_segment_1.wav,PSW,5694,5761,0.006077097505668934,-2251.4780084322288,1082.3738034072353,-7.994672701974482,96.48559232347843,24.700753338307383,64.94370220665742,5.574061060822364,42.18698830367571
filtered_LI0605644_segment_1.wav,PSW,5765,5835,0.006349206349206349,-1811.1787734083507,475.90160696176633,-2.8965261949602583,85.29910518556282,0.3111938633864048,68.29711682102524,-0.8437930284445109,44.1065155309473
filtered_LI0605644_segment_1.wav,Fibrillation,5988,6077,0.008072562358276645,742.9664190276203,1531.5280435789123,96.12959458193788,653.9023075117434,-25.597444533339235,337.9793306865599,-7.422990329703397,128.16091305913238
filtered_LI0605644_segment_1.wav,Fibrillation,10947,10999,0.00471655328798186,-939.4641581325515,909.5976271038144,69.27890940264844,516.2377219874782,-23.46054927894769,117.61068009610227,0.0,0.0
filtered_LI0605644_segment_1.wav,Fibrillation,7615,7683,0.006167800453514739,1321.846405277212,1029.4836577513688,-208.3136277934639,595.367825609059,-40.38392151735624,236.2986842404522,22.83483876572059,178.8737565300559
filtered_LI0605644_segment_1.wav,PSW,7044,7166,0.011065759637188208,1036.770031432639,1314.7302089981413,-5.19368545327371,319.32176930243327,-22.69801039794824,127.19427504187348,15.582360996983828,97.19105997571285
filtered_LI0605644_segment_1.wav,PSW,7166,7292,0.011428571428571429,-847.5081698285301,2748.8881026955814,-98.7091929835385,809.512018473152,18.15384768972715,129.92434652093763,13.008977465288048,85.15478750383042
filtered_LI0605644_segment_1.wav,PSW,7292,7396,0.00943310657596372,805.9044307361416,1338.8704127426117,27.165708958307302,136.5518392505902,13.191137854548009,67.67352875387229,0.21402668538942757,49.42254418188478
filtered_LI0605644_segment_1.wav,PSW,7396,7467,0.006439909297052154,2925.9547307414755,536.0978285581776,41.52256772351078,198.24693126284464,9.384377488214469,95.4558351517031,-4.703639992188134,57.328042219116796
filtered_LI0605644_segment_1.wav,PSW,6843,6969,0.011428571428571429,-3268.656890420819,2271.814775238802,-131.31978953784963,632.0791436913469,263.3473538403241,1366.4716164291672,-92.99212017359895,531.0435125246838
filtered_LI0605644_segment_1.wav,PSW,6687,6788,0.009160997732426304,-1727.884135064802,756.3921669592586,-19.924290492037684,84.97505210716047,-4.761802787879196,72.78576500694508,0.7014686249234443,50.346608386418566
filtered_LI0605644_segment_1.wav,PSW,11713,11880,0.015147392290249433,905.4840830492716,1970.876879807615,-47.405195972193354,349.3133715326662,-14.628838951107957,131.81450734465855,10.59503052771256,96.17878519780687
filtered_LI0605644_segment_1.wav,PSW,11613,11758,0.013151927437641724,3175.673017518146,729.9619148814844,7.97698233842265,76.61920090179781,19.41605598665707,84.29156031984628,-4.719170636360835,68.13313981982782
filtered_LI0605644_segment_1.wav,PSW,11390,11565,0.015873015873015872,-4573.058298158919,3388.2249681215408,66.41362019706901,384.14093868987436,-1.2079041341342014,293.0378734338799,0.9782802825600371,89.40377775696435
filtered_LI0605644_segment_1.wav,PSW,10336,10455,0.010793650793650795,730.2668119737631,1746.3313177369714,-15.605371086906286,220.93999124155692,18.96717527419865,100.37207548927755,11.43827207939094,96.66533076266734
filtered_LI0605644_segment_1.wav,PSW,10455,10552,0.008798185941043084,671.7304774902857,434.5774150397174,-0.6438973406672824,160.31110815898543,8.289421980957997,52.84340747120467,1.5708464232856463,61.48249268722652
filtered_LI0605644_segment_1.wav,PSW,10073,10199,0.011428571428571429,31.492932357210652,1661.4487828315825,-0.6073461798310618,216.9190165622859,24.928817293140522,123.73638633298059,-17.111063951075373,89.71089758782294
filtered_LI0605644_segment_1.wav,PSW,8458,8569,0.010068027210884354,-1904.1021452737546,819.0827553188786,5.061290002735761,100.36341559612495,8.22566445630914,67.83570094715773,2.4302900522814257,46.199408052449414
filtered_LI0605644_segment_1.wav,PSW,8569,8718,0.013514739229024943,-888.5651843980402,2940.321459543742,8.711016839273288,518.4204019432354,4.13246331289776,246.66278689021925,2.003075532005733,117.06942369656018
filtered_LI0605644_segment_1.wav,PSW,7886,7972,0.007800453514739229,-1365.7217842686728,681.7688353323734,10.063063175266883,113.73581204213522,17.85493457851174,77.69941807170125,-0.33237144474803354,56.644881728905574
filtered_LI0605644_segment_1.wav,PSW,8001,8064,0.005714285714285714,-1172.864751520447,360.8227669986881,-14.836679207890269,98.46639113734548,7.0518935568497545,83.34036142817087,2.36654806045059,49.21789811142531
filtered_LI0605644_segment_1.wav,PSW,8083,8154,0.006439909297052154,-2514.0404293557053,1447.0954275507756,-4.131606380825923,187.81267366477275,-2.5105160261089883,100.6830428085904,-4.109290687427086,57.33883852604486
filtered_LI0605644_segment_1.wav,PSW,8154,8287,0.012063492063492064,-2229.995973557864,1931.1169243299173,-44.094740829211,263.0594471327527,57.673696988896744,155.6205050052919,5.043265949049758,85.5386421469039
filtered_LI0605644_segment_1.wav,PSW,7667,7723,0.005079365079365079,561.5474024679197,615.1136473561445,-23.086068169133377,236.92193245713474,1.1935047624970916,128.58273975441003,-13.95710526607307,40.30619322563269
filtered_LI0605644_segment_1.wav,PSW,9308,9405,0.008798185941043084,-1763.9637531949038,2228.514846541799,22.249866642634718,246.48360821051557,-91.58914520726748,347.3308046639646,-2.980172054763438,51.631080516090094
filtered_LI0605644_segment_1.wav,Fibrillation,9271,9353,0.007437641723356009,-3073.3619594056113,1404.9077838771072,-173.17283649392618,547.5732012821984,-26.994797696050288,342.2496019290246,4.438508328107672,114.00206775482005
filtered_LI0605644_segment_1.wav,Fibrillation,12593,12664,0.006439909297052154,-3030.280977559645,1572.4186624653794,-127.95002133789983,462.0027838666513,36.10699919441253,402.93565010683574,-3.8446367783664743,197.98899438909308
filtered_LI0605644_segment_1.wav,PSW,12638,12731,0.008435374149659863,-3281.169245682494,1417.4069204969119,-136.46961951737558,608.3059990434184,30.312406961177548,257.16741144844275,9.14629000016278,42.77228650224599
filtered_LI0605644_segment_1.wav,PSW,12816,12957,0.012789115646258504,-2289.3222123884484,2764.9165558851555,64.45712407327305,572.3972143519964,15.848337012714032,316.824982785284,-11.396838091141916,137.2581713734437
filtered_LI0605644_segment_1.wav,PSW,12081,12140,0.005351473922902495,310.90541366623444,539.1069298093332,-25.195914721974745,124.2842756128955,-25.912725620448033,84.02179343245813,-5.654628260929453,29.424335106455793
filtered_LI0605644_segment_1.wav,PSW,11042,11127,0.007709750566893424,-2462.464256890867,1417.219337319264,4.601305636135777,328.4673767424206,68.16896534029594,780.5461548564481,-29.03369166999519,219.4620937713576
filtered_LI0605644_segment_1.wav,PSW,12964,13042,0.007074829931972789,1547.9783144407015,669.2600670546746,-14.44910568500656,176.97761506180143,-1.1784071084228842,82.18089483699517,1.219246798895336,47.06891319997919
filtered_LI0605644_segment_1.wav,PSW,9100,9160,0.005442176870748299,-926.9431243204713,507.8261412831831,-4.003163464772779,157.69907930870176,17.83184784095095,60.750647075707,2.162127639949732,51.4783741057538
filtered_LI0605644_segment_1.wav,PSW,13167,13242,0.006802721088435374,1713.7516717529566,1166.1095513745024,-143.2823168624712,691.2907960284198,31.73294968100828,278.29035397989594,-24.804362839188563,273.52749344857756
filtered_LI0605644_segment_1.wav,PSW,13242,13324,0.007437641723356009,1357.0685303798546,526.0270564548559,18.593190441541243,118.81525874202913,-17.58828662441952,69.30260530334569,5.411616321713752,42.66772198764501
filtered_LI0605644_segment_1.wav,PSW,13424,13531,0.009705215419501133,-822.9814481896105,702.1903471430539,-8.297542635143039,73.55555635656606,-3.6213571754782885,77.212592528621,-3.7919058358434152,44.54739627782638
filtered_LI0605644_segment_1.wav,PSW,13564,13647,0.007528344671201814,-1067.3276867973323,803.2606278782389,23.236323387019784,180.18014224479523,9.883056051515025,72.80989328048182,-5.782815647675023,39.14870648815106
filtered_LI0605644_segment_1.wav,PSW,13647,13721,0.006712018140589569,-1814.3439215074493,511.6319574148568,34.88186561716543,190.13502493903022,8.741272917010997,113.0426955395184,-0.3423138320951395,63.30119281734902
filtered_LI0605644_segment_1.wav,PSW,13730,13850,0.010884353741496598,-2393.249456729508,989.6951123119906,-21.233744187870407,291.1829999058192,-5.77469419262856,103.60398501036998,5.529654947382813,86.36235241886223
filtered_LI0605644_segment_1.wav,PSW,14048,14160,0.010158730158730159,-1735.42014110198,1027.9647529538731,-41.90499390101201,110.4054751516981,17.59924321083628,268.8109319004591,4.88326136437364,138.17819750727537
filtered_LI0605644_segment_1.wav,PSW,14243,14437,0.017596371882086168,-3339.176545617012,4435.575972275146,-96.16156876901736,1052.8862536469214,31.004860415703785,634.700931583838,29.259710407150905,390.05410833463213
filtered_LI0605644_segment_1.wav,PSW,14884,15000,0.01052154195011338,-3587.5251156982026,1429.2386863993977,-88.43028104172419,338.65695507890547,-39.901013704362995,126.67744498034345,-6.9812504755659495,73.13952134873243
filtered_LI0605644_segment_1.wav,PSW,15099,15215,0.01052154195011338,-1100.1795147402909,894.7144287997454,-7.897842528822599,316.32233345706567,1.6671704536384269,96.33317261779867,20.469522128077404,105.61408418517128
filtered_LI0605644_segment_1.wav,PSW,12270,12414,0.013061224489795919,-2181.0008645839166,840.9974342131864,-0.7233944196332767,85.83907993760144,-9.744458314514414,78.68481976679224,-6.525178679173986,70.50286127072263
filtered_LI0605644_segment_1.wav,PSW,9730,9780,0.0045351473922902496,-1216.2129794397413,489.3958246078611,-15.170864156204724,109.45863441628366,7.191979093714663,32.424465917773034,0.0,0.0
filtered_LI0605644_segment_1.wav,PSW,9788,9858,0.006349206349206349,-879.6025305146987,481.9989923183288,-13.018332886233392,67.09768993924084,-10.523826052744857,64.13471251412936,-1.4974779356371937,46.83566673225831
filtered_LI0605644_segment_1.wav,PSW,9594,9664,0.006349206349206349,-506.27303427029904,692.2346329476178,33.12003034967863,264.6587310123941,-10.279140978243646,95.2469480992716,-6.716705946686729,55.575872644827555
filtered_LI0605644_segment_1.wav,PSW,9685,9738,0.004807256235827664,-810.4672633609773,390.5503501538204,15.133996991037476,79.86268793382786,6.972129276356123,45.09820034619901,0.0,0.0
filtered_LI0605644_segment_1.wav,PSW,14796,14889,0.008435374149659863,-1832.5137095768323,461.95874275663755,22.026181447746897,103.1775366196902,-29.62304858908437,110.76406815763532,-6.633517684613881,47.767572135505254
filtered_LI0605644_segment_1.wav,PSW,15527,15665,0.012517006802721088,-2858.657409916545,1413.2187329442718,17.809524129438724,301.1365375814192,22.045911276736096,80.9087614401777,1.788515172472645,81.7973748265688
filtered_LI0605644_segment_1.wav,PSW,15693,15876,0.016598639455782313,-2016.5383261839218,2795.0802154106323,-72.94829243477062,580.3848009430719,-43.00481975933977,299.49246078477273,-12.4236603274174,67.61891589578924
filtered_LI0605644_segment_1.wav,PSW,16034,16156,0.011065759637188208,243.76148522964462,1263.7306067333461,-19.109460016898684,254.60989765858972,3.3569432580471377,90.36987353473866,-1.9420591390918482,65.53611504421757
filtered_LI0605644_segment_1.wav,PSW,16290,16388,0.008888888888888889,-409.81151652166466,932.6905977648381,10.857347686383482,173.1989182891817,-6.699464567298495,67.75076934424997,5.103622448623371,51.37406357138684
filtered_LI0605644_segment_1.wav,PSW,16765,16936,0.015510204081632653,-4004.3040699440153,2395.989325381751,-20.438434536954283,425.45674938098944,-29.689504141660375,345.95609050482295,-1.5073287801131963,89.00623767819297
filtered_LI0605644_segment_1.wav,PSW,16631,16729,0.008888888888888889,-2803.889918250466,408.43025082794276,-4.08280177359986,153.1729617370137,3.6089516962184587,84.98119082547588,-1.8190864643312221,59.69314392385231
filtered_LI0605644_segment_1.wav,PSW,16404,16506,0.00925170068027211,-1483.492338597461,1011.437844909105,19.123227646976225,84.2079023904273,4.078880399541673,95.08630184968668,-0.04562382627162199,44.879207728281024
filtered_LI0605644_segment_1.wav,Fibrillation,15945,16030,0.007709750566893424,1481.4284541074637,659.4986710115332,-219.21190516130608,596.0153972009871,-27.450456897960983,204.78633443347013,13.700728624342862,159.55033323541463
filtered_LI0605644_segment_1.wav,PSW,17192,17333,0.012789115646258504,-3094.9346352064026,3326.808067069249,92.15551422941606,435.48340044234743,-31.344054174358053,317.17275928343577,0.8879600608390259,78.10267359593459
filtered_LI0605644_segment_1.wav,PSW,17567,17639,0.006530612244897959,762.9967202315239,435.99786745024727,-9.599749454256157,149.93012280581584,3.132927351921939,65.38407825297782,-12.308097547808943,56.49899781329302
filtered_LI0605644_segment_1.wav,PSW,18068,18247,0.016235827664399093,-4680.296463828198,2388.2568745518474,-18.241841889685606,166.41369800501107,-18.771846710377996,108.30019768254432,-13.534554109121174,75.67144189184114
filtered_LI0605644_segment_1.wav,PSW,18293,18476,0.016598639455782313,-1684.6233259796827,1671.2745802894967,-24.003153695401846,293.62395349065673,-10.54597751889473,108.09901396252921,1.7773347691144585,103.79081618541436
filtered_LI0605644_segment_1.wav,PSW,18519,18595,0.006893424036281179,-2080.197165205548,1189.5999464776605,-37.452663358850344,240.4192187669744,8.49925879019823,123.51218441566283,-6.672047196136446,41.17299059397145
filtered_LI0605644_segment_1.wav,PSW,18595,18646,0.004625850340136055,-1307.8789891399167,737.144673637713,-23.247625830212215,114.22884267402715,5.763142419708082,50.1983713265052,0.0,0.0
filtered_LI0605644_segment_1.wav,PSW,18625,18706,0.007346938775510204,-895.5469954178286,808.4575524013873,1.3393998924500181,202.39013054574048,-5.788492314880788,71.21197938113154,-7.752193901843714,50.00413132742522
filtered_LI0605644_segment_1.wav,PSW,18689,18876,0.016961451247165533,-337.06447854249376,2555.2990826617297,-31.319632203425822,522.6334942195891,-17.232798823655898,263.87938790401194,-7.446691997691851,85.21221975370489
filtered_LI0605644_segment_1.wav,Fibrillation,17639,17766,0.011519274376417234,398.0934877354393,1007.485878044193,124.6286720795263,672.4066576920096,27.301147771309093,442.6859594281362,19.16626759910809,438.8843666755874
filtered_LI0605644_segment_1.wav,Fibrillation,19357,19427,0.006349206349206349,-3002.6779543564844,1681.833022482521,208.54865854676422,904.1302782487577,-21.152879314425306,358.070612663559,3.0185455861332824,243.83040990825046
filtered_LI0605644_segment_1.wav,Fibrillation,21051,21129,0.007074829931972789,-386.8651750616431,905.3014949608626,-21.86549796127571,509.9726293763492,40.6606768504506,567.8993897471277,10.486205971262224,215.06179531041056
filtered_LI0605644_segment_1.wav,PSW,19386,19485,0.008979591836734694,-2686.9096829789205,1849.4265818689473,323.25470300896797,1420.9348967470364,78.01651623777182,565.6722525254032,-8.744944493537055,82.4228694632982
filtered_LI0605644_segment_1.wav,PSW,19485,19684,0.01804988662131519,-2209.7813087153263,1461.4175717403746,-34.932775993694264,273.45562630338503,0.5087667697543411,97.0040753275176,5.173512419647152,57.99195894585312
filtered_LI0605644_segment_1.wav,PSW,19700,19812,0.010158730158730159,-2387.447504181578,1060.336982811649,27.95079622260465,281.07645842716767,-0.3070780737433907,169.4816961986157,15.467213672044988,99.94285516315973
filtered_LI0605644_segment_1.wav,PSW,19816,19870,0.004897959183673469,-623.0458595256205,509.72273992429956,28.53114622322831,58.78129070573973,3.4948386803676645,50.48414434431292,0.0,0.0
filtered_LI0605644_segment_1.wav,PSW,20181,20384,0.018412698412698412,-3242.3529743515696,3462.736686167742,102.45443364277922,377.04690921450214,9.502196494545842,147.22881427934385,0.5210525861029554,82.17183670526747
filtered_LI0605644_segment_1.wav,PSW,20632,20773,0.012789115646258504,-2826.8865631405747,2662.6627111134117,-0.8608641970839841,619.2858180436967,-10.582766765541516,167.56979332541812,-2.4873430004246266,72.50449967224641
filtered_LI0605644_segment_1.wav,PSW,20852,20960,0.009795918367346938,202.6019463937976,754.2318914894116,28.510627717861308,176.7868605225267,4.245952183398233,78.85506317021394,-5.889832076623681,45.27154742977454
filtered_LI0605644_segment_1.wav,PSW,21291,21353,0.005623582766439909,-1790.8509212960366,562.488558764404,-13.206187163311437,93.66908597121964,1.3024458718143734,63.75097507605818,-1.6226797461522913,36.418724595071346
filtered_LI0605644_segment_1.wav,PSW,21328,21423,0.008616780045351474,-2224.082273234713,366.16529359143226,-32.144647687602316,179.93502412937502,14.338316141891744,60.15461376658602,-8.417678621207658,47.98452856777263
filtered_LI0605644_segment_1.wav,PSW,21684,21833,0.013514739229024943,-4467.106231810444,2452.2761926331173,-78.80605424954838,634.1845493363393,-18.244789943584568,266.02952498324464,-2.5777040514030976,86.70367866865016
filtered_LI0605644_segment_1.wav,PSW,21833,21962,0.011700680272108844,-1398.7154144555393,1974.1287993396063,-4.024059317579544,179.7265795632972,29.977766512309653,151.92919624188437,12.572800677084965,65.42499385554751
filtered_LI0605644_segment_1.wav,PSW,21465,21581,0.01052154195011338,-2736.7465173363516,591.7679383964086,-19.943365449096575,161.87425958158855,25.006017675979923,91.66671053653849,-0.5131377360038746,86.51054497607784
filtered_LI0605644_segment_1.wav,PSW,19257,19348,0.008253968253968255,-1803.0160553900546,474.39443649224836,-9.25698853256528,104.13502921571369,-2.0354486835263095,101.89941470313956,0.5875721574035861,48.79329053921984
filtered_LI0605644_segment_1.wav,PSW,17493,17563,0.006349206349206349,1213.284911058796,978.7588930019161,-42.388353552420604,354.0048085699602,-40.69052503729901,220.57681114138487,-1.7298958741845245,78.50576414502855
filtered_LI0605644_segment_1.wav,PSW,23131,23234,0.009342403628117914,-2305.8054722470774,1047.4266835792218,13.844223268379336,250.93141356551743,4.9749056784902,95.8003545334147,5.654429342028298,43.119531707858165
filtered_LI0605644_segment_1.wav,PSW,23238,23440,0.01832199546485261,-2302.4345870881593,5055.753683096902,62.217960952321896,452.4280354983585,38.30763512794586,133.38468642219496,-16.477554624563858,76.76685905256815
filtered_LI0605644_segment_1.wav,PSW,23872,23996,0.011247165532879818,-1235.3276248862771,536.4474549409475,23.758649609832066,269.9345481436474,-4.610806549545261,145.94782125537776,-0.9136904711886634,62.51435165510088
filtered_LI0605644_segment_1.wav,PSW,24453,24556,0.009342403628117914,741.818563961993,727.7402694238881,-8.643662397845928,96.08126131275317,-0.7104129371350034,68.00711302209282,4.454748299515832,48.963496452177225
filtered_LI0605644_segment_1.wav,PSW,24766,24911,0.013151927437641724,1570.6627939449609,1909.145370397059,-1.765818711721721,335.79037486353604,-13.073824286978367,243.6870127293956,-11.295751833557409,57.5074628021534
filtered_LI0605644_segment_1.wav,PSW,24593,24668,0.006802721088435374,-480.66583403572236,993.3912435638966,-26.56164717237961,245.8005421764378,12.100773554808965,95.95275229766746,10.275316795092273,57.047885258643774
filtered_LI0605644_segment_1.wav,Fibrillation,24536,24639,0.009342403628117914,14.33718085763923,1057.9618595629697,-183.2297551310944,617.7011988850469,11.455630939148662,414.90780701589694,-0.5935869762145419,196.99790341737668
filtered_LI0605644_segment_1.wav,Fibrillation,24251,24354,0.009342403628117914,-1580.860475270026,1128.366378929887,57.715007536786956,390.100396255766,30.39230597383901,638.8410045789067,-1.0882265658414538,59.60410004380425
filtered_LI0605644_segment_1.wav,Fibrillation,22773,22892,0.010793650793650795,-3801.8296626427,478.0715302985373,169.02146843065162,703.1311113338276,-47.71264214626097,448.74362567414727,32.69009613857694,470.0004988645673
filtered_LI0605644_segment_1.wav,PSW,21928,22126,0.017959183673469388,637.3842389257882,2350.1150934094326,-94.03270572445028,583.4516210652758,47.36628274522145,370.14890257613723,9.766238466611082,227.51014339783205
filtered_LI0605644_segment_1.wav,PSW,22925,23143,0.019773242630385487,-5140.149931939191,2207.175521979831,29.92228995254525,244.81052347260558,-2.879430876157178,110.44667999071179,-5.5165102257864485,56.7634189235378
filtered_LI0605644_segment_1.wav,PSW,23728,23868,0.012698412698412698,-1708.8205266460943,1460.2838483933551,-6.998503290598474,163.15303085441082,16.122780446636362,90.14649828472709,7.206178623528933,85.26836962170371
filtered_LI0605644_segment_1.wav,PSW,24140,24276,0.012335600907029478,-2571.4783320204124,1547.9979019689333,16.027085249080518,264.2390357974812,4.504484230972774,162.3921912956341,-16.831538001712293,92.73484226578229
filtered_RN181281_segment_3.wav,PSW,415,524,0.009886621315192743,-4026.9480055444715,6499.5187329418,-74.25751899918043,531.3805911335006,4.332537105265499,112.02856710143816,-2.814345313297218,54.259274110827434
filtered_RN181281_segment_3.wav,PSW,524,661,0.012426303854875283,923.2480389554271,5947.752711562453,222.28475984099734,735.6920286872206,23.799966425686005,242.3942445039847,1.0485189043948981,81.7601944229601
filtered_RN181281_segment_3.wav,PSW,1848,1987,0.012607709750566893,-2311.7001896787883,4774.11107392467,-211.83681783851577,2031.07224058141,9.513114839668237,158.02133058487874,-18.30290057109358,96.18603240809874
filtered_RN181281_segment_3.wav,PSW,2206,2369,0.014784580498866213,15983.796820974301,8948.116037054477,-256.66436829776245,2613.1315641640967,-22.14623816756597,294.6279719320826,-0.35897105802434265,151.44381019146203
filtered_RN181281_segment_3.wav,PSW,3990,4105,0.010430839002267574,-2169.1373980082694,8889.396338011613,295.62981077154353,900.0129908561316,4.596429807918838,293.8664667636716,-10.568073429526565,100.95240197761049
filtered_RN181281_segment_3.wav,PSW,4105,4251,0.013242630385487529,2655.8030908220185,5403.608994015523,170.1549238109347,872.8816646285451,6.747942554693954,454.36414319082024,2.0159298201718716,120.0024260391678
filtered_RN181281_segment_3.wav,PSW,6333,6594,0.0236734693877551,-1671.906386008273,7357.476810629758,-144.15513589308333,2188.059072713989,-26.89247631447039,385.1480147353431,8.468661875716489,126.35453032294612
filtered_RN181281_segment_3.wav,PSW,7380,7586,0.01868480725623583,-1455.4940946479792,5274.540328297943,-46.96458373064342,1224.4330824380725,10.418538437081066,448.407447031522,-2.3098845951828655,123.02476307181894
filtered_RN181281_segment_3.wav,Fibrillation,2919,3074,0.014058956916099773,-3324.4306449918267,3502.3537179713135,84.7326124905494,2345.0537759073422,36.41928733721783,578.0671288428173,-2.794123102446244,199.51716241575673
filtered_RN181281_segment_3.wav,Fibrillation,7228,7398,0.015419501133786848,-2417.6807834397323,2842.4807601844864,-15.450350205641728,2212.0215624153284,-51.7322040813625,650.6329693793995,-20.237670897659594,204.37782144952405
filtered_RN181281_segment_3.wav,Fibrillation,5935,6135,0.018140589569160998,-1577.4057313070039,3092.051795744574,94.56719414070527,2381.213235118027,21.81606578195043,578.5166093706301,-1.9185005120300291,211.9159164649101
filtered_RN181281_segment_3.wav,Fibrillation,4554,4724,0.015419501133786848,-782.3277938731427,4071.2762587879442,-208.23629790199178,1258.3993186488344,-11.6450195930733,491.01861658575274,13.576066658199013,185.94230106678697
filtered_RN181281_segment_3.wav,Fibrillation,1268,1395,0.011519274376417234,-4624.475658965251,3785.3575615078207,-79.92735691810186,1846.192440918292,51.895667286526425,641.9752990715218,-7.416975831214129,171.55215016511198
filtered_RN181281_segment_3.wav,PSW,2087,2218,0.011882086167800454,-539.7263735101234,29204.340216941724,-1578.4296365141367,13708.497348682262,504.49909503739195,1973.932191354285,109.0319417060333,785.2480040511862
filtered_RN181281_segment_3.wav,PSW,1335,1435,0.009070294784580499,-3739.530950272126,1541.9064158393023,-98.32080617273917,510.3927949118063,16.77969567220409,182.81321660198145,3.6405048174322725,63.33850626385959
filtered_RN181281_segment_3.wav,PSW,6060,6175,0.010430839002267574,-4470.374702892503,1306.9804716519939,20.38751767926346,249.3763060254442,-42.18181143878268,221.33913770846638,-17.253654804443453,91.87564243442674
filtered_RN181281_segment_3.wav,PSW,7279,7413,0.012154195011337868,-2107.0920473865567,3565.544773357497,-173.37236892125313,1125.8457488206973,246.36331276726324,1206.4015433658885,-46.645977584042086,380.60520739216986
filtered_RN181281_segment_3.wav,PSW,4645,4794,0.013514739229024943,1350.0043580132685,4373.588227631823,133.7667044534621,821.9322387254039,-110.22258982184015,794.1958879884266,31.59412078257623,196.80921327040315
filtered_RN181281_segment_3.wav,Fibrillation,9510,9623,0.010249433106575964,-2822.630459131049,3966.8124106325668,-232.66834710930942,1861.5131959449902,-86.81424293632256,687.5926194206512,10.753914731216772,245.80965576382894
filtered_RN181281_segment_3.wav,Fibrillation,14329,14422,0.008435374149659863,-4445.640423243672,9665.720885328215,-127.97467941007827,895.1597063627269,29.142802042988617,347.30975589306746,-6.999130368167214,91.27642067259593
filtered_RN181281_segment_3.wav,Fibrillation,12584,12719,0.012244897959183673,992.806091989273,3772.3594625225255,-244.75065640981902,1803.8051540303657,-107.90767661485926,693.4813819919091,9.504411202371275,227.60152644785688
filtered_RN181281_segment_3.wav,Fibrillation,11084,11198,0.010340136054421769,-948.1407167987743,3734.5139581545714,-30.707342162248324,2604.3080104486794,-72.48017502580461,796.053802423953,-15.118234195761875,227.54006243036216
filtered_RN181281_segment_3.wav,PSW,10482,10589,0.009705215419501133,-1909.7840368845607,3893.9725579255,-40.07755038955406,609.6305875326079,14.890305334579416,106.152589503751,5.577555610202033,51.80508650587824
filtered_RN181281_segment_3.wav,PSW,14383,14493,0.009977324263038548,-5394.446126851653,8172.0565134568205,-110.45599783931137,687.7675686944907,16.454309552981478,196.71356455454668,3.947545098579671,57.29973208555765
filtered_RN181281_segment_3.wav,PSW,13419,13583,0.014875283446712018,-2257.922546134049,4767.571245184716,193.04043072669913,609.9563426327303,4.741569985871485,197.88210781089816,-5.115438667900001,130.21132735887107
filtered_RN181281_segment_3.wav,PSW,12182,12379,0.01786848072562358,-3933.716355469057,7852.302240929472,60.80944575610946,1707.5956921324134,2.4240739772018496,512.9585487502669,24.578247865759188,103.53773167513702
filtered_RN181281_segment_3.wav,PSW,11174,11266,0.008344671201814058,-2849.6719499322153,1142.7593484335343,-46.627112834788996,231.3940366806814,-3.7503061496475705,91.11677131017572,-2.4079313462125373,46.61208499564907
filtered_RN181281_segment_3.wav,Fibrillation,15757,15885,0.011609977324263039,-668.7493775161054,3028.6128594866236,251.30593320376258,2948.4841320261144,-149.2375053401812,668.0367612127015,7.546228142588048,235.70120654845115
filtered_RN181281_segment_3.wav,Fibrillation,20945,21074,0.011700680272108844,-2548.7332630705323,4322.3473287069455,-347.15851635851317,1347.0856305975842,86.7580650628863,676.2846385231493,-3.6662924176113827,241.50814498873777
filtered_RN181281_segment_3.wav,Fibrillation,18927,19044,0.010612244897959184,-1980.4630342257876,2951.5183929584555,341.29057539494806,3237.305713467459,125.09918157084653,699.536018272636,-13.489643849181821,239.1960412421477
filtered_RN181281_segment_3.wav,Fibrillation,17287,17436,0.013514739229024943,-1872.4011311797506,3652.474748903168,-28.704094135498977,2306.1756746784013,-109.38796632856024,720.2634048943235,1.264466766763979,223.15589437758572
filtered_RN181281_segment_3.wav,PSW,15845,15978,0.012063492063492064,-3146.911733630034,1657.5610373422737,76.99420176412876,251.60629975116873,-64.6886091359917,223.93969056141825,11.111685803334938,123.39938620091651
filtered_RN181281_segment_3.wav,PSW,16043,16196,0.013877551020408163,-129.25633869320427,5061.133574073095,-508.19005213546507,1982.9741321682745,-188.0584108765492,966.0608797951253,-20.72642019765059,567.8965095406861
filtered_RN181281_segment_3.wav,PSW,16288,16413,0.011337868480725623,-5235.975151708853,11713.253388189547,-398.1389208524709,2213.2526125374434,24.04354066018479,445.172746285466,-5.9348650578865465,127.00166143372743
filtered_RN181281_segment_3.wav,PSW,21578,21711,0.012063492063492064,-4550.896962507204,9023.140961464635,-281.70353785614964,3010.3745088915416,-48.89002272610164,335.0310389611073,-21.22338967749256,127.49834721706122
filtered_RN181281_segment_3.wav,PSW,21723,21948,0.02040816326530612,1040.9519311279166,4159.374140339805,-23.550156240254875,909.0425859028544,-24.108869467619726,407.59516178739653,7.891092846072066,108.563622186958
filtered_RN181281_segment_3.wav,PSW,19781,19922,0.012789115646258504,-1227.1377902554968,8980.5618526644,213.76818310506897,974.2525944612478,-1.00188720005043,443.0186399962248,-4.09462191671947,119.86615321904512
filtered_RN181281_segment_3.wav,PSW,19406,19580,0.01578231292517007,2285.958741918102,2788.409390042088,-102.47917410818418,950.6927075144429,10.678177271851613,171.83479107826915,7.029934107762666,99.69207615122303
filtered_RN181281_segment_3.wav,PSW,19040,19265,0.02040816326530612,-2948.8060131193347,5717.744323163869,-126.49599029579194,1269.7245864832728,22.26888216204959,296.5147428000505,3.724278885097544,109.57495561336512
filtered_RN181281_segment_3.wav,PSW,17392,17501,0.009886621315192743,-2750.1417722670376,1780.938270578089,15.064437409768647,87.29327063968032,10.70870632039964,63.55958057603518,2.795622623830084,52.625963872714536
filtered_RN181281_segment_3.wav,Fibrillation,16033,16106,0.0066213151927437645,-3282.957190334247,3811.0060751207693,-272.8567628816995,2039.5313182735338,11.539838115249935,642.8020770264478,14.577913777146236,111.74808965918493
filtered_RN181281_segment_3.wav,PSW,25059,25163,0.00943310657596372,-4453.504083168877,7617.106729092104,-11.489332338315908,678.8928819132466,25.531111639785085,112.1185669167237,-2.9160398616207566,68.73210197899188
filtered_RN181281_segment_3.wav,Fibrillation,22533,22682,0.013514739229024943,-2844.352243860054,3896.824497028436,-285.1046566085563,1392.1285900155906,107.73331819281618,685.673986601291,-12.179442732614342,188.54661056382886
filtered_RN181281_segment_3.wav,Fibrillation,26067,26253,0.016870748299319727,-2879.593321449165,2412.1821056885215,228.62743330262506,2789.2263749899457,41.626264459178095,525.7329392063652,4.012018431469,236.45886507758263
filtered_RN181281_segment_3.wav,Fibrillation,24148,24337,0.017142857142857144,-2234.730276818266,3385.7207223796136,26.173539702981746,2151.5800691411173,-40.906860016771674,611.9930790171289,-1.3387116580237313,215.29644176013863
filtered_RN181281_segment_3.wav,PSW,24377,24516,0.012607709750566893,-2271.4723671564357,4208.383349734132,-152.92859848289143,1396.6102355198766,18.326393610251756,178.4063158909652,0.9510187108171906,103.87113420997882
filtered_RN181281_segment_3.wav,PSW,23270,23442,0.015600907029478459,-2767.5449368527056,8888.51245153343,130.9018344149114,1249.4303820468347,-9.982444416465043,515.2410259575414,1.5549712763409864,110.98169531248949
filtered_RN181281_segment_3.wav,PSW,24261,24370,0.009886621315192743,776.9439711352964,6341.9731861912915,38.73144875223997,569.6173499373446,-39.41399337238006,297.6653097726488,-3.745787779928686,62.415736772062736
filtered_RN181281_segment_3.wav,PSW,21015,21121,0.009614512471655328,545.8117316736543,6631.656528057153,55.40500796621245,501.49871085311446,-46.34545429389817,283.9538045890461,0.9889859675555498,52.80217238447092
filtered_RN181281_segment_3.wav,PSW,26180,26253,0.0066213151927437645,754.6344035113397,5690.335697505892,-191.50005864605964,971.8565095260635,-3.9529493463355867,168.4804747856487,-4.984984540900341,56.537539282051476
filtered_RN181281_segment_3.wav,PSW,26988,27163,0.015873015873015872,-2821.8725475682836,4868.713118018663,-115.15490993942268,1173.733247427263,-13.622449915933867,280.2692788848546,-9.308398799142145,118.33538490851576
filtered_RN181281_segment_3.wav,PSW,29549,29715,0.015056689342403628,3099.758518609811,10894.292437015165,-94.62232509460276,1467.1661461066512,132.7574630448439,767.3059768310961,-23.60096685479545,309.26312851972875
filtered_RN181281_segment_3.wav,PSW,29161,29418,0.02331065759637188,-2842.173988954945,9255.380381650244,48.39681522751134,1398.4945187195256,14.08582510008763,487.36618043903934,4.720883791730504,107.89353952594311
filtered_RN181281_segment_3.wav,PSW,27285,27549,0.02394557823129252,1934.5993205412062,8019.119213575037,-84.21003502757262,1988.3142194502989,-38.491733010442275,476.3468782466114,-3.9551762424206762,104.03876435825275
filtered_RN181281_segment_3.wav,Fibrillation,29502,29593,0.008253968253968255,-1798.8033710921545,6673.415058021257,66.53860391910251,825.6410601086587,31.723184433075577,439.42860351206724,-4.051370012568375,72.07974391977022
filtered_RN181281_segment_3.wav,Fibrillation,27707,27904,0.01786848072562358,619.4663408991722,3736.27552252425,-110.22193087827493,1967.6961135276904,2.763671285043552,618.9808495619958,0.3444935114350148,283.3820175423922
filtered_RN181281_segment_3.wav,PSW,34534,34750,0.019591836734693877,-3749.076620279622,10524.857417948291,-34.08749895601744,2128.428879159691,-27.321508907266526,648.4657912872638,-4.818814375861841,128.37178795043434
filtered_RN181281_segment_3.wav,PSW,32618,32763,0.013151927437641724,-3347.271481003319,9602.626008507063,4.933902740110669,1953.5368902387988,-19.31446936225159,686.6678680656646,1.514001664440728,121.10340000861946
filtered_RN181281_segment_3.wav,PSW,32042,32240,0.017959183673469388,-3045.5349917449876,4896.502842652071,94.10272901981884,555.365426058208,19.483365516222648,278.3740165802207,19.776188492276304,106.34849687623453
filtered_RN181281_segment_3.wav,PSW,35725,35937,0.019229024943310656,-1030.373636723297,4554.029042817954,-295.2257452916903,1224.2312276646871,175.49968518309262,1294.950472528655,16.97553113704708,217.2330581673193
filtered_RN181281_segment_3.wav,PSW,36191,36327,0.012335600907029478,-6055.187413478892,9695.195438987259,210.9445267772158,993.56941669178,-25.59510507215925,293.55258295514875,-5.067451028874133,128.20605208946563
filtered_RN181281_segment_3.wav,PSW,30788,31011,0.020226757369614514,-4479.78404470338,8725.093989199884,96.94954698398581,1325.8010486614105,38.66334401971037,477.4560252365944,-21.626492386211446,115.37592173444514
filtered_RN181281_segment_3.wav,Fibrillation,31334,31494,0.014512471655328799,-2996.841527158079,3445.981516544274,65.36373781535656,2156.9954731941066,-56.781423500784314,729.7298865509664,-11.216853571553528,229.30452700663182
filtered_RN181281_segment_3.wav,Fibrillation,34903,35178,0.024943310657596373,1428.8296909311362,3541.0090378639825,22.45282945011804,1747.5647042715898,-96.99045548148817,576.272146509216,-10.329473646735957,178.46126444980146
filtered_RN181281_segment_3.wav,Fibrillation,35729,35824,0.008616780045351474,-2412.306061492435,4287.167911601295,-291.9898832933703,1409.5101898153011,15.876976436895644,294.8775253083192,8.203688561827981,95.84047115953008
filtered_RN181281_segment_3.wav,Fibrillation,33132,33328,0.017777777777777778,-1905.9807084125014,2555.61569287782,251.3734521313919,2792.315943131818,55.65209874813878,577.0410367098972,-8.127245693562099,236.5589607173368
filtered_RN181281_segment_3.wav,Fibrillation,36846,37002,0.014149659863945578,-2693.6682693771754,3684.945105142364,-253.144857332528,1427.015728651008,126.368712238836,725.1017211196466,-9.354921411399026,193.4706105144108
filtered_RN181281_segment_3.wav,PSW,36923,37030,0.009705215419501133,-940.4373490834803,3612.487392338901,-142.65243369082287,892.1191411678043,6.805264958398727,223.46301690142818,-4.9243289814648685,66.86534290140389
filtered_RN181281_segment_3.wav,PSW,37035,37260,0.02040816326530612,-1492.807519311918,5312.946324498157,44.938778764880574,685.3125605277577,-2.3681464254623763,348.9362687441644,-1.0170765102645245,105.6238362254061
filtered_RN181281_segment_3.wav,Fibrillation,38141,38306,0.014965986394557823,-2216.742860040462,2720.4457424942234,180.49103345429688,2698.2538733309602,42.93713870066129,626.2553307658811,18.168155231579128,319.5552098870117
filtered_RN181281_segment_3.wav,PSW,39448,39583,0.012244897959183673,-7479.524957891275,4923.337192695944,-79.74643183327186,1051.7223409774415,-3.603390469772502,419.0272465809087,-16.78112388607149,100.97545923539492
filtered_RN181281_segment_3.wav,Fibrillation,39578,39708,0.011791383219954649,-3448.339164019606,3230.4261618271344,301.55363228298603,3180.789450071109,136.24881689330797,727.3846727031836,-38.79643746832418,206.21860226611574
filtered_RN181281_segment_3.wav,Fibrillation,43273,43398,0.011337868480725623,-842.6721960707373,3178.175492882329,541.2331073026996,3186.355574802306,91.58168486290823,776.4312461945536,-34.737218295512484,234.4085216801505
filtered_RN181281_segment_3.wav,Fibrillation,41639,41803,0.014875283446712018,2300.4347827057627,3590.6899686136194,-294.84770456407085,1229.1063843350423,90.87175120383766,638.3274184665639,-18.48386387487923,229.61357555361064
filtered_RN181281_segment_3.wav,PSW,38544,38624,0.0072562358276643995,-1147.1591448292993,9212.729324127815,-11.980252337532235,808.0695016663494,17.89741900732263,231.30054577680113,18.931647773863485,72.97639515732587
filtered_RN181281_segment_3.wav,PSW,38607,38676,0.006258503401360544,5188.92940175991,10828.729733032762,383.2314613511083,1911.4073004914394,-57.31965907186354,358.83564153603317,-8.16943181074092,56.170181350400085
filtered_RN181281_segment_3.wav,PSW,41523,41646,0.011156462585034013,-4335.920925644704,9621.871489953186,223.5647654035814,780.2153061995059,-51.42342294634517,348.3388973286204,5.377688672288219,104.30659392327102
filtered_RN181281_segment_3.wav,PSW,41928,42137,0.018956916099773242,-315.5922630035126,4519.585551988258,-103.02972923393469,1174.0102082548228,-22.592183104755513,304.02840721877595,-0.2642656141476203,89.19117222734913
filtered_RN181281_segment_3.wav,PSW,43393,43639,0.022312925170068026,-3875.3089006395,8893.879378200007,170.38870218177232,754.294784071986,2.9057627368712846,267.5235474640259,-6.214717694862523,134.99885497609134
filtered_RN181281_segment_3.wav,PSW,48429,48608,0.016235827664399093,-4564.28748271816,9076.413722752544,119.67408027258104,1310.5196880335175,24.527331734505434,519.8241046105418,-17.66379293038244,126.6173380104163
filtered_RN181281_segment_3.wav,PSW,44385,44525,0.012698412698412698,-2982.127364773771,4897.289181880794,-39.149518903257096,1021.8225848334249,-22.973038230167198,467.1982244189679,16.50795652094633,95.13804395628283
filtered_RN181281_segment_3.wav,PSW,45536,45661,0.011337868480725623,-7989.642917436928,9325.825252289049,-288.4526005885031,3063.4876281538272,-14.336434090989288,346.27647331962527,-15.55458915862969,124.44117701336562
filtered_RN181281_segment_3.wav,Fibrillation,47041,47216,0.015873015873015872,1231.8824389595488,3587.763580413699,-171.45419979886486,1458.5306800575693,96.1483721692516,646.4515478136183,6.2110255055674495,264.930536137996
filtered_RN181281_segment_3.wav,Fibrillation,45459,45554,0.008616780045351474,-1968.878328939917,3740.0346915333835,125.52384331374934,794.4273532326905,-9.014308945687773,336.1227991037962,17.421645302439387,135.2447870255612
filtered_RN181281_segment_3.wav,Fibrillation,48780,48914,0.012154195011337868,-346.8593798398156,4007.372542069585,-198.53396822957893,1645.941332502508,78.09670056572328,657.2783353083479,10.368449117053256,313.67809243352457
filtered_RN181281_segment_3.wav,PSW,48860,48955,0.008616780045351474,-909.5565764585098,2031.2976367334725,-143.04239515366353,863.6799842544381,11.318855264348164,253.59329757611923,4.957652988276133,52.28815387548704
filtered_RN181281_segment_3.wav,PSW,46797,47028,0.02095238095238095,-2489.7213323087294,5075.170508738396,-124.39175186050844,1208.0937308321436,15.92244150677137,131.12164347608325,3.368748358964256,93.73217629264781
filtered_RN181281_segment_3.wav,PSW,49200,49292,0.008344671201814058,-3489.7023522865234,4348.00737728623,-17.24635810810161,457.11211139042217,-0.08652562423587261,98.06449758083114,6.344994610412346,57.22530254173995
filtered_RN181281_segment_3.wav,PSW,50013,50314,0.027301587301587302,-2657.838146165561,8720.208223372516,107.31292816768536,1023.0694558784402,21.421543009705715,397.5794634466666,-5.113951206721705,109.0925061285553
filtered_RN181281_segment_3.wav,PSW,51540,51649,0.009886621315192743,-2785.750252461513,4273.149452633091,-304.84199948205713,1535.807792411004,7.717338359020868,173.44377984727856,-6.4958589620716625,100.90852665024943
filtered_RN181281_segment_3.wav,PSW,51649,51827,0.01614512471655329,1158.9500740948292,4603.962983681737,-86.63844108726285,1330.963152018015,-2.0024404249715713,270.59484697042944,-9.046607290778061,98.61906961292432
filtered_RN181281_segment_3.wav,PSW,52334,52562,0.020680272108843538,-3875.093700759786,8663.308233706392,-110.19835031504928,2103.9375924689393,-24.924134277855682,444.133738422489,-16.16964682330296,109.74665253114179
filtered_RN181281_segment_3.wav,PSW,56024,56228,0.01850340136054422,-3201.4392543848944,9018.900389059801,119.2912678835677,1402.7842495392645,-15.61153102841171,534.4403115544163,4.366149184327686,111.01407176817773
filtered_RN181281_segment_3.wav,PSW,53985,54194,0.018956916099773242,-5531.764996453991,10826.955550981635,-162.46258660288495,2323.561085344921,-13.276701428259981,647.2803466381489,7.1150909198996715,129.37770065242955
filtered_RN181281_segment_3.wav,Fibrillation,52131,52256,0.011337868480725623,-1869.3362435078566,2912.6528774735166,275.4573894443985,2918.7102499994367,-108.32709759422315,694.6983129023125,13.699176886603334,330.5465464613648
filtered_RN181281_segment_3.wav,Fibrillation,55327,55486,0.014421768707482994,-2363.762768652212,2399.022759718821,302.9463048401114,2740.2195928788706,69.04170965633082,663.0118116200925,3.5090688862305717,220.19314478111215
filtered_RN181281_segment_3.wav,Fibrillation,53824,53945,0.010975056689342403,-3323.7529256151643,3285.4687796010553,-204.14517462909362,4157.059583978389,142.57195230436986,810.5056959594291,1.190609846744093,253.16272408064893
filtered_RN181281_segment_3.wav,Fibrillation,50305,50449,0.013061224489795919,1181.0137637124021,3778.8683790954883,56.44337186654118,2493.616448846669,-160.1856067718708,689.889473569143,-2.8935907192093144,185.76007304716308
filtered_RN181281_segment_3.wav,Fibrillation,51585,51628,0.0039002267573696146,-4686.653036447815,3402.5963914809463,10.942970787916288,870.0444325413638,15.695822126449029,124.60382748803414,0.0,0.0
filtered_RN181281_segment_3.wav,Fibrillation,56670,56762,0.008344671201814058,1573.1639048246518,3680.421650219458,-121.32317908256466,692.3115521066657,-11.22181807514337,336.75479297164765,3.3160878288525515,130.22125312120107
filtered_RN181281_segment_3.wav,Fibrillation,58078,58227,0.013514739229024943,-1886.4389547037383,3920.721029681255,-312.4317474082417,1020.1585479579622,93.69293095743156,667.4128438287021,-9.973046736581406,262.1789271076035
filtered_RN181281_segment_3.wav,PSW,53924,54003,0.007165532879818594,-2349.7337725823727,3658.615132383591,-181.98903688327823,992.4070681908431,21.251855929870718,242.92042605330514,1.9822811849617639,73.49627973869224
filtered_RN181281_segment_3.wav,PSW,58181,58264,0.007528344671201814,1240.037374167709,6077.946944257508,-61.61696874590686,562.4398736144875,-41.84254933989718,145.47452069115795,3.158721742785619,48.278576544877836
filtered_RN181281_segment_3.wav,PSW,58264,58379,0.010430839002267574,-6498.087159205724,9494.567881379697,-267.18716058640047,3417.417383379867,-44.1610549938267,467.2090768905481,9.317102649917675,111.76290933493462
filtered_RN181281_segment_3.wav,PSW,56425,56550,0.011337868480725623,-1514.263809128149,5386.730259367843,-79.42567108867493,1073.8551764769518,1.740997720828457,353.4723962932658,-10.332874497446596,96.41541472646882
filtered_RN181281_segment_3.wav,PSW,61229,61400,0.015510204081632653,-1853.7285377244625,6407.2078131506305,136.19011228808864,422.79016166243275,-10.041663660551501,213.6928222069696,-3.229022921363878,85.87397963049519
filtered_RN181281_segment_3.wav,PSW,58792,58999,0.018775510204081632,-2337.973531066899,5182.416427226357,-88.4152513842901,1059.3370942949937,9.61174456627845,272.63814426211565,7.425657590364508,90.92008221429859
filtered_RN181281_segment_3.wav,PSW,60228,60529,0.027301587301587302,-3180.3510191575483,8312.183408651472,121.67337724406369,737.0936080508562,-20.987345357149454,262.2230388291594,-0.7470564493456223,103.21564350107657
filtered_RN181281_segment_3.wav,Fibrillation,60772,60906,0.012154195011337868,-2053.0077159548096,3494.8572870776084,313.781270662131,2908.5055808430775,-20.765980053624215,672.0618750534119,18.312037253005915,408.04680797980166
filtered_RN181281_segment_3.wav,Fibrillation,59625,59733,0.009795918367346938,-1107.2599719742016,3722.663645563683,-79.29893819530209,608.8961598253464,-0.7881617625170847,335.89250526547045,7.553058029221789,125.52666542836032
filtered_RN181281_segment_3.wav,PSW,60870,60961,0.008253968253968255,-1172.9483078357362,3575.0099273221545,-162.29128865848404,861.5701792509437,11.687336200714622,189.74501426564865,-6.269501217053649,57.23033804812481
filtered_RN181281_segment_3.wav,PSW,59698,59785,0.007891156462585034,-3534.2617463673987,1345.7694872587233,-12.379709821944324,183.6773115315774,2.7671878533055976,113.84432386096711,-5.554298938537306,52.69894795810928
filtered_RN181281_segment_3.wav,PSW,66041,66191,0.013605442176870748,-2990.032203380922,5695.06923058001,-33.831949330636185,1137.288848676027,-41.798481018721425,389.7917094503658,6.201595839345184,81.07452978052903
filtered_RN181281_segment_3.wav,PSW,66320,66486,0.015056689342403628,-5201.019182406099,9440.511520387077,139.29936917806512,1359.3670900924112,36.39417482380307,532.3622025559947,-19.288448657979792,113.58421094532817
filtered_RN181281_segment_3.wav,PSW,64592,64746,0.013968253968253968,-8109.366336424329,9047.91374730015,149.52855663170016,1025.9082276172946,-25.1222935887605,404.5903340069695,11.388703784306724,135.24505142028872
filtered_RN181281_segment_3.wav,Fibrillation,62664,62792,0.011609977324263039,-1730.1375882468528,3640.3438867709497,24.966165697474413,2600.0192260281183,-93.99013784773837,636.2103902473752,-0.5637481063594919,175.40177569853577
filtered_RN181281_segment_3.wav,Fibrillation,64801,64950,0.013514739229024943,-1088.7111022957597,2828.1118876635937,242.23527503797104,2881.9260158627562,106.2805126033655,762.6655487196789,-2.380501679597396,166.7372683278605
filtered_RN181281_segment_3.wav,PSW,62794,62980,0.016870748299319727,-5443.097129512229,10685.416148676868,-55.59546717817312,1862.018737140846,-5.692046176106805,610.7970908733662,6.512656591404588,114.5472933217127
filtered_RN181281_segment_3.wav,PSW,68261,68385,0.011247165532879818,-10567.600561569605,9481.838874076604,214.97868518495628,1023.4290865850635,26.34712192406539,471.38001632466484,-23.43572715837149,149.54289081421177
filtered_RN181281_segment_3.wav,PSW,68410,68567,0.014240362811791384,1006.9853963792763,4928.067359489031,33.77637197278362,903.9303395737511,-6.784632149328466,392.6346556715727,0.3662808625771726,101.9048837104795
filtered_RN181281_segment_3.wav,PSW,70809,70973,0.014875283446712018,-4471.670006669137,5166.930078091343,-57.04103515549285,1048.7853651633648,18.76037952109669,345.7479148307389,2.2655434721770584,133.53309859751036
filtered_RN181281_segment_3.wav,PSW,70162,70298,0.012335600907029478,-5391.178417878292,8645.501028540773,-127.0613938805952,2389.646114160699,-4.559601306793955,564.5543331150099,-5.850832289989214,103.19742785020227
filtered_RN181281_segment_3.wav,Fibrillation,69897,70070,0.015691609977324262,-3481.5350537678314,2460.8442896058714,120.38506938674345,2514.404739362614,-103.42043014878637,599.6944012882283,-23.683251113886495,182.9572627010233
filtered_RN181281_segment_3.wav,Fibrillation,66571,66769,0.017959183673469388,31.504404438692518,2660.5670914474435,29.270026616708567,2220.978853773895,-51.17078473364997,553.8482680439001,-34.43732396195006,165.79702860203838
filtered_RN181281_segment_3.wav,Fibrillation,68171,68286,0.010430839002267574,-3820.5166180943165,3777.3166368143284,115.47062121380479,2889.082642835529,53.06417508282583,614.8701771369149,4.877264530911881,353.54272751364255
filtered_RN181281_segment_3.wav,Fibrillation,71850,72094,0.022131519274376416,-3103.9432452962424,2466.800543641869,146.0637351642967,2333.1829325388026,55.51995708931311,551.6943789340007,-9.52304507776395,175.06630212438645
filtered_RN181281_segment_3.wav,Fibrillation,73525,73606,0.007346938775510204,655.8411085838968,3939.333181064042,-136.66750148214652,702.9775980613845,1.4777110424581283,333.97052495215314,3.745695342985663,152.14605322843948
filtered_RN181281_segment_3.wav,PSW,72579,72761,0.01650793650793651,-3479.0640837279743,8775.871766054455,-58.01268163504519,1965.1565146016453,36.51294436157465,558.1772014151861,8.517381425401139,105.62456308910991
filtered_RN181281_segment_3.wav,PSW,73208,73426,0.019773242630385487,-3049.592707769171,5149.817857010255,-68.89723453163997,1210.2333446212651,-33.255134535706816,315.53398383070953,1.1062248266679011,107.49997546087194
filtered_RN181281_segment_3.wav,PSW,74264,74446,0.01650793650793651,-4996.937490863305,8933.998557467276,71.4457386104402,1413.3990031352835,37.62781893469604,557.9774987953907,-10.69213121917803,87.54773744239453
filtered_RN181281_segment_3.wav,PSW,75948,76121,0.015691609977324262,-298.1340534793463,9233.2664521665,83.96456562250951,1628.9173188847758,-22.719344933478883,515.3655406409375,17.700086074715504,84.86873681316057
filtered_RN181281_segment_3.wav,Fibrillation,76917,77064,0.013333333333333334,-3607.187922078355,2915.7570834146877,64.00125257265735,2396.5744457690284,-4.735117217529115,552.1443094251679,26.116541085901652,344.50260331617693
filtered_RN181281_segment_3.wav,Fibrillation,75408,75535,0.011519274376417234,-2783.441981300827,3034.9670223512467,43.56339910759338,2714.237392626789,-66.14201175849604,577.7098449879163,-5.515650096187339,243.62269003067803
filtered_RN181281_segment_3.wav,PSW,75626,75738,0.010158730158730159,-3933.7683511319124,25166.454565139204,352.33818014106004,10451.759573156758,66.7031173062654,1417.11694687471,17.24020553061163,782.1095707616427
filtered_RN181281_segment_3.wav,PSW,75812,75891,0.007165532879818594,-1168.632020407027,1813.8991805766377,-25.896202617263235,272.4212449946294,-3.4314104588383145,87.86118796574003,0.008099340926776883,64.9238715131562
filtered_RN181281_segment_3.wav,PSW,77863,78016,0.013877551020408163,-5460.321734494104,8653.987952565158,72.31027025040032,1433.0228995481777,-13.56241994636655,524.1604012808801,15.559665198817745,93.39852370775996
filtered_RN181281_segment_3.wav,PSW,78037,78273,0.02140589569160998,106.58490655827778,4903.850908365931,-106.97217129493472,1034.6444650841493,28.018157119412404,231.95617422676258,13.92518181076996,95.07451526525514
filtered_RN181281_segment_3.wav,PSW,82449,82679,0.020861678004535148,-3047.116135108682,7929.327582279557,-159.07272078838938,2289.473246572275,-4.013086571993115,300.98587193298226,6.653596788901056,83.44227725772954
filtered_RN181281_segment_3.wav,PSW,80454,80645,0.017324263038548754,-3608.4763839505945,6074.581641697575,77.77177884816939,719.1740571225297,-31.336702213622686,381.39495956995313,-9.986933029522021,97.95405739100957
filtered_RN181281_segment_3.wav,Fibrillation,81742,81983,0.021859410430839003,-3189.230002407092,3025.2624557411,-160.89358849014764,1132.9185750947452,84.91616359966508,606.2702247955458,-5.345017235801294,150.2912689605813
filtered_RN181281_segment_3.wav,Fibrillation,80336,80445,0.009886621315192743,-1505.431490024786,3575.718536509263,-1.0139216665475874,676.622761481989,26.983527553604148,380.43334720280683,-2.4842122323829043,53.26640367250616
filtered_RN181281_segment_3.wav,PSW,81862,81995,0.012063492063492064,2805.6651789057623,8773.910469618906,-39.22295649842458,1237.6818967956272,31.52773285111061,412.6155294515693,-18.711629511738384,160.1184514058516
filtered_RN181281_segment_3.wav,PSW,79858,80017,0.014421768707482994,-4755.789351677951,9175.077986711109,225.75965917760365,822.6233056267453,-8.655083295095322,289.07873515008095,13.803946153294168,118.26141013490584
filtered_RN181281_segment_3.wav,Fibrillation,78679,78815,0.012335600907029478,-469.25219606682606,2901.0365646481227,1.1682462662059232,2281.516113840543,-97.71732046566628,617.4538002276155,5.38066828000103,192.69728941702695
filtered_RN181281_segment_3.wav,PSW,82857,83088,0.02095238095238095,123.37783373995609,5552.748503648965,97.64560657151858,440.5655862303534,-13.662719460753182,235.38864566719914,13.382351511259781,98.9057225746571
filtered_RN181281_segment_3.wav,PSW,87709,87908,0.01804988662131519,-3977.8824631205925,5270.008530172372,131.0622937670937,551.3838865055476,14.670830498837283,224.8257178223997,-2.2191070067894403,87.90610628132555
filtered_RN181281_segment_3.wav,PSW,85332,85566,0.02122448979591837,-3297.2011901912656,6907.425071398087,32.72194071373894,860.1955634065037,21.5511677788799,294.21948777154006,9.183743656198802,96.74596325277514
filtered_RN181281_segment_3.wav,Fibrillation,85193,85396,0.018412698412698412,-6500.842293830198,5751.5724205728675,43.993199151759654,2083.6956478734,-35.36044007329854,507.2811342955586,24.16804329911244,263.30385938872786
filtered_RN181281_segment_3.wav,Fibrillation,83381,83569,0.017052154195011337,571.1722415796376,3935.064818039667,-172.18517691289347,995.1277901387754,54.46035895362091,648.8362492883576,-24.020743175588393,192.00216414316358
filtered_RN181281_segment_3.wav,PSW,83482,83635,0.013877551020408163,4082.4956982004946,6933.818206595023,-236.43518091072798,1187.082103154929,117.98026322844564,675.3450014647661,-31.21002542030802,292.0632590415642
filtered_RN181281_segment_3.wav,PSW,84420,84666,0.022312925170068026,-3583.1129264186075,8030.682858019192,-151.8591361305806,2309.7084562595014,-30.654302198784713,262.2940764951064,-0.18874310934781946,95.52075741999387
filtered_RN181281_segment_3.wav,Fibrillation,86649,86849,0.018140589569160998,-796.0881346767055,2991.227237482042,-18.354934557457113,1718.7049145945534,-61.66719604489576,574.3219257127739,-4.632887412490482,122.29446859540414
filtered_RN181281_segment_3.wav,PSW,86785,86933,0.013424036281179138,1532.5332459474453,4748.162306559442,90.08496866973327,921.9897718177488,-138.8347535590154,738.9107278112677,15.350477958502752,161.995229156451
filtered_RN181281_segment_3.wav,Fibrillation,88222,88370,0.013424036281179138,755.7739359877708,3988.807605203723,-246.3600606478606,1043.2176997132112,10.517582329531942,688.6957947109946,23.680648779656366,336.7662866379453
filtered_RN181281_segment_3.wav,Fibrillation,89956,90127,0.015510204081632653,-2451.5513431120794,3501.4342591131413,-41.070773563527894,1427.3194935297586,14.683510067505743,643.9258945635913,3.2315804660290843,272.80096603715754
filtered_RN181281_segment_3.wav,PSW,88827,89010,0.016598639455782313,-1608.9310608444757,8742.385320434112,-38.669483203322585,2015.992587522918,6.622661008618885,467.38982340936406,-2.1328335138940893,97.96121054323908
filtered_RN181281_segment_3.wav,PSW,88289,88402,0.010249433106575964,4270.599967267986,6658.178120147481,-351.17339446822365,1279.5085503193372,151.33795894004777,862.0214231748176,-17.424762814789442,234.6306036199096
filtered_RN181281_segment_3.wav,PSW,90208,90425,0.019682539682539683,-903.6070224203692,6494.557037921678,48.689097328500864,665.3513124275969,11.236356961608907,391.65039597755873,-2.4576082611533088,88.20005673727414
filtered_RN181281_segment_3.wav,PSW,90727,90964,0.021496598639455782,-1319.3836457181553,8090.3053981605835,7.924317845183974,1865.3057536963315,2.7330273938994747,491.4827389497395,-9.873940861916385,97.03914672099255
filtered_RN181281_segment_3.wav,PSW,94362,94660,0.027029478458049885,-1111.1550416261107,7883.85979648722,-50.70751918706601,1795.1710707110326,9.965951128251394,418.2342654880391,3.766989463086828,114.10134666231058
filtered_RN181281_segment_3.wav,PSW,95129,95255,0.011428571428571429,-5641.471443538148,6422.287732908558,-102.22232949946378,1521.3025952096934,-22.139628303254902,496.43619993348324,-4.796059279771715,83.82739829609687
filtered_RN181281_segment_3.wav,PSW,95286,95409,0.011156462585034013,-1096.864743225548,4022.9847681236374,54.14259519503486,169.60107354431153,18.097453548180027,127.36315620713633,7.950956666240436,83.2504056330455
filtered_RN181281_segment_3.wav,Fibrillation,95212,95338,0.011428571428571429,-5544.436645830837,5497.021907786336,-4.125915351222661,2544.9214153912762,-122.78359528775796,689.2576779887683,-32.26851472017037,135.75356843162564
filtered_RN181281_segment_3.wav,Fibrillation,93598,93846,0.022494331065759637,-1463.399480403105,2571.6876599245275,179.06660257002446,2278.198671747555,65.66831475294188,597.1748487117304,-0.5116801765343082,129.04603848047788
filtered_RN181281_segment_3.wav,Fibrillation,91864,92214,0.031746031746031744,-4103.510086237236,2386.870156324127,97.54233196949117,1995.2860213326487,-39.952758296724845,464.35054513556014,7.297297207604085,162.99503821027193
filtered_RN181281_segment_3.wav,PSW,92600,93024,0.03845804988662131,-3135.877864069305,8978.524139799225,-136.43104583109778,2016.1232872785677,-29.419139550427342,370.66793503141423,9.008408490719981,98.93045600635858
filtered_RN181281_segment_3.wav,PSW,93727,93932,0.018594104308390022,2160.4922608145257,6936.664236042357,12.641796264657442,1032.6478272710915,-82.54800224119109,465.03749798463673,-7.503807292151824,103.68366558543609
filtered_RN181281_segment_3.wav,PSW,91971,92195,0.020317460317460317,-430.07566000672716,6632.843916237482,-125.44647065620545,1006.4901212105037,59.52183219988739,467.65016143609967,-7.560940410889996,215.22126712254965
filtered_RN181281_segment_3.wav,PSW,96266,96471,0.018594104308390022,-4717.378160240574,8592.21500993235,152.25116358930936,601.0590865156795,-11.31448287688547,301.8777726093671,-1.0578352186001234,115.01732349216549
filtered_RN181281_segment_3.wav,PSW,100085,100250,0.014965986394557823,-7958.454695849869,13866.188935880953,298.58077932796175,1113.5355866899788,25.32775128512386,561.2822334319562,11.812447116507194,149.74181169204167
filtered_RN181281_segment_3.wav,Fibrillation,96935,97210,0.024943310657596373,-4268.516725250271,3006.455279040452,-104.8717909611631,1021.1357034461656,67.98102682915058,613.2349764622526,-13.114833431310712,113.07647615481484
filtered_RN181281_segment_3.wav,Fibrillation,100237,100458,0.020045351473922904,6689.91042357423,2742.699187336976,163.50934655594725,2411.7542931301746,3.4097046122355974,546.7863481495269,9.992102349738984,265.61291222658076
filtered_RN181281_segment_3.wav,Fibrillation,98310,98511,0.0182312925170068,-1666.9625038943057,4196.677898768857,-131.3405289992896,1135.725497427644,-45.83211461304809,564.7070481390184,-14.453967779520971,239.36310985703895
filtered_RN181281_segment_3.wav,PSW,98430,98647,0.019682539682539683,-13.830545276725662,5901.355699491369,63.195800767117035,844.3978908738534,-52.679138666653365,538.1492569393731,7.762937972008906,92.50178194748506
filtered_RN181281_segment_3.wav,PSW,98018,98255,0.021496598639455782,-1900.8291677142042,7906.267260957543,95.85124870203947,1064.9714231615874,-16.03504761652988,354.4265212949653,-12.606545686063576,114.84778785070931
filtered_RN181281_segment_3.wav,PSW,97574,97778,0.01850340136054422,-4219.095503955082,6316.043633789031,56.53619349204783,1001.2136588011725,-23.41231855395592,448.29097432237705,-0.8387686685772299,103.76640168670669
filtered_RN181281_segment_3.wav,PSW,100315,100461,0.013242630385487529,13977.639767999612,8298.511342214639,11.013596662652406,1155.8572074845517,-13.046533466601977,419.51118477330704,-9.116276825346665,119.6152828034134
filtered_RN181281_segment_3.wav,PSW,105037,105230,0.017505668934240364,-3117.9680383735445,7290.838834905518,-124.11812767584985,1701.2286068945857,21.975886190748884,214.54783606801666,0.8685082732040672,106.34121200037006
filtered_RN181281_segment_3.wav,Fibrillation,101523,101672,0.013514739229024943,-1747.2227221258331,2426.8912693212906,226.8183245174693,2634.858884781222,115.69535024124286,703.9146897316016,-2.5265929811304995,106.8266815927279
filtered_RN181281_segment_3.wav,Fibrillation,102821,103076,0.02312925170068027,3407.8254201404084,2669.1254146653177,62.24076662993416,1885.5245808145692,19.21963374175355,371.92195495433157,12.309695820747532,276.4868005775139
filtered_RN181281_segment_3.wav,Fibrillation,104755,104972,0.019682539682539683,-2940.0553455057147,3096.054815002666,-193.22904731783748,979.7235684479617,41.31180334338643,585.1599445691343,15.401253897550259,172.60758578726308
filtered_RN181281_segment_3.wav,PSW,104848,104972,0.011247165532879818,-5102.080758981184,4282.3718846999345,-55.152034044441095,1752.6934994357687,278.7637079902916,1416.3620503453128,-12.426539343734804,349.76533807767254
filtered_RN181281_segment_3.wav,PSW,102899,103013,0.010340136054421769,567.9483579265714,2090.7638111857405,27.319240859396366,193.09432834851026,-29.706921826258473,187.03600326266664,-6.217985467831331,118.37839830759283
filtered_RN181281_segment_3.wav,PSW,102486,102638,0.013786848072562358,-4837.332376559803,6671.440053734737,159.78176524183544,699.813861334338,-12.23702417533196,412.30547532758993,13.394367657552445,125.79007911662838
filtered_RN181281_segment_3.wav,PSW,101617,101731,0.010340136054421769,3624.136347085019,7343.349449704904,-140.39712456722938,1430.0347847541527,132.6319112954066,749.0473443795435,-30.536024620713317,289.14947703155184
filtered_RN181281_segment_3.wav,PSW,108701,109108,0.03691609977324263,-2092.5713690134176,6875.47850739103,-81.12844598927286,1671.8191915802456,3.2890251345236257,244.45001347941013,2.5324817517931577,97.34851922875639
filtered_RN181281_segment_3.wav,PSW,110086,110352,0.02412698412698413,15.912699103904504,8051.142088775114,-142.63483571541101,1511.6649482573387,9.770639343344252,238.21577829214814,8.045329752401981,115.83421458507945
filtered_RN181281_segment_3.wav,PSW,107478,107808,0.029931972789115645,-2684.1090270142504,7088.110595967612,59.040075081388146,706.472532941574,-25.608436566148228,383.8060145875058,0.07849555808463334,83.05101564684223
filtered_RN181281_segment_3.wav,PSW,106538,106865,0.029659863945578232,-2129.5864125626263,7534.701474205808,76.69857953173087,376.58758341932986,-23.383314922585747,205.65895078108446,1.9561096378205176,99.41803898782884
filtered_RN181281_segment_3.wav,Fibrillation,109470,109630,0.014512471655328799,-4420.865641066088,3040.330234525249,62.24397444743039,2077.835744692865,-45.4177446139647,454.100757708101,14.012330813738476,261.93501105902277
filtered_RN181281_segment_3.wav,Fibrillation,107820,107976,0.014149659863945578,3573.949351066297,3217.6088842927875,-53.49784274467338,2069.107713519041,-40.540308115476755,467.11588285990103,14.871267456391637,313.97581169257666
filtered_RN181281_segment_3.wav,Fibrillation,106252,106470,0.019773242630385487,-3545.492965572625,2217.056630410294,152.0661378484872,2151.2695495213493,57.77021566913563,531.6641950823256,-7.300924782568694,204.72422535749547
filtered_RN181281_segment_3.wav,PSW,107897,108017,0.010884353741496598,7150.343724320791,7056.457162439076,124.6777753357666,1129.1933011855663,-94.81040213195476,716.1453675625548,-2.1086376399877818,143.6474521075642
filtered_RN181281_segment_3.wav,PSW,109544,109700,0.014149659863945578,-4517.406060123559,1956.5094815555751,103.78671443604799,502.56704693214016,-100.40123974048757,543.7678327581436,11.280921537953166,188.79406851167397
filtered_RN181281_segment_3.wav,Fibrillation,110933,111178,0.022222222222222223,-733.9162195773654,2862.399389232941,97.6402786036445,2235.980855877502,-71.49681923560487,517.4135824104413,-11.236974791044393,189.6964081454124
filtered_RN181281_segment_3.wav,Fibrillation,112687,112820,0.012063492063492064,891.6674403086985,4565.9126912390075,-87.68896322333337,1532.687694836663,-103.2009529152666,700.4606270610001,-37.152295246618735,163.47936431453405
filtered_RN181281_segment_3.wav,PSW,110630,110876,0.022312925170068026,-903.3256525790692,7494.080715373883,-82.7949613096554,1841.7689505293617,0.9122893948597393,342.6401698782342,-2.3159064268880742,105.20330564211568
filtered_RN181281_segment_3.wav,PSW,111096,111260,0.014875283446712018,-837.0212673272134,3089.124339609116,142.02511541795047,697.5356597162627,-91.67645503234836,666.3281421684643,15.97687696254478,171.15927134103086
filtered_RN181281_segment_3.wav,PSW,112340,112588,0.022494331065759637,-2671.6479753364106,7653.23133401006,116.41110995496678,885.4762891070087,-20.128060937340223,314.34919279794036,2.5036284682274363,116.57320200922014
filtered_RN181281_segment_3.wav,PSW,112605,112701,0.008707482993197279,-2068.016703767537,5725.9655645746625,-26.958311159584373,636.3771869439156,0.31594608359238624,126.47407184362456,5.9263353192329715,53.110441035054045
filtered_RN181281_segment_3.wav,PSW,112752,112916,0.014875283446712018,4070.7275038507314,4109.099962560973,31.197482225097836,190.45546828468005,-40.05335824254642,194.12195534863082,11.116965941062519,119.33066466049596
filtered_BA0803901_segment_1.wav,Fibrillation,568,751,0.016598639455782313,1400.7453394604381,740.8879895687309,-178.6916728105847,591.6955667729791,-44.16968902273011,273.0627180315063,5.834019416315397,149.14309142702967
filtered_BA0803901_segment_1.wav,Fibrillation,2265,2434,0.015328798185941043,-1181.0690040908469,733.5893670436458,-35.69697842521389,436.4618992314734,59.521849783760004,617.1025377625396,4.895202922068542,101.51290068125107
filtered_BA0803901_segment_1.wav,Fibrillation,3690,3876,0.016870748299319727,-1184.7876589808666,597.0245186948919,131.6058699908699,643.6569920744755,-96.0621154304836,516.0025439955278,-18.311773202488908,157.48580924276663
filtered_BA0803901_segment_1.wav,Fibrillation,3977,4135,0.014331065759637189,-1419.0787146174614,670.7789328536082,-228.8471670888196,726.4707005138024,-32.48391788850112,259.4653874553694,10.37098582029349,175.574829527702
filtered_BA0803901_segment_1.wav,Fibrillation,5671,5865,0.017596371882086168,892.0002346200514,771.7466174773168,-107.73964582107172,568.4579636987087,-50.63899041374605,419.5843277914267,-2.4662980169282767,174.97968392751918
filtered_BA0803901_segment_1.wav,Fibrillation,7375,7512,0.012426303854875283,1173.5133748881185,687.9704079635111,215.95193499939074,919.194686951155,-97.7436943158492,385.1239645990417,-3.0657178524196964,119.46609934925898
filtered_BA0803901_segment_1.wav,Fibrillation,9044,9238,0.017596371882086168,-1687.1665697838105,766.5847050604292,-207.64797043486053,673.5578053486763,-7.208512704642513,293.1320396561542,1.3672558954092977,257.5775646824763
filtered_BA0803901_segment_1.wav,PSW,7914,8029,0.010430839002267574,-1216.939510856838,545.6144559262781,-30.652612140800024,207.84397836746373,-14.12740888300939,80.20476839476703,-0.6792303652367417,40.947145079356616
filtered_BA0803901_segment_1.wav,PSW,8061,8168,0.009705215419501133,-449.5111519522245,309.39223647736935,14.040116571972064,151.46069934293402,2.7172031721866743,57.66877301987168,4.892854153321062,31.35602013362698
filtered_BA0803901_segment_1.wav,PSW,7131,7235,0.00943310657596372,1420.828343287864,857.3797241393278,-27.545332090601647,237.46674551223165,8.43021162240476,64.94190074944763,5.130869097369163,31.45500416444432
filtered_BA0803901_segment_1.wav,PSW,6999,7085,0.007800453514739229,2322.9482211155328,774.8408097752362,60.366589270349266,386.6356447369035,18.76793503218618,105.18089588263935,1.8872388186070728,32.818156210970095
filtered_BA0803901_segment_1.wav,Fibrillation,10787,10906,0.010793650793650795,-6976.31300204399,665.7463619448428,107.52463180097057,658.168890077113,93.55137380984851,664.3202114258872,0.551908697043132,51.51643978642705
filtered_BA0803901_segment_1.wav,Fibrillation,12466,12604,0.012517006802721088,5735.520285803047,600.9419439193913,204.55602182218277,941.3099433016902,-33.26440549713857,284.95366363239685,7.32783853687102,258.1648232378152
filtered_BA0803901_segment_1.wav,Fibrillation,14151,14305,0.013968253968253968,-573.2469118148612,651.8193965207269,-3.386556982499613,601.5727033246379,47.32594642012,636.773784533424,14.639282704451647,250.53811277018147
filtered_BA0803901_segment_1.wav,Fibrillation,15855,15999,0.013061224489795919,221.00666475162873,552.0424455112967,257.16918676224884,1034.290146900893,-21.941445178578533,312.24406895062384,6.655646181386845,302.88105174109785
filtered_BA0803901_segment_1.wav,Fibrillation,19301,19436,0.012244897959183673,-134.68985538522483,938.013322584668,-247.6769770339002,843.3652064273399,-94.30349664874488,408.8586647024103,-0.6990225006354989,135.86347546691147
filtered_BA0803901_segment_1.wav,Fibrillation,20042,20174,0.01197278911564626,1145.726903450805,978.1017545311313,-44.51899053423,465.8571532879305,42.185808322674866,459.3483339204995,6.694638768758459,148.6301723703834
filtered_BA0803901_segment_1.wav,Fibrillation,21021,21144,0.011156462585034013,-2525.5217643232313,883.7860102292625,226.5382399321325,985.1513764712815,-89.8536762921105,520.721314044038,-14.045738444519188,137.718240133115
filtered_BA0803901_segment_1.wav,Fibrillation,22738,22846,0.009795918367346938,119.67110875124854,847.0294222454326,84.81235886790238,838.121045031651,-2.5206216311855263,308.73600468362395,-5.761387361860596,34.32667277330731
filtered_BA0803901_segment_1.wav,Fibrillation,24456,24572,0.01052154195011338,29.923022202001963,897.131757813983,-84.28879749288863,773.3704816128583,54.929208847590246,805.6338378373546,12.587865198901106,375.53512566311645
filtered_BA0803901_segment_1.wav,Fibrillation,27880,28006,0.011428571428571429,245.09917306121633,1062.8349313478548,-138.09400247502134,1122.3398419105083,18.708112746409704,1035.5989969227335,5.291678534730192,539.3198673901892
filtered_BA0803901_segment_1.wav,Fibrillation,26172,26301,0.011700680272108844,-6716.673082385048,1165.4143220387082,178.2328322149518,1049.4482114760567,144.06959723946963,1006.4677814663086,-2.4868006341979707,88.73704552109383
filtered_BA0803901_segment_1.wav,PSW,26427,26605,0.01614512471655329,618.9455518462437,1739.2223717913694,99.15657597242222,337.8238878399785,12.53621031383936,166.73435648805432,-6.714995285885804,113.5212476360017
filtered_BA0803901_segment_1.wav,PSW,27084,27188,0.00943310657596372,2218.8924745947866,636.1571778580546,2.487768430226528,105.97982320828355,4.770403828738869,66.78349248034583,0.5708777473371885,29.268551764517024
filtered_BA0803901_segment_1.wav,PSW,29085,29190,0.009523809523809525,-2407.259841678202,496.97888701048566,19.225832353456394,198.11333110772483,-7.846922177792029,55.306245852439226,0.6726117947230531,38.756062539936046
filtered_BA0803901_segment_1.wav,PSW,5022,5189,0.015147392290249433,-1870.4163083975066,2131.2761812841673,-10.16771192463186,406.72932105359166,2.8470873998590798,114.60613928490078,-1.1993145073002085,43.757987444028196
filtered_BA0803901_segment_1.wav,PSW,6613,6725,0.010158730158730159,1490.8810259059003,418.6132513641431,11.052910742682865,98.72127734846059,1.8621252336286858,94.9957908508266,12.81599034191469,52.10233477077396
filtered_BA0803901_segment_1.wav,Fibrillation,29615,29699,0.007619047619047619,-1171.8386607434795,1488.3905331404849,294.27113158983263,1544.7674465431537,-17.02071877807054,139.2935632368956,-18.618006865767537,88.31078048600504
filtered_BA0803901_segment_1.wav,Fibrillation,33021,33125,0.00943310657596372,831.1350066842468,1616.4122850305919,-112.30274114393576,1160.4154450546944,-16.603579088691884,529.1252244428833,13.019093253961856,134.4906221656465
filtered_BA0803901_segment_1.wav,Fibrillation,31312,31410,0.008888888888888889,1215.8515131779795,1830.655570944678,-106.59980726042438,597.3080205544004,30.034305588917366,617.6932408530248,2.7447239122402993,108.46962546148646
filtered_BA0803901_segment_1.wav,Fibrillation,34703,34841,0.012517006802721088,5621.7057682802115,1286.772949083034,-443.62421199040654,1382.5114331776006,-48.62636284335864,556.7885309335063,5.570590563506435,491.58234029739816
filtered_BA0803901_segment_1.wav,PSW,32569,32682,0.010249433106575964,-1321.2645328282126,1842.7436098403625,148.56891901600835,461.1254605043741,4.542333795313266,128.233867135411,-0.8134774754803432,120.13911252544821
filtered_BA0803901_segment_1.wav,Fibrillation,36423,36556,0.012063492063492064,2989.3780798668568,993.5125955073513,413.6374331750618,1631.344315931104,8.462155258540266,707.6207757034634,-5.541801679895194,509.4626392122723
filtered_BA0803901_segment_1.wav,Fibrillation,38074,38174,0.009070294784580499,858.3190477885556,606.3866576822841,22.53641132247786,344.8155727589544,6.8211446036424945,72.5435997681705,-5.6915708782426435,34.09604126751058
filtered_BA0803901_segment_1.wav,Fibrillation,38152,38242,0.00816326530612245,1611.1627732465136,1785.158218069278,79.03744819154298,973.9189138924843,-27.026844811501437,506.58794829793544,-5.044683829933782,69.16395090853308
filtered_BA0803901_segment_1.wav,Fibrillation,39871,39983,0.010158730158730159,-2630.1877443605636,1428.0788808797527,-155.0256684283265,771.9273293717779,153.87384928759815,1253.6866803252935,10.320253328760211,214.303516917931
filtered_BA0803901_segment_1.wav,PSW,37366,37471,0.009523809523809525,-148.50393033320256,563.6116553831088,22.376009586860278,136.12203699309637,-7.75151917243158,72.85065422324189,0.5271570880035211,25.420483711989597
filtered_BA0803901_segment_1.wav,PSW,35196,35301,0.009523809523809525,1536.0995014801636,344.0727454308679,6.704884302848216,93.53562517517966,-1.8029683387007234,50.59579640161627,1.9531800189249526,27.017400722215335
filtered_BA0803901_segment_1.wav,PSW,37238,37321,0.007528344671201814,587.5419724132021,268.5774270322095,-1.1560154521437154,67.13262965563207,-0.8424206023274062,38.050409898853076,2.2256075511676605,35.737183816019645
filtered_BA0803901_segment_1.wav,PSW,30811,30911,0.009070294784580499,340.36879673219414,467.67095438924997,11.887542358473853,112.14389403154152,-3.992493359051315,67.9733065705572,-0.6015301229569409,44.85370988260352
filtered_RN181281_segment_2.wav,PSW,453,638,0.016780045351473923,-2024.5667214209655,2422.355299180098,47.742182545334515,231.52283481803715,-52.33890960889811,215.76277418516997,14.504754537495923,94.23925735130364
filtered_RN181281_segment_2.wav,PSW,1773,1990,0.019682539682539683,1277.781390295962,2769.434567330665,10.911763658424018,313.6814148097137,20.07676825995148,142.74536011602248,1.9020568745865025,113.1410814875434
filtered_RN181281_segment_2.wav,PSW,2084,2230,0.013242630385487529,2602.9872288517895,2925.2671242432207,-44.589067158995206,181.25001635866687,19.970751081551455,229.1558433242259,-16.071659626311572,72.1062883591587
filtered_RN181281_segment_2.wav,PSW,2348,2545,0.01786848072562358,1959.960243136965,3507.8300645391637,-185.14869925776514,1446.2078117974806,-56.83181001779566,368.4353934202137,11.475296205708153,140.86639662620033
filtered_RN181281_segment_2.wav,PSW,2999,3172,0.015691609977324262,327.77389181398223,2213.721349147121,60.13046627161982,670.0079928170064,-18.87533429573115,166.1313534954176,-20.989636385469318,115.80371239294942
filtered_RN181281_segment_2.wav,PSW,4307,4532,0.02040816326530612,1479.9994714941145,2630.7585288617665,20.596158287146928,409.7727805973158,19.767432665005156,125.78707442389852,9.343933134538652,141.0505596797306
filtered_RN181281_segment_2.wav,PSW,4871,5095,0.020317460317460317,401.3713996384298,3044.0297449032196,183.427972352234,1492.9090181145618,27.226871953872703,535.3380147522248,14.740115510863873,120.33634261972696
filtered_RN181281_segment_2.wav,PSW,5470,5722,0.022857142857142857,60.51511582724834,3646.0409327457896,-53.96387569323979,318.4530977258836,8.133903463311553,184.90117391294916,-2.2853459895905646,111.86328392249226
filtered_RN181281_segment_2.wav,PSW,10495,10644,0.013514739229024943,-910.7553162269264,1871.1193985815125,3.8600513149927225,251.17771706905845,30.208303675095987,160.67684636544053,-6.524153548801616,103.58514192509703
filtered_RN181281_segment_2.wav,PSW,9821,9974,0.013877551020408163,-973.5605897772625,3287.9605325272087,84.97851496348588,949.3223312273061,-54.80918926918775,795.5216808690398,10.89145143064663,149.32428498572034
filtered_RN181281_segment_2.wav,PSW,9269,9379,0.009977324263038548,-1042.8521325751396,1878.1754949642477,41.44640236607574,155.7881556229821,-11.743108831280324,131.5602475294918,-6.3043740424374946,52.12080034079077
filtered_RN181281_segment_2.wav,PSW,8816,8969,0.013877551020408163,338.7479732730304,2321.3448290650185,-43.31193400063819,399.95226531519995,-12.843320783353736,177.96164438732293,15.49433621532035,111.64510419017515
filtered_RN181281_segment_2.wav,PSW,8000,8138,0.012517006802721088,-539.7479439974251,1704.5860434240185,24.63363648636102,350.5977509516867,-1.9761154325724346,178.28000227417826,17.857442235251067,112.98616718772347
filtered_RN181281_segment_2.wav,PSW,7326,7531,0.018594104308390022,-295.83852429775214,3335.090859777674,-66.78387153504771,817.1713983625597,-6.273263274215609,723.6451087553204,-21.117878522858266,177.52976218547633
filtered_RN181281_segment_2.wav,PSW,6794,6995,0.0182312925170068,-528.423730767157,2897.3748577019483,-28.039106225456226,101.34340800643432,3.1009290809944883,169.50090554208634,12.48630643559034,101.69924191324615
filtered_RN181281_segment_2.wav,Fibrillation,2384,2474,0.00816326530612245,-271.9034348118323,3056.4292743883652,60.71154636666192,822.4580183049734,24.578040496864578,165.51757181761877,-3.1997896399605357,61.77975537137771
filtered_RN181281_segment_2.wav,Fibrillation,4890,4985,0.008616780045351474,-1321.5644424451898,2789.117709119845,-100.98036901903272,863.5241579974477,-0.378872208185816,166.71778063377363,-1.3679834732052467,58.63456902156158
filtered_RN181281_segment_2.wav,Fibrillation,7357,7452,0.008616780045351474,-1757.6378556396096,2723.7583382075245,65.06592135618736,862.8590401593725,8.65796073502439,178.37570361904895,5.061021175942719,69.22209571788606
filtered_RN181281_segment_2.wav,Fibrillation,9852,9923,0.006439909297052154,-3005.035073082139,2043.704313700757,-86.47675683436134,1170.55723096873,-18.7936631528891,235.2199996279503,11.463724002163945,54.497170020330174
filtered_RN181281_segment_2.wav,PSW,11728,11840,0.010158730158730159,-1275.1271825383724,2232.491907080965,29.05989051372469,291.91336335804704,-40.39026065809966,209.81676777722535,-12.284870769941104,134.80854045020442
filtered_RN181281_segment_2.wav,PSW,11923,12052,0.011700680272108844,1255.651983060993,2508.2353394734773,-15.998378328548844,185.85614868072165,-28.323028418755666,180.97459855703164,7.4262713806019995,117.83587218385549
filtered_RN181281_segment_2.wav,PSW,12213,12349,0.012335600907029478,266.56641980300856,3385.8854340729254,255.91531590925158,1396.724811694142,-87.8018648750447,612.1831037668055,8.823234035693368,162.6384988870924
filtered_RN181281_segment_2.wav,PSW,12931,13078,0.013333333333333334,-1119.6575887613662,2639.2456269318272,-48.12707564162909,458.5982448463021,-45.21726045104216,212.82603386967907,-8.94324221068756,93.14991893668093
filtered_RN181281_segment_2.wav,PSW,17163,17337,0.01578231292517007,-2243.720261061277,2613.5332531239756,-144.72807477758312,1473.9735659228315,-77.72156724049484,762.4839437780297,11.921996030074686,128.44670500652242
filtered_RN181281_segment_2.wav,PSW,17728,17941,0.019319727891156463,-1376.8857025183688,2759.208830185871,-17.229450748336156,308.93148642156655,-19.607037960927993,208.04573701899173,9.583912748885702,106.55546846158808
filtered_RN181281_segment_2.wav,PSW,16612,16727,0.010430839002267574,-2119.105498370253,2293.161420501853,-17.516941588151504,312.21668926115984,42.01200119332863,184.81216200238285,2.7181841903911526,92.45743266302841
filtered_RN181281_segment_2.wav,PSW,15394,15520,0.011428571428571429,168.95694252950275,2230.737215083665,64.14932920889014,464.7131106113111,7.087575219423914,147.0460326292919,9.61308641596312,154.95703585120634
filtered_RN181281_segment_2.wav,PSW,14909,15063,0.013968253968253968,1480.505061379372,2049.099109570811,73.74086731251212,442.95340257066675,-2.8591406752569566,196.8177099617657,-1.1593397240672338,134.80677709703693
filtered_RN181281_segment_2.wav,PSW,14623,14822,0.01804988662131519,242.25210593469126,2953.713139990058,-254.95636704312506,1407.197616949433,-47.314434821426474,408.1084422245712,-4.77967699164886,124.94627454838586
filtered_RN181281_segment_2.wav,PSW,14163,14337,0.01578231292517007,-1534.727944477336,2519.2028814933196,-10.78598286473497,371.505797765917,53.95293901229149,129.52561996469623,22.21215549545728,74.64197017824371
filtered_RN181281_segment_2.wav,Fibrillation,12209,12314,0.009523809523809525,-603.5711809857694,2971.483157149465,83.68635224785112,859.2782577624861,14.2715407438672,169.99916209752772,-1.4736646103140996,58.904994598281284
filtered_RN181281_segment_2.wav,Fibrillation,17167,17250,0.007528344671201814,-2668.712797083519,2764.238458260333,84.26874890232102,546.3491754370707,2.587716748806761,147.68266587637552,1.2073211039978942,53.698881532964734
filtered_RN181281_segment_2.wav,Fibrillation,14665,14749,0.007619047619047619,-1073.463227275642,3086.471693504822,37.65448078484118,392.05291550832254,12.156324801696142,237.35099833175744,0.35064389196120965,64.25089026927618
filtered_RN181281_segment_2.wav,Fibrillation,22223,22282,0.005351473922902495,-1878.2893444123497,2693.5639376944937,103.71446992812913,1197.6639536691277,-29.526862099559366,241.45235548090358,2.1915479783310516,61.53247585953569
filtered_RN181281_segment_2.wav,Fibrillation,19677,19761,0.007619047619047619,-2143.559808017038,2719.974686582639,15.132775183109686,328.4351946148251,-18.944726676092486,213.9506287589516,3.2904092662770275,50.592284295049325
filtered_RN181281_segment_2.wav,PSW,18944,19154,0.01904761904761905,-1511.3813512560198,2044.078005957686,27.52009821193597,285.88023009942543,9.671440349253665,169.28557278298618,-16.030266997017463,95.71624066403093
filtered_RN181281_segment_2.wav,PSW,19698,19842,0.013061224489795919,-2053.294539625775,2484.0778838463816,-183.20385121959916,1533.9607854085837,-59.923247537892856,738.1270876904666,11.454834392904514,108.0542922251477
filtered_RN181281_segment_2.wav,PSW,20189,20419,0.020861678004535148,-1206.8876558752675,2168.6309201454346,25.828190394420222,230.94589178282664,-2.958989938159645,152.92129237629277,5.659750150960833,120.99086732295413
filtered_RN181281_segment_2.wav,PSW,20506,20715,0.018956916099773242,55.149703751314306,2100.681247153982,-18.268319780207268,237.9272551069859,19.667785765536756,147.44994496442612,-3.8844463141042858,99.5661403711871
filtered_RN181281_segment_2.wav,PSW,21361,21529,0.015238095238095238,-1446.6209711136248,2156.412638608971,-6.096680166762586,477.1656711056343,-42.04694671440905,198.61235108195206,-16.368356952267273,110.3474522339834
filtered_RN181281_segment_2.wav,PSW,22229,22372,0.012970521541950114,-1214.9579251787534,3067.369127980831,-342.88941729482127,1232.3319464757344,62.36128266332219,578.4248503872207,18.81846424407994,118.39707220210079
filtered_RN181281_segment_2.wav,PSW,24654,24788,0.012154195011337868,-3154.341442105602,2449.915324256368,-250.55551613054246,1022.3677743290835,50.62046012338383,854.2955362337281,15.399787966780572,137.89336401754161
filtered_RN181281_segment_2.wav,PSW,24788,24872,0.007619047619047619,-634.4033988856418,818.4118609645261,-7.227329070878415,167.02171077713862,-2.5274716725764628,66.60466693924567,1.945013921386959,51.294432438241174
filtered_RN181281_segment_2.wav,PSW,24949,25111,0.014693877551020407,-117.33682256220129,2291.910862500435,-24.660665013112368,348.91000073768896,38.100819304324304,130.79371649341226,-9.715790113613266,88.26631498868772
filtered_RN181281_segment_2.wav,PSW,25866,26037,0.015510204081632653,-1742.6634542978009,2441.415961632465,-15.504596376497128,370.6820255036236,-44.65009405866955,178.14242225787507,-7.543825349579346,86.68218143474579
filtered_RN181281_segment_2.wav,PSW,26108,26262,0.013968253968253968,471.5612300016994,2040.9629214342601,-43.94963915317305,189.23111441419707,1.8975007186380355,139.510696802636,-1.2467585762913298,131.18852835558883
filtered_RN181281_segment_2.wav,PSW,23764,23909,0.013151927437641724,-969.3999077125433,1777.1028351104428,81.67323693130928,285.544314273198,23.541096294564536,133.2639290848958,11.837424654307053,110.61881338585835
filtered_RN181281_segment_2.wav,PSW,23220,23442,0.020136054421768707,-1119.8972768694152,2058.385612846464,31.14773463071227,539.775466237015,-22.374309790760684,117.05023090800819,-2.5777750700927418,96.19346803177774
filtered_RN181281_segment_2.wav,PSW,22582,22760,0.01614512471655329,155.30289595430332,2037.7941755734541,-13.180725004347648,365.6223921775275,47.75606760434009,133.85164986576166,0.5721467782879893,97.09638437202275
filtered_RN181281_segment_2.wav,Fibrillation,24664,24751,0.007891156462585034,-3188.6763892318404,1906.0143175226306,-44.66712970141948,1021.8612079347547,-13.556747293788579,223.98947459883672,5.317638621898743,59.75122283279051
filtered_QD161095_segment_5.wav,PSW,0,86,0.007800453514739229,-4157.087169734034,1971.1424216091661,-31.250267020870368,487.2119629496769,12.891752331398303,113.92478724883803,-4.232525086699284,37.46696131548499
filtered_QD161095_segment_5.wav,PSW,1112,1194,0.007437641723356009,-1248.3958577896842,1778.7327148835493,-2.607795100864685,319.2047326221596,-3.9458342159546005,142.50652785043857,-1.4352735638806362,45.434837353884646
filtered_QD161095_segment_5.wav,PSW,1082,1153,0.006439909297052154,-2092.2758122907803,2272.020757006247,282.6036385704919,1636.817931442805,77.90542021537253,484.23158198916457,-17.040101214835175,87.2468327645078
filtered_QD161095_segment_5.wav,PSW,1423,1532,0.009886621315192743,355.40041966699283,2565.560947810631,-7.823164448882566,284.0596078626332,2.954457481041226,237.2900029945759,9.982020565717246,62.620676530215654
filtered_QD161095_segment_5.wav,PSW,1674,1738,0.005804988662131519,3291.519628717969,778.9520340705212,-39.93270089845521,187.15887570499822,-18.203554263863776,114.13124051191282,-0.8100993040958612,44.51252669698444
filtered_QD161095_segment_5.wav,PSW,1730,1839,0.009886621315192743,3892.401776997561,1470.8205685285845,6.479586052846632,111.76222911271996,0.299794708860591,79.76106264449744,4.194248679652068,52.370279020531626
filtered_QD161095_segment_5.wav,PSW,2097,2195,0.008888888888888889,984.3168093292794,1971.5216105345316,39.14410524538166,275.07651770221554,-6.420619555415317,92.92676976842044,2.8971474235498706,43.2980907194072
filtered_QD161095_segment_5.wav,PSW,2281,2386,0.009523809523809525,3802.261006584397,1777.0212517979405,12.695051953655486,341.09258263162985,-15.9475191064908,101.22328480048806,5.855362768996544,40.742290048573324
filtered_QD161095_segment_5.wav,PSW,2768,2850,0.007437641723356009,3294.538204498226,3359.8229238809045,91.3539116772111,1453.1816239897782,-63.2936343213179,475.8670461794962,-15.158467969316696,184.91753733108328
filtered_QD161095_segment_5.wav,PSW,2899,2966,0.006077097505668934,3170.258439113311,2560.0725692833694,-0.21318144590982513,104.50880559658967,-3.6523713534352074,81.11172855477395,1.63687420564607,38.50951487433945
filtered_QD161095_segment_5.wav,PSW,3086,3169,0.007528344671201814,4521.37878484085,3224.595788104984,154.54626241924188,631.783552902602,38.550886050768995,311.86168034016237,10.916041065725608,79.14106497928702
filtered_QD161095_segment_5.wav,Fibrillation,3079,3135,0.005079365079365079,5348.316003301641,2950.8408287480233,-39.80111531724088,1319.5019953267974,-12.42022299468786,494.0686508691223,-3.8802866752788256,106.34715074912351
filtered_QD161095_segment_5.wav,Fibrillation,3902,3956,0.004897959183673469,1811.3329830270368,1143.1846453603566,136.34823558011044,1080.4822124593168,-13.762355700298539,642.4032308464323,0.0,0.0
filtered_QD161095_segment_5.wav,Fibrillation,4026,4097,0.006439909297052154,9293.440312187857,1402.5368424835299,-69.0180284112459,1125.3225612699518,-53.20828123816205,964.8525840114509,10.131231137302935,423.65550513004194
filtered_QD161095_segment_5.wav,Fibrillation,7366,7430,0.005804988662131519,1795.449676247004,1169.6458255217892,-201.52176463698385,995.4725799124808,-70.5028570427614,608.3343993684264,-9.08387416659479,95.17886221866625
filtered_QD161095_segment_5.wav,Fibrillation,6486,6526,0.0036281179138321997,-2269.040277325794,1410.3860111913673,203.91218427484725,1233.5746625517966,-50.371780395204695,351.50348650334166,0.0,0.0
filtered_QD161095_segment_5.wav,Fibrillation,6254,6295,0.0037188208616780044,-2702.281454881528,1603.7586070333048,-108.36934127273645,770.7353402437088,33.14640105078797,218.88239303301611,0.0,0.0
filtered_QD161095_segment_5.wav,PSW,5908,5966,0.00526077097505669,-1603.3841561375884,1414.7935585081484,-33.36391506737663,379.44829326033727,-14.562904353908772,134.0425749542004,-7.22043137606924,41.994863144231644
filtered_QD161095_segment_5.wav,PSW,6799,6865,0.00598639455782313,-1963.087452699924,1633.2905321722938,29.575400546126446,206.28081926727634,-24.368332336598414,74.59011576496025,-2.1690831673650868,42.89342978776691
filtered_QD161095_segment_5.wav,PSW,6865,6896,0.0028117913832199546,-1100.6755567796515,827.9358855013165,-14.124044907074095,48.34846780497559,8.192655864895341,53.41086686158879,0.0,0.0
filtered_QD161095_segment_5.wav,PSW,6881,6932,0.004625850340136055,-721.5105899939467,1482.2266883268876,-5.3057216373577365,62.12143917234169,-4.762063763880972,47.17775144381444,0.0,0.0
filtered_QD161095_segment_5.wav,PSW,7147,7250,0.009342403628117914,655.1877771377233,1964.459585992693,-11.387115793943735,209.17404677443508,11.851123532230664,94.34317331178255,7.575351909531047,43.13855981166761
filtered_QD161095_segment_5.wav,PSW,7552,7584,0.0029024943310657597,1028.725275658577,1187.9415755723621,-20.211045100505544,278.83929446605885,2.6938489656473728,72.622281300484,0.0,0.0
filtered_QD161095_segment_5.wav,PSW,9365,9424,0.005351473922902495,3274.212717658738,1559.4050948548268,-41.73766054737023,458.0390180879988,13.790694003885857,79.76339704297888,6.640527736063543,34.827101645605644
filtered_QD161095_segment_5.wav,PSW,8735,8805,0.006349206349206349,1632.6342380816338,1339.9669431268785,-15.676139690870873,240.61484044344385,-17.359842483658767,61.692772223650465,-0.7820509264698479,39.99643428895753
filtered_QD161095_segment_5.wav,PSW,9102,9170,0.006167800453514739,1776.4133805787108,1558.5390240552767,-30.51466385019805,206.5168116485141,14.39270993234398,74.47945500089793,5.295485488439527,39.7364860220511
filtered_QD161095_segment_5.wav,PSW,9179,9243,0.005804988662131519,1982.979395990037,1321.9333332917806,-24.877858555846252,95.40771774924582,0.06988940368075024,97.06880670507921,2.110621238459542,43.21306148594234
filtered_QD161095_segment_5.wav,Fibrillation,9306,9346,0.0036281179138321997,1221.7487830919488,1780.879201183036,-70.95259841296976,348.1479121322973,1.0090557296680258,288.91939474224773,0.0,0.0
filtered_QD161095_segment_5.wav,PSW,5329,5404,0.006802721088435374,-2302.1149762794507,5236.390239319906,187.34213336561967,1067.6269463436195,-5.373719436181664,433.8882047509828,2.8933026673904965,72.1297377412324
filtered_QD161095_segment_5.wav,Fibrillation,5413,5460,0.004263038548752834,502.68283161925973,1388.2442162923694,-83.42315266305587,666.8340557935296,-12.426782650864093,175.9535117139864,0.0,0.0
filtered_QD161095_segment_5.wav,PSW,8484,8589,0.009523809523809525,1360.1058492327982,2008.3022095459828,-96.31607540082045,558.6255552674402,27.643892917354414,159.71598566056534,-3.1629439558637045,60.00443107040668
filtered_QD161095_segment_5.wav,PSW,10095,10177,0.007437641723356009,5460.757919883303,1428.6974327189916,-7.926979847347397,186.666647183488,9.064427193625042,88.84716754440473,1.3616443433371521,38.02808268937386
filtered_QD161095_segment_5.wav,PSW,10177,10301,0.011247165532879818,9194.020357895068,2137.6808609030386,70.7274488398233,412.271953698236,-13.100351738566186,221.1096451217659,-14.5272173160351,96.55027491763462
filtered_QD161095_segment_5.wav,PSW,10604,10717,0.010249433106575964,7350.797686228603,1392.5215702010732,-69.83281695216002,677.3153978643795,14.620678355096882,137.11071592136852,1.5609871034812424,71.88357093748037
filtered_QD161095_segment_5.wav,PSW,10773,10881,0.009795918367346938,5230.323247068251,1305.3659211509398,73.64174444614655,636.2975040029204,-13.431240147841013,75.90256437762233,-2.5939785882531634,39.64438757452429
filtered_QD161095_segment_5.wav,PSW,9922,9956,0.0030839002267573695,1229.6161478712488,1063.0115183284045,42.47872363065149,163.94268590137688,-6.728435738913738,50.32418551013824,0.0,0.0
filtered_QD161095_segment_5.wav,PSW,9956,10039,0.007528344671201814,4211.978589884016,2160.9227779525604,7.478645078025988,200.66761211862178,0.6498090511435973,300.57437426474183,5.7248346863610475,106.75821688866932
filtered_QD161095_segment_5.wav,PSW,4877,4933,0.005079365079365079,1345.1459629833766,1892.0912600564136,28.147167539175317,130.83758791349155,-7.839710166798948,63.13224237955305,-6.219643588222227,57.00470400657639
filtered_QD161095_segment_5.wav,PSW,5079,5154,0.006802721088435374,3382.9193149049547,1247.603339398045,24.131492044452468,119.82832335454177,-7.965407261371386,96.42399761818626,2.389309442384288,47.48496568346245
filtered_QD161095_segment_5.wav,PSW,4146,4236,0.00816326530612245,6464.849599841196,1961.8095162977002,-38.234970988534904,186.01395739586306,3.6910709189958135,50.68028605251268,4.736029335656801,37.1112754847062
filtered_QD161095_segment_5.wav,PSW,3378,3446,0.006167800453514739,2299.7237407859243,1321.6781682848518,23.259242231542885,58.7459495886878,7.532222564153133,80.77215368831129,-4.717510110380732,41.041491257816205
filtered_QD161095_segment_5.wav,PSW,8232,8290,0.00526077097505669,512.3755990449498,4307.994808335308,-255.034112142785,758.4634697308223,-106.77928428055638,454.8158299105381,18.069967504285565,176.96217012335046
filtered_QD161095_segment_5.wav,Fibrillation,3327,3378,0.004625850340136055,2885.624125714612,1812.14472822647,-94.6907841810299,607.6372398270889,-28.770755820371,93.83952005376149,0.0,0.0
filtered_QD161095_segment_5.wav,PSW,2387,2453,0.00598639455782313,4239.415085994263,4375.604465079478,32.88679667073545,828.559803696835,-45.40074417702186,234.35257186485768,-8.451540741438082,69.23759380765858
filtered_QD161095_segment_5.wav,PSW,9457,9532,0.006802721088435374,6066.0024195885935,933.5487684064827,36.58306727019999,129.97666831471784,4.287528586861668,57.47967013543685,4.011697402527592,41.11208974277085
filtered_QD161095_segment_5.wav,PSW,4799,4869,0.006349206349206349,-39.830050682712034,1278.488718409328,-121.84841937702579,358.74030805717854,-6.104465004073976,211.20201382645357,3.5918903477879405,48.63611922410829
filtered_QD161095_segment_5.wav,PSW,4757,4807,0.0045351473922902496,-260.03096277076764,528.4511041413859,-2.9495484728487984,72.10241206830582,4.645283877335563,33.695208902178514,0.0,0.0
filtered_QD161095_segment_5.wav,PSW,6515,6580,0.0058956916099773245,-3010.6411002347063,1444.2294073594392,123.17979650830317,289.39840505245337,-45.83049428166267,263.26962800345973,8.432858542259419,74.74672488660924
filtered_QD161095_segment_5.wav,PSW,649,704,0.004988662131519274,-396.2633455895979,2632.1734983429988,-18.070536181113226,124.64328487225242,2.4597145697882246,48.07509070056528,0.0,0.0
filtered_QD161095_segment_5.wav,PSW,3911,3956,0.004081632653061225,1837.5203674332922,1456.027858890872,-283.33267646295747,1124.0604724485736,10.274148647058656,351.6680056842563,0.0,0.0
filtered_QD161095_segment_5.wav,PSW,988,1056,0.006167800453514739,1130.3567640067308,1553.0210550584272,3.8826945945603746,243.60120804661025,-7.961151565082013,113.40182865920936,6.427614776051777,37.39058223301237
filtered_QD161095_segment_5.wav,PSW,7289,7369,0.0072562358276643995,1505.6891098352714,867.9909614466989,20.54791569542102,96.85903184810176,-4.212743438567874,124.85588711138092,12.820310847339897,42.61740362732833
filtered_QD161095_segment_5.wav,PSW,1246,1303,0.0051700680272108845,-1663.999275410595,781.3568520419904,-131.15343031834024,548.4733251556981,56.96445237180204,206.45602658071996,3.885446756773213,49.352067649955195
